attempt	budget	holdout_cover_max_after	holdout_cover_max_before	holdout_cover_max_incremental_reduction	holdout_cover_mean_after	holdout_cover_mean_before	holdout_cover_mean_incremental_reduction	holdout_cover_q90_after	holdout_cover_q90_before	holdout_cover_q90_incremental_reduction	policy	population	seed	side_count	step	train_cover_max_after	train_cover_max_before	train_cover_max_incremental_reduction	train_cover_mean_after	train_cover_mean_before	train_cover_mean_incremental_reduction	train_cover_q90_after	train_cover_q90_before	train_cover_q90_incremental_reduction	view	witness_id
0	1	19.894991910069173	19.894991910069173	0.0	1.2110932787841615	1.4622834284402042	0.2511901496560427	1.3489297380190206	1.679357345858421	0.3304276078394004	passive_coreset	regular-mutation[steps=4,scale=0.03]	20260718	4	1	5.333585781348043	5.333585781348043	0.0	0.8630512497873732	1.169133557584724	0.3060823077973507	1.3121821567495093	1.750074436672289	0.43789227992277957	frame_geometry	witness-0378c96bf01889a674db
0	1	0.620565170514148	0.620565170514148	0.0	0.20178230194177874	0.2866783821620545	0.08489608022027575	0.3536314715149151	0.36701092755312476	0.01337945603820967	passive_coreset	regular-mutation[steps=4,scale=0.03]	20260718	4	1	0.5765183169296686	0.5765183169296686	0.0	0.18898905876182906	0.27512924711364184	0.08614018835181278	0.38828077825556295	0.38828077825556295	0.0	chord_invariant	witness-0378c96bf01889a674db
0	2	19.894991910069173	19.894991910069173	0.0	1.0039528670909255	1.2110932787841615	0.20714041169323605	1.3489297380190206	1.3489297380190206	0.0	passive_coreset	repulsive-gap[regular]	20260718	4	2	5.333585781348043	5.333585781348043	0.0	0.6845895507735388	0.8630512497873732	0.17846169901383446	1.3121821567495093	1.3121821567495093	0.0	frame_geometry	witness-046db571eed7a4adbac2
0	2	0.620565170514148	0.620565170514148	0.0	0.1934725474036804	0.20178230194177874	0.008309754538098346	0.3536314715149151	0.3536314715149151	0.0	passive_coreset	repulsive-gap[regular]	20260718	4	2	0.5765183169296686	0.5765183169296686	0.0	0.1814018915748697	0.18898905876182906	0.00758716718695937	0.38828077825556295	0.38828077825556295	0.0	chord_invariant	witness-046db571eed7a4adbac2
5	3	19.894991910069173	19.894991910069173	0.0	1.002892770060723	1.0039528670909255	0.0010600970302023782	1.3489297380190206	1.3489297380190206	0.0	passive_coreset	primal-hull-uniform-disk[points=n+4,origin=interior]	20260718	4	3	5.333585781348043	5.333585781348043	0.0	0.6703473558549562	0.6845895507735388	0.014242194918582585	1.3121821567495093	1.3121821567495093	0.0	frame_geometry	witness-0949f5a76cba31cece54
5	3	0.620565170514148	0.620565170514148	0.0	0.18974385285840936	0.1934725474036804	0.0037286945452710274	0.351806369633846	0.3536314715149151	0.0018251018810691022	passive_coreset	primal-hull-uniform-disk[points=n+4,origin=interior]	20260718	4	3	0.5765183169296686	0.5765183169296686	0.0	0.16968468537621212	0.1814018915748697	0.01171720619865757	0.3513274549085981	0.38828077825556295	0.03695332334696483	chord_invariant	witness-0949f5a76cba31cece54
18	4	19.894991910069173	19.894991910069173	0.0	0.9900820650042764	1.002892770060723	0.012810705056446658	1.3266228897672039	1.3489297380190206	0.022306848251816724	passive_coreset	primal-hull-uniform-disk[points=n+4,origin=interior]	20260718	4	4	5.333585781348043	5.333585781348043	0.0	0.6599812530705109	0.6703473558549562	0.010366102784445275	1.3121821567495093	1.3121821567495093	0.0	frame_geometry	witness-0a619c31fb7b26f4fbaf
18	4	0.620565170514148	0.620565170514148	0.0	0.1855692972191167	0.18974385285840936	0.004174555639292671	0.3142891220507981	0.351806369633846	0.037517247583047864	passive_coreset	primal-hull-uniform-disk[points=n+4,origin=interior]	20260718	4	4	0.5765183169296686	0.5765183169296686	0.0	0.16420698357585908	0.16968468537621212	0.005477701800353035	0.31502974216571056	0.3513274549085981	0.03629771274288757	chord_invariant	witness-0a619c31fb7b26f4fbaf
1	5	19.15003979269084	19.894991910069173	0.7449521173783324	0.9449729500191912	0.9900820650042764	0.045109114985085186	1.3266228897672039	1.3266228897672039	0.0	passive_coreset	repulsive-gap[alpha=1]	20260718	4	5	4.987382090303842	5.333585781348043	0.34620369104420146	0.6024862293265116	0.6599812530705109	0.057495023743999285	1.1885127356330663	1.3121821567495093	0.12366942111644308	frame_geometry	witness-12389bbefd0a35d8fa47
1	5	0.620565170514148	0.620565170514148	0.0	0.1836539352883878	0.1855692972191167	0.0019153619307288872	0.3142891220507981	0.3142891220507981	0.0	passive_coreset	repulsive-gap[alpha=1]	20260718	4	5	0.5765183169296686	0.5765183169296686	0.0	0.1629246490812028	0.16420698357585908	0.0012823344946562842	0.31502974216571056	0.31502974216571056	0.0	chord_invariant	witness-12389bbefd0a35d8fa47
0	6	19.15003979269084	19.15003979269084	0.0	0.905333298672612	0.9449729500191912	0.03963965134657921	1.2418615934405945	1.3266228897672039	0.08476129632660934	passive_coreset	repulsive-gap[alpha=16]	20260718	4	6	4.987382090303842	4.987382090303842	0.0	0.5665705449304841	0.6024862293265116	0.03591568439602755	1.1885127356330663	1.1885127356330663	0.0	frame_geometry	witness-12857cd483add39a5ab2
0	6	0.620565170514148	0.620565170514148	0.0	0.18027351973200267	0.1836539352883878	0.00338041555638513	0.3142891220507981	0.3142891220507981	0.0	passive_coreset	repulsive-gap[alpha=16]	20260718	4	6	0.5765183169296686	0.5765183169296686	0.0	0.15829469283041292	0.1629246490812028	0.0046299562507898795	0.31502974216571056	0.31502974216571056	0.0	chord_invariant	witness-12857cd483add39a5ab2
0	7	19.15003979269084	19.15003979269084	0.0	0.9053332986726119	0.905333298672612	1.1102230246251565e-16	1.2418615934405945	1.2418615934405945	0.0	passive_coreset	repulsive-gap[regular]	20260718	4	7	4.987382090303842	4.987382090303842	0.0	0.5665705449304841	0.5665705449304841	0.0	1.1885127356330663	1.1885127356330663	0.0	frame_geometry	witness-12f972f288a97a655ce6
0	7	0.620565170514148	0.620565170514148	0.0	0.18027351973200267	0.18027351973200267	0.0	0.3142891220507981	0.3142891220507981	0.0	passive_coreset	repulsive-gap[regular]	20260718	4	7	0.5765183169296686	0.5765183169296686	0.0	0.1582946928304129	0.15829469283041292	2.7755575615628914e-17	0.31502974216571056	0.31502974216571056	0.0	chord_invariant	witness-12f972f288a97a655ce6
0	8	19.15003979269084	19.15003979269084	0.0	0.8907797020808452	0.9053332986726119	0.014553596591766693	1.166499852242379	1.2418615934405945	0.07536174119821548	passive_coreset	repulsive-gap[alpha=4]	20260718	4	8	4.987382090303842	4.987382090303842	0.0	0.5351109023477358	0.5665705449304841	0.03145964258274825	1.0887070293208385	1.1885127356330663	0.09980570631222774	frame_geometry	witness-1587fa71c773fcaeaaa1
0	8	0.620565170514148	0.620565170514148	0.0	0.17249978537194197	0.18027351973200267	0.007773734360060708	0.3117998251170323	0.3142891220507981	0.0024892969337658166	passive_coreset	repulsive-gap[alpha=4]	20260718	4	8	0.5765183169296686	0.5765183169296686	0.0	0.14768313976196307	0.1582946928304129	0.010611553068449825	0.2854946929372988	0.31502974216571056	0.02953504922841177	chord_invariant	witness-1587fa71c773fcaeaaa1
0	9	19.15003979269084	19.15003979269084	0.0	0.8865302546824684	0.8907797020808452	0.004249447398376849	1.166499852242379	1.166499852242379	0.0	passive_coreset	repulsive-gap[alpha=4]	20260718	4	9	4.987382090303842	4.987382090303842	0.0	0.5272859949799794	0.5351109023477358	0.007824907367756428	1.0829473739368995	1.0887070293208385	0.005759655383938966	frame_geometry	witness-1613ed17a391668f1351
0	9	0.620565170514148	0.620565170514148	0.0	0.16873472776009507	0.17249978537194197	0.003765057611846895	0.30291212514872956	0.3117998251170323	0.008887699968302742	passive_coreset	repulsive-gap[alpha=4]	20260718	4	9	0.5765183169296686	0.5765183169296686	0.0	0.14161861329183226	0.14768313976196307	0.00606452647013081	0.27585286184321334	0.2854946929372988	0.009641831094085451	chord_invariant	witness-1613ed17a391668f1351
0	10	19.15003979269084	19.15003979269084	0.0	0.8792846782636997	0.8865302546824684	0.007245576418768662	1.0797763087767889	1.166499852242379	0.08672354346559019	passive_coreset	repulsive-gap[alpha=1]	20260718	4	10	4.987382090303842	4.987382090303842	0.0	0.5131972395339826	0.5272859949799794	0.014088755445996859	1.0829473739368995	1.0829473739368995	0.0	frame_geometry	witness-1642d00a9734dff210a8
0	10	0.620565170514148	0.620565170514148	0.0	0.16873472776009507	0.16873472776009507	0.0	0.30291212514872956	0.30291212514872956	0.0	passive_coreset	repulsive-gap[alpha=1]	20260718	4	10	0.5765183169296686	0.5765183169296686	0.0	0.1396473660774725	0.14161861329183226	0.0019712472143597615	0.27585286184321334	0.27585286184321334	0.0	chord_invariant	witness-1642d00a9734dff210a8
0	11	16.738416942906888	19.15003979269084	2.411622849783953	0.8505748824329383	0.8792846782636997	0.028709795830761387	1.0797763087767889	1.0797763087767889	0.0	passive_coreset	zonogon[lengths=uniform(0.5,1.5)]	20260718	4	11	2.3968365668244407	4.987382090303842	2.5905455234794013	0.44633593204012256	0.5131972395339826	0.06686130749385999	1.0313730967513906	1.0829473739368995	0.051574277185509	frame_geometry	witness-16f5a1109a12b08293f6
0	11	0.39419810513391246	0.620565170514148	0.2263670653802355	0.1595477643779303	0.16873472776009507	0.009186963382164764	0.2892884451547712	0.30291212514872956	0.01362367999395836	passive_coreset	zonogon[lengths=uniform(0.5,1.5)]	20260718	4	11	0.4089605441306378	0.5765183169296686	0.16755777279903078	0.130310981507266	0.1396473660774725	0.009336384570206496	0.27574863942739786	0.27585286184321334	0.00010422241581548031	chord_invariant	witness-16f5a1109a12b08293f6
0	12	16.738416942906888	16.738416942906888	0.0	0.8363816329308856	0.8505748824329383	0.014193249502052696	1.0565873931589636	1.0797763087767889	0.023188915617825323	passive_coreset	primal-hull-uniform-disk[points=n+4,origin=interior]	20260718	4	12	2.3968365668244407	2.3968365668244407	0.0	0.4380481140004137	0.44633593204012256	0.00828781803970885	1.0313730967513906	1.0313730967513906	0.0	frame_geometry	witness-184d6f32dc020db16125
0	12	0.39419810513391246	0.39419810513391246	0.0	0.15439581917736755	0.1595477643779303	0.005151945200562752	0.27367392533063145	0.2892884451547712	0.01561451982413975	passive_coreset	primal-hull-uniform-disk[points=n+4,origin=interior]	20260718	4	12	0.3478875612735133	0.4089605441306378	0.061072982857124536	0.12354183801028995	0.130310981507266	0.006769143496976049	0.26012823532724705	0.27574863942739786	0.015620404100150809	chord_invariant	witness-184d6f32dc020db16125
0	13	16.738416942906888	16.738416942906888	0.0	0.8206584484272555	0.8363816329308856	0.015723184503630083	1.013497333544143	1.0565873931589636	0.043090059614820486	passive_coreset	repulsive-gap[alpha=1]	20260718	4	13	2.3968365668244407	2.3968365668244407	0.0	0.41736114612910413	0.4380481140004137	0.02068696787130958	1.001421260545029	1.0313730967513906	0.02995183620636155	frame_geometry	witness-1ebfbc49342eece92c2b
0	13	0.39419810513391246	0.39419810513391246	0.0	0.14028644518143155	0.15439581917736755	0.014109373995936009	0.2671965705974194	0.27367392533063145	0.006477354733212037	passive_coreset	repulsive-gap[alpha=1]	20260718	4	13	0.3478875612735133	0.3478875612735133	0.0	0.11117894871509995	0.12354183801028995	0.01236288929519	0.25502244435168614	0.26012823532724705	0.005105790975560909	chord_invariant	witness-1ebfbc49342eece92c2b
1	14	16.738416942906888	16.738416942906888	0.0	0.8142009666957764	0.8206584484272555	0.006457481731479198	1.013497333544143	1.013497333544143	0.0	passive_coreset	primal-hull-uniform-disk[points=n+4,origin=interior]	20260718	4	14	2.3968365668244407	2.3968365668244407	0.0	0.40663678115273144	0.41736114612910413	0.010724364976372691	0.9073969018775798	1.001421260545029	0.09402435866744918	frame_geometry	witness-21a5150799818b325618
1	14	0.39419810513391246	0.39419810513391246	0.0	0.13912679175995477	0.14028644518143155	0.0011596534214767806	0.2671965705974194	0.2671965705974194	0.0	passive_coreset	primal-hull-uniform-disk[points=n+4,origin=interior]	20260718	4	14	0.3478875612735133	0.3478875612735133	0.0	0.10939166722445383	0.11117894871509995	0.0017872814906461226	0.25502244435168614	0.25502244435168614	0.0	chord_invariant	witness-21a5150799818b325618
0	15	16.738416942906888	16.738416942906888	0.0	0.8041257493142527	0.8142009666957764	0.010075217381523616	1.013497333544143	1.013497333544143	0.0	passive_coreset	repulsive-gap[alpha=4]	20260718	4	15	2.3968365668244407	2.3968365668244407	0.0	0.3908014208410258	0.40663678115273144	0.015835360311705626	0.9073969018775798	0.9073969018775798	0.0	frame_geometry	witness-2808b6cc64e1113ae258
0	15	0.39419810513391246	0.39419810513391246	0.0	0.13723329613514876	0.13912679175995477	0.0018934956248060075	0.2671965705974194	0.2671965705974194	0.0	passive_coreset	repulsive-gap[alpha=4]	20260718	4	15	0.3478875612735133	0.3478875612735133	0.0	0.10745531515534804	0.10939166722445383	0.0019363520691057928	0.25502244435168614	0.25502244435168614	0.0	chord_invariant	witness-2808b6cc64e1113ae258
0	16	16.738416942906888	16.738416942906888	0.0	0.8038697220053802	0.8041257493142527	0.00025602730887253067	1.013497333544143	1.013497333544143	0.0	passive_coreset	regular-mutation[steps=4,scale=0.03]	20260718	4	16	2.3968365668244407	2.3968365668244407	0.0	0.38951771712713773	0.3908014208410258	0.0012837037138880847	0.9069888958386089	0.9073969018775798	0.0004080060389709539	frame_geometry	witness-2b5cfbfd5a72e1c65e3f
0	16	0.39419810513391246	0.39419810513391246	0.0	0.13567731696037336	0.13723329613514876	0.0015559791747754015	0.2671965705974194	0.2671965705974194	0.0	passive_coreset	regular-mutation[steps=4,scale=0.03]	20260718	4	16	0.3478875612735133	0.3478875612735133	0.0	0.1059764442094233	0.10745531515534804	0.0014788709459247346	0.25502244435168614	0.25502244435168614	0.0	chord_invariant	witness-2b5cfbfd5a72e1c65e3f
0	17	16.738416942906888	16.738416942906888	0.0	0.8014493367853581	0.8038697220053802	0.002420385220022081	1.013497333544143	1.013497333544143	0.0	passive_coreset	regular-mutation[steps=4,scale=0.03]	20260718	4	17	2.3968365668244407	2.3968365668244407	0.0	0.3871917023884491	0.38951771712713773	0.002326014738688653	0.9069888958386089	0.9069888958386089	0.0	frame_geometry	witness-312fb53fb78544d2a674
0	17	0.39419810513391246	0.39419810513391246	0.0	0.13471259472969457	0.13567731696037336	0.0009647222306787828	0.2671965705974194	0.2671965705974194	0.0	passive_coreset	regular-mutation[steps=4,scale=0.03]	20260718	4	17	0.3478875612735133	0.3478875612735133	0.0	0.10399453903214932	0.1059764442094233	0.0019819051772739793	0.25502244435168614	0.25502244435168614	0.0	chord_invariant	witness-312fb53fb78544d2a674
0	18	16.738416942906888	16.738416942906888	0.0	0.8014493367853581	0.8014493367853581	0.0	1.013497333544143	1.013497333544143	0.0	passive_coreset	repulsive-gap[alpha=1]	20260718	4	18	2.3968365668244407	2.3968365668244407	0.0	0.3722944604276598	0.3871917023884491	0.014897241960789287	0.8841342194532728	0.9069888958386089	0.022854676385336115	frame_geometry	witness-326d8bda5ef09ae4d5ef
0	18	0.30626228730863314	0.39419810513391246	0.08793581782527932	0.13056091705006506	0.13471259472969457	0.004151677679629512	0.2558808506014208	0.2671965705974194	0.011315719995998619	passive_coreset	repulsive-gap[alpha=1]	20260718	4	18	0.3448554603355695	0.3478875612735133	0.0030321009379437602	0.09863747844408696	0.10399453903214932	0.0053570605880623595	0.23256858982235393	0.25502244435168614	0.022453854529332212	chord_invariant	witness-326d8bda5ef09ae4d5ef
0	19	16.738416942906888	16.738416942906888	0.0	0.7977967518453648	0.8014493367853581	0.0036525849399933197	0.9628228391606544	1.013497333544143	0.0506744943834887	passive_coreset	repulsive-gap[alpha=1]	20260718	4	19	2.3968365668244407	2.3968365668244407	0.0	0.3541537625913033	0.3722944604276598	0.018140697836356467	0.8342301373849503	0.8841342194532728	0.04990408206832242	frame_geometry	witness-374f387ea51d9e4818a3
0	19	0.30626228730863314	0.30626228730863314	0.0	0.13052971252038903	0.13056091705006506	3.1204529676032156e-05	0.2558808506014208	0.2558808506014208	0.0	passive_coreset	repulsive-gap[alpha=1]	20260718	4	19	0.3448554603355695	0.3448554603355695	0.0	0.09606787652464269	0.09863747844408696	0.0025696019194442754	0.2288602189335501	0.23256858982235393	0.0037083708888038247	chord_invariant	witness-374f387ea51d9e4818a3
0	20	16.738416942906888	16.738416942906888	0.0	0.7977967518453646	0.7977967518453648	2.220446049250313e-16	0.9628228391606544	0.9628228391606544	0.0	passive_coreset	repulsive-gap[regular]	20260718	4	20	2.3968365668244407	2.3968365668244407	0.0	0.3541537625913033	0.3541537625913033	0.0	0.8342301373849503	0.8342301373849503	0.0	frame_geometry	witness-3bc4e603a1afa7e4b1e2
0	20	0.30626228730863314	0.30626228730863314	0.0	0.130529712520389	0.13052971252038903	2.7755575615628914e-17	0.2558808506014208	0.2558808506014208	0.0	passive_coreset	repulsive-gap[regular]	20260718	4	20	0.3448554603355695	0.3448554603355695	0.0	0.09606787652464267	0.09606787652464269	1.3877787807814457e-17	0.2288602189335501	0.2288602189335501	0.0	chord_invariant	witness-3bc4e603a1afa7e4b1e2
0	21	16.738416942906888	16.738416942906888	0.0	0.7949644707931175	0.7977967518453646	0.0028322810522470876	0.9628228391606544	0.9628228391606544	0.0	passive_coreset	repulsive-gap[alpha=1]	20260718	4	21	2.3968365668244407	2.3968365668244407	0.0	0.35026732189744314	0.3541537625913033	0.0038864406938601825	0.8195488592362812	0.8342301373849503	0.014681278148669152	frame_geometry	witness-3d04c82c16505f6b8acd
0	21	0.30626228730863314	0.30626228730863314	0.0	0.1261384073173781	0.130529712520389	0.004391305203010898	0.2558808506014208	0.2558808506014208	0.0	passive_coreset	repulsive-gap[alpha=1]	20260718	4	21	0.3448554603355695	0.3448554603355695	0.0	0.08936168807683645	0.09606787652464267	0.0067061884478062245	0.2288602189335501	0.2288602189335501	0.0	chord_invariant	witness-3d04c82c16505f6b8acd
0	22	16.738416942906888	16.738416942906888	0.0	0.7940188856310897	0.7949644707931175	0.0009455851620278066	0.9628228391606544	0.9628228391606544	0.0	passive_coreset	repulsive-gap[alpha=16]	20260718	4	22	2.3968365668244407	2.3968365668244407	0.0	0.348135524630019	0.35026732189744314	0.0021317972674241292	0.8195488592362812	0.8195488592362812	0.0	frame_geometry	witness-42e25482d62626f1e761
0	22	0.30626228730863314	0.30626228730863314	0.0	0.1248152813036083	0.1261384073173781	0.0013231260137697987	0.2558808506014208	0.2558808506014208	0.0	passive_coreset	repulsive-gap[alpha=16]	20260718	4	22	0.3448554603355695	0.3448554603355695	0.0	0.0881894421095877	0.08936168807683645	0.0011722459672487417	0.2288602189335501	0.2288602189335501	0.0	chord_invariant	witness-42e25482d62626f1e761
0	23	16.738416942906888	16.738416942906888	0.0	0.7907905561210035	0.7940188856310897	0.0032283295100862253	0.9628228391606544	0.9628228391606544	0.0	passive_coreset	zonogon[lengths=uniform(0.5,1.5)]	20260718	4	23	2.3968365668244407	2.3968365668244407	0.0	0.34223604642470185	0.348135524630019	0.005899478205317166	0.8195488592362812	0.8195488592362812	0.0	frame_geometry	witness-45c02aa95fb97d398f3c
0	23	0.30396929714998794	0.30626228730863314	0.002292990158645203	0.12106528352943723	0.1248152813036083	0.0037499977741710794	0.24701146351361516	0.2558808506014208	0.00886938708780563	passive_coreset	zonogon[lengths=uniform(0.5,1.5)]	20260718	4	23	0.3448554603355695	0.3448554603355695	0.0	0.08187074922634344	0.0881894421095877	0.00631869288324427	0.19789780363324705	0.2288602189335501	0.030962415300303053	chord_invariant	witness-45c02aa95fb97d398f3c
24	24	16.738416942906888	16.738416942906888	0.0	0.7907905561210035	0.7907905561210035	0.0	0.9628228391606544	0.9628228391606544	0.0	passive_coreset	primal-hull-uniform-disk[points=n+4,origin=interior]	20260718	4	24	2.3968365668244407	2.3968365668244407	0.0	0.337916519953513	0.34223604642470185	0.004319526471188828	0.8195488592362812	0.8195488592362812	0.0	frame_geometry	witness-464c37020ee71431acb2
24	24	0.30396929714998794	0.30396929714998794	0.0	0.11889248922355924	0.12106528352943723	0.0021727943058779814	0.23611508612054402	0.24701146351361516	0.010896377393071144	passive_coreset	primal-hull-uniform-disk[points=n+4,origin=interior]	20260718	4	24	0.3448554603355695	0.3448554603355695	0.0	0.07723737206962022	0.08187074922634344	0.004633377156723212	0.18419697652532108	0.19789780363324705	0.013700827107925972	chord_invariant	witness-464c37020ee71431acb2
0	1	14.774600117466735	19.894991910069173	5.1203917926024385	1.394039853950836	1.4622834284402042	0.06824357448936813	1.679357345858421	1.679357345858421	0.0	offline_greedy_max	zonogon[lengths=uniform(0.5,1.5)]	20260718	4	1	2.8201370743698035	5.333585781348043	2.51344870697824	1.0985091664925573	1.169133557584724	0.07062439109216667	1.7386025833407055	1.750074436672289	0.011471853331583404	frame_geometry	witness-6090705a3df52b35bb45
0	1	0.4163973766037662	0.620565170514148	0.20416779391038176	0.27495743409935774	0.2866783821620545	0.011720948062696745	0.36701092755312464	0.36701092755312476	1.1102230246251565e-16	offline_greedy_max	zonogon[lengths=uniform(0.5,1.5)]	20260718	4	1	0.4648381437912388	0.5765183169296686	0.11168017313842982	0.2665797863053406	0.27512924711364184	0.008549460808301212	0.3674008198843849	0.38828077825556295	0.020879958371178065	chord_invariant	witness-6090705a3df52b35bb45
1	2	14.774600117466735	14.774600117466735	0.0	1.354804100668406	1.394039853950836	0.03923575328243012	1.679357345858421	1.679357345858421	0.0	offline_greedy_max	current-baseline[delta=0.2]	20260718	4	2	2.3968365668244407	2.8201370743698035	0.42330050754536286	1.0404626365643654	1.0985091664925573	0.058046529928191815	1.718301065261756	1.7386025833407055	0.02030151807894942	frame_geometry	witness-b5fb2d2a4def5142073c
1	2	0.4163973766037662	0.4163973766037662	0.0	0.2714289865086911	0.27495743409935774	0.0035284475906666724	0.36701092755312464	0.36701092755312464	0.0	offline_greedy_max	current-baseline[delta=0.2]	20260718	4	2	0.4648381437912388	0.4648381437912388	0.0	0.26473899248988114	0.2665797863053406	0.001840793815459485	0.3674008198843849	0.3674008198843849	0.0	chord_invariant	witness-b5fb2d2a4def5142073c
0	3	14.774600117466735	14.774600117466735	0.0	1.354804100668406	1.354804100668406	0.0	1.679357345858421	1.679357345858421	0.0	offline_greedy_max	zonogon[lengths=uniform(0.5,1.5)]	20260718	4	3	2.142099425527417	2.3968365668244407	0.25473714129702385	1.0144100651858392	1.0404626365643654	0.026052571378526235	1.7168176966463793	1.718301065261756	0.00148336861537679	frame_geometry	witness-16f5a1109a12b08293f6
0	3	0.4163973766037662	0.4163973766037662	0.0	0.26719989989982135	0.2714289865086911	0.004229086608869725	0.36701092755312453	0.36701092755312464	1.1102230246251565e-16	offline_greedy_max	zonogon[lengths=uniform(0.5,1.5)]	20260718	4	3	0.4648381437912388	0.4648381437912388	0.0	0.2595222551612911	0.26473899248988114	0.005216737328590015	0.3674008198843849	0.3674008198843849	0.0	chord_invariant	witness-16f5a1109a12b08293f6
10	4	14.774600117466735	14.774600117466735	0.0	1.3218464123342284	1.354804100668406	0.03295768833417756	1.597486324277388	1.679357345858421	0.08187102158103299	offline_greedy_max	primal-hull-uniform-disk[points=n+4,origin=interior]	20260718	4	4	2.142099425527417	2.142099425527417	0.0	0.9703983579906249	1.0144100651858392	0.0440117071952143	1.6622925785300708	1.7168176966463793	0.054525118116308446	frame_geometry	witness-fee16cea79e64e3cc3d7
10	4	0.4163973766037662	0.4163973766037662	0.0	0.2655083327348433	0.26719989989982135	0.0016915671649780362	0.36701092755312453	0.36701092755312453	0.0	offline_greedy_max	primal-hull-uniform-disk[points=n+4,origin=interior]	20260718	4	4	0.42617814992436176	0.4648381437912388	0.03865999386687702	0.24918080328441317	0.2595222551612911	0.01034145187687796	0.36701092755312464	0.3674008198843849	0.00038989233126024425	chord_invariant	witness-fee16cea79e64e3cc3d7
0	5	14.774600117466735	14.774600117466735	0.0	1.3176651703373592	1.3218464123342284	0.0041812419968692005	1.597486324277388	1.597486324277388	0.0	offline_greedy_max	repulsive-gap[alpha=1]	20260718	4	5	2.0280376512158345	2.142099425527417	0.11406177431158238	0.9440015245987522	0.9703983579906249	0.02639683339187271	1.6556338097518546	1.6622925785300708	0.006658768778216251	frame_geometry	witness-e470f10d59ff4482a0dd
0	5	0.36701092755312476	0.4163973766037662	0.049386449050641434	0.2620014503663902	0.2655083327348433	0.0035068823684530903	0.36701092755312437	0.36701092755312453	1.6653345369377348e-16	offline_greedy_max	repulsive-gap[alpha=1]	20260718	4	5	0.42617814992436176	0.42617814992436176	0.0	0.24114469610286104	0.24918080328441317	0.008036107181552121	0.3670109275531246	0.36701092755312464	5.551115123125783e-17	chord_invariant	witness-e470f10d59ff4482a0dd
0	6	14.774600117466735	14.774600117466735	0.0	1.305387848711468	1.3176651703373592	0.012277321625891124	1.5815156778115262	1.597486324277388	0.01597064646586177	offline_greedy_max	repulsive-gap[alpha=4]	20260718	4	6	1.7300474172122908	2.0280376512158345	0.29799023400354363	0.9125950663566956	0.9440015245987522	0.03140645824205657	1.6383976096119164	1.6556338097518546	0.017236200139938207	frame_geometry	witness-e7d6f277257a8455c03a
0	6	0.36701092755312476	0.36701092755312476	0.0	0.26090350813452723	0.2620014503663902	0.0010979422318629917	0.36701092755312437	0.36701092755312437	0.0	offline_greedy_max	repulsive-gap[alpha=4]	20260718	4	6	0.42617814992436176	0.42617814992436176	0.0	0.24024478580414685	0.24114469610286104	0.000899910298714196	0.3670109275531246	0.3670109275531246	0.0	chord_invariant	witness-e7d6f277257a8455c03a
0	7	14.774600117466735	14.774600117466735	0.0	1.1099576005963274	1.305387848711468	0.19543024811514065	1.158135317369566	1.5815156778115262	0.42338036044196015	offline_greedy_max	zonogon[lengths=uniform(0.5,1.5)]	20260718	4	7	1.4630649237909663	1.7300474172122908	0.2669824934213245	0.6580489597399427	0.9125950663566956	0.2545461066167529	1.0003888162275754	1.6383976096119164	0.638008793384341	frame_geometry	witness-f368732dcff3d0814e73
0	7	0.3555158953804915	0.36701092755312476	0.011495032172633257	0.23263699283184944	0.26090350813452723	0.02826651530267779	0.33129231068415727	0.36701092755312437	0.0357186168689671	offline_greedy_max	zonogon[lengths=uniform(0.5,1.5)]	20260718	4	7	0.42617814992436176	0.42617814992436176	0.0	0.21767638265167832	0.24024478580414685	0.022568403152468525	0.3312923106841572	0.3670109275531246	0.03571861686896738	chord_invariant	witness-f368732dcff3d0814e73
0	8	14.774600117466735	14.774600117466735	0.0	1.0561748351054123	1.1099576005963274	0.053782765490915097	1.1559314293793588	1.158135317369566	0.0022038879902073205	offline_greedy_max	repulsive-gap[alpha=16]	20260718	4	8	1.4630649237909663	1.4630649237909663	0.0	0.6054377391262967	0.6580489597399427	0.05261122061364598	1.0003888162275754	1.0003888162275754	0.0	frame_geometry	witness-baf2e664d3cca241f272
0	8	0.3452057691061926	0.3555158953804915	0.010310126274298892	0.22487733960555398	0.23263699283184944	0.00775965322629546	0.33129231068415715	0.33129231068415727	1.1102230246251565e-16	offline_greedy_max	repulsive-gap[alpha=16]	20260718	4	8	0.3674441412545249	0.42617814992436176	0.05873400866983686	0.20490459677934664	0.21767638265167832	0.012771785872331687	0.3312923106841571	0.3312923106841572	1.1102230246251565e-16	chord_invariant	witness-baf2e664d3cca241f272
1	9	14.774600117466735	14.774600117466735	0.0	1.0534408127507544	1.0561748351054123	0.0027340223546579168	1.1559314293793588	1.1559314293793588	0.0	offline_greedy_max	current-baseline[delta=0.2]	20260718	4	9	1.4630649237909663	1.4630649237909663	0.0	0.596722882350969	0.6054377391262967	0.008714856775327684	0.9934521535641598	1.0003888162275754	0.006936662663415527	frame_geometry	witness-d978842b6daae0c9591c
1	9	0.3452057691061926	0.3452057691061926	0.0	0.22469085897594662	0.22487733960555398	0.00018648062960735512	0.33129231068415715	0.33129231068415715	0.0	offline_greedy_max	current-baseline[delta=0.2]	20260718	4	9	0.3312923106841573	0.3674441412545249	0.03615183057036758	0.1999344186045624	0.20490459677934664	0.004970178174784234	0.33129231068415704	0.3312923106841571	5.551115123125783e-17	chord_invariant	witness-d978842b6daae0c9591c
0	10	14.774600117466735	14.774600117466735	0.0	1.0314862949831247	1.0534408127507544	0.02195451776762969	1.0572373365457244	1.1559314293793588	0.0986940928336344	offline_greedy_max	zonogon[lengths=uniform(0.5,1.5)]	20260718	4	10	1.3539548977717948	1.4630649237909663	0.10911002601917152	0.5808200027445455	0.596722882350969	0.01590287960642356	0.9770637695585237	0.9934521535641598	0.016388384005636136	frame_geometry	witness-c4f9e7dfce6360a0fe53
0	10	0.3452057691061926	0.3452057691061926	0.0	0.22363092518834687	0.22469085897594662	0.0010599337875997483	0.33129231068415715	0.33129231068415715	0.0	offline_greedy_max	zonogon[lengths=uniform(0.5,1.5)]	20260718	4	10	0.3312923106841573	0.3312923106841573	0.0	0.1984277261044002	0.1999344186045624	0.0015066925001621934	0.33129231068415704	0.33129231068415704	0.0	chord_invariant	witness-c4f9e7dfce6360a0fe53
0	11	14.774600117466735	14.774600117466735	0.0	0.8299646091602563	1.0314862949831247	0.20152168582286845	1.0572373365457244	1.0572373365457244	0.0	offline_greedy_max	regular-mutation[steps=4,scale=0.03]	20260718	4	11	1.3539548977717948	1.3539548977717948	0.0	0.4125052561220606	0.5808200027445455	0.16831474662248486	0.9725105471656752	0.9770637695585237	0.004553222392848499	frame_geometry	witness-fd25262ed615262e0333
0	11	0.3452057691061926	0.3452057691061926	0.0	0.15549349886561006	0.22363092518834687	0.06813742632273681	0.2832193674302832	0.33129231068415715	0.048072943253873957	offline_greedy_max	regular-mutation[steps=4,scale=0.03]	20260718	4	11	0.3151712541158712	0.3312923106841573	0.016121056568286107	0.12769770945113584	0.1984277261044002	0.07073001665326437	0.2581295213534366	0.33129231068415704	0.07316278933072046	chord_invariant	witness-fd25262ed615262e0333
0	12	14.774600117466735	14.774600117466735	0.0	0.8184796967525446	0.8299646091602563	0.011484912407711656	1.0572373365457244	1.0572373365457244	0.0	offline_greedy_max	repulsive-gap[alpha=4]	20260718	4	12	1.2919978110081058	1.3539548977717948	0.06195708676368894	0.3977883550593237	0.4125052561220606	0.014716901062736931	0.8928700090850562	0.9725105471656752	0.079640538080619	frame_geometry	witness-497e15eeb5a900b2a6e0
0	12	0.3452057691061926	0.3452057691061926	0.0	0.1554905159489675	0.15549349886561006	2.9829166425521247e-06	0.2832193674302832	0.2832193674302832	0.0	offline_greedy_max	repulsive-gap[alpha=4]	20260718	4	12	0.3151712541158712	0.3151712541158712	0.0	0.1271094110542658	0.12769770945113584	0.0005882983968700517	0.2581295213534366	0.2581295213534366	0.0	chord_invariant	witness-497e15eeb5a900b2a6e0
2	13	14.774600117466735	14.774600117466735	0.0	0.8184796967525446	0.8184796967525446	0.0	1.0572373365457244	1.0572373365457244	0.0	offline_greedy_max	current-baseline[delta=0.2]	20260718	4	13	1.2415747600276383	1.2919978110081058	0.05042305098046751	0.3837449005918443	0.3977883550593237	0.0140434544674794	0.8729558482253006	0.8928700090850562	0.019914160859755614	frame_geometry	witness-86491c4bb4bfcca5d38c
2	13	0.317789745620237	0.3452057691061926	0.02741602348595562	0.15284782287898838	0.1554905159489675	0.002642693069979135	0.2733395865933351	0.2832193674302832	0.009879780836948071	offline_greedy_max	current-baseline[delta=0.2]	20260718	4	13	0.3151712541158712	0.3151712541158712	0.0	0.12077459523385263	0.1271094110542658	0.006334815820413162	0.23974371280623796	0.2581295213534366	0.018385808547198623	chord_invariant	witness-86491c4bb4bfcca5d38c
0	14	14.774600117466735	14.774600117466735	0.0	0.8159807136302893	0.8184796967525446	0.0024989831222552716	1.0437497351211984	1.0572373365457244	0.013487601424525986	offline_greedy_max	primal-hull-uniform-disk[points=n+4,origin=interior]	20260718	4	14	1.2170964452809492	1.2415747600276383	0.024478314746689156	0.37262135507438204	0.3837449005918443	0.011123545517462252	0.8717157440351445	0.8729558482253006	0.0012401041901560772	frame_geometry	witness-eeaef8a29c2d6b977eec
0	14	0.317789745620237	0.317789745620237	0.0	0.1490011512423562	0.15284782287898838	0.0038466716366321874	0.24808037843859973	0.2733395865933351	0.025259208154735396	offline_greedy_max	primal-hull-uniform-disk[points=n+4,origin=interior]	20260718	4	14	0.3151712541158712	0.3151712541158712	0.0	0.11379602740354688	0.12077459523385263	0.006978567830305746	0.22472340801689455	0.23974371280623796	0.015020304789343408	chord_invariant	witness-eeaef8a29c2d6b977eec
0	15	14.774600117466735	14.774600117466735	0.0	0.8114095223466736	0.8159807136302893	0.0045711912836157165	1.0437497351211984	1.0437497351211984	0.0	offline_greedy_max	repulsive-gap[alpha=1]	20260718	4	15	1.176418210162895	1.2170964452809492	0.04067823511805413	0.35985273179732974	0.37262135507438204	0.012768623277052304	0.8717157440351445	0.8717157440351445	0.0	frame_geometry	witness-b3351334ab0e8ba47956
0	15	0.317789745620237	0.317789745620237	0.0	0.14616044200476846	0.1490011512423562	0.002840709237587724	0.23225805907520494	0.24808037843859973	0.015822319363394788	offline_greedy_max	repulsive-gap[alpha=1]	20260718	4	15	0.31387696231003864	0.3151712541158712	0.0012942918058325703	0.11034314320127991	0.11379602740354688	0.0034528842022669703	0.22205504008058888	0.22472340801689455	0.0026683679363056767	chord_invariant	witness-b3351334ab0e8ba47956
0	16	14.774600117466735	14.774600117466735	0.0	0.7999621247819477	0.8114095223466736	0.011447397564725903	1.026004895520423	1.0437497351211984	0.01774483960077533	offline_greedy_max	repulsive-gap[alpha=4]	20260718	4	16	1.176418210162895	1.176418210162895	0.0	0.3520412951642465	0.35985273179732974	0.007811436633083257	0.8323154157852745	0.8717157440351445	0.039400328249870054	frame_geometry	witness-990a08c1b826aa51e9d8
0	16	0.30527661221945335	0.317789745620237	0.012513133400783638	0.14154459133159195	0.14616044200476846	0.004615850673176519	0.23090978143619706	0.23225805907520494	0.0013482776390078832	offline_greedy_max	repulsive-gap[alpha=4]	20260718	4	16	0.2845082987345116	0.31387696231003864	0.029368663575527032	0.10408062263757223	0.11034314320127991	0.006262520563707685	0.21290300358336345	0.22205504008058888	0.00915203649722543	chord_invariant	witness-990a08c1b826aa51e9d8
4	17	14.774600117466735	14.774600117466735	0.0	0.7968258348045654	0.7999621247819477	0.003136289977382356	0.913287666161995	1.026004895520423	0.1127172293584281	offline_greedy_max	current-baseline[delta=0.2]	20260718	4	17	1.176418210162895	1.176418210162895	0.0	0.3363071612873476	0.3520412951642465	0.01573413387689887	0.8226883737113438	0.8323154157852745	0.009627042073930614	frame_geometry	witness-a9e877a6cf4b02dfe7c0
4	17	0.30396929714998794	0.30527661221945335	0.001307315069465409	0.13687296944829125	0.14154459133159195	0.004671621883300697	0.21764070819896622	0.23090978143619706	0.013269073237230838	offline_greedy_max	current-baseline[delta=0.2]	20260718	4	17	0.2637003749893734	0.2845082987345116	0.020807923745138235	0.10062156953926675	0.10408062263757223	0.0034590530983054785	0.20731349367918456	0.21290300358336345	0.005589509904178891	chord_invariant	witness-a9e877a6cf4b02dfe7c0
0	18	14.774600117466735	14.774600117466735	0.0	0.7878935160772302	0.7968258348045654	0.008932318727335131	0.8737157274813254	0.913287666161995	0.03957193868066955	offline_greedy_max	current-baseline[delta=0.2]	20260718	4	18	1.0910713408605268	1.176418210162895	0.08534686930236823	0.31556889045144804	0.3363071612873476	0.020738270835899575	0.7393665790691861	0.8226883737113438	0.08332179464215772	frame_geometry	witness-80fb74db34a9f4c9d165
0	18	0.30396929714998794	0.30396929714998794	0.0	0.1364979138881634	0.13687296944829125	0.000375055560127846	0.21764070819896622	0.21764070819896622	0.0	offline_greedy_max	current-baseline[delta=0.2]	20260718	4	18	0.2637003749893734	0.2637003749893734	0.0	0.09729203077800576	0.10062156953926675	0.0033295387612609917	0.19915966167163202	0.20731349367918456	0.008153832007552542	chord_invariant	witness-80fb74db34a9f4c9d165
4	19	14.774600117466735	14.774600117466735	0.0	0.7794106048949626	0.7878935160772302	0.008482911182267627	0.8434133246519913	0.8737157274813254	0.030302402829334163	offline_greedy_max	repulsive-gap[alpha=1]	20260718	4	19	1.0910713408605268	1.0910713408605268	0.0	0.30805272001894257	0.31556889045144804	0.007516170432505465	0.7048665909245444	0.7393665790691861	0.034499988144641724	frame_geometry	witness-abd4a5bd75a67df6c51a
4	19	0.30396929714998794	0.30396929714998794	0.0	0.13410097622844486	0.1364979138881634	0.0023969376597185454	0.2136788267886835	0.21764070819896622	0.003961881410282725	offline_greedy_max	repulsive-gap[alpha=1]	20260718	4	19	0.25434889190214355	0.2637003749893734	0.009351483087229828	0.09379995162210619	0.09729203077800576	0.003492079155899566	0.19415663366414956	0.19915966167163202	0.005003028007482452	chord_invariant	witness-abd4a5bd75a67df6c51a
0	20	14.774600117466735	14.774600117466735	0.0	0.778728821667491	0.7794106048949626	0.0006817832274715885	0.8434133246519913	0.8434133246519913	0.0	offline_greedy_max	repulsive-gap[alpha=4]	20260718	4	20	1.0910713408605268	1.0910713408605268	0.0	0.3055273555958405	0.30805272001894257	0.0025253644231020833	0.7048665909245444	0.7048665909245444	0.0	frame_geometry	witness-ea703517babb4bab051b
0	20	0.30396929714998794	0.30396929714998794	0.0	0.1327753434668331	0.13410097622844486	0.001325632761611767	0.2136788267886835	0.2136788267886835	0.0	offline_greedy_max	repulsive-gap[alpha=4]	20260718	4	20	0.2494733457592283	0.25434889190214355	0.004875546142915244	0.09111833517265323	0.09379995162210619	0.0026816164494529587	0.1940217428101903	0.19415663366414956	0.00013489085395926304	chord_invariant	witness-ea703517babb4bab051b
4	21	14.774600117466735	14.774600117466735	0.0	0.778728821667491	0.778728821667491	0.0	0.8434133246519913	0.8434133246519913	0.0	offline_greedy_max	primal-hull-uniform-disk[points=n+4,origin=interior]	20260718	4	21	1.0910713408605268	1.0910713408605268	0.0	0.2937316540751086	0.3055273555958405	0.011795701520731894	0.6788298482245502	0.7048665909245444	0.02603674269999423	frame_geometry	witness-72fe312a7aa02195cd4c
4	21	0.30396929714998794	0.30396929714998794	0.0	0.1327753434668331	0.1327753434668331	0.0	0.2136788267886835	0.2136788267886835	0.0	offline_greedy_max	primal-hull-uniform-disk[points=n+4,origin=interior]	20260718	4	21	0.22923123479844099	0.2494733457592283	0.02024211096078732	0.0884066683709225	0.09111833517265323	0.002711666801730739	0.18768767345902976	0.1940217428101903	0.006334069351160543	chord_invariant	witness-72fe312a7aa02195cd4c
0	22	14.774600117466735	14.774600117466735	0.0	0.778728821667491	0.778728821667491	0.0	0.8434133246519913	0.8434133246519913	0.0	offline_greedy_max	repulsive-gap[alpha=1]	20260718	4	22	1.0068371355892805	1.0910713408605268	0.08423420527124637	0.2818721829787985	0.2937316540751086	0.011859471096310081	0.6568889975606058	0.6788298482245502	0.021940850663944356	frame_geometry	witness-326d8bda5ef09ae4d5ef
0	22	0.30396929714998794	0.30396929714998794	0.0	0.13212261712759824	0.1327753434668331	0.0006527263392348548	0.2136788267886835	0.2136788267886835	0.0	offline_greedy_max	repulsive-gap[alpha=1]	20260718	4	22	0.22923123479844099	0.22923123479844099	0.0	0.0862414338843164	0.0884066683709225	0.0021652344866060907	0.18581867363633528	0.18768767345902976	0.0018689998226944782	chord_invariant	witness-326d8bda5ef09ae4d5ef
0	23	14.774600117466735	14.774600117466735	0.0	0.7666200861295264	0.778728821667491	0.012108735537964654	0.834305451754128	0.8434133246519913	0.0091078728978633	offline_greedy_max	zonogon[lengths=uniform(0.5,1.5)]	20260718	4	23	0.8451226963234104	1.0068371355892805	0.16171443926587004	0.2593894137873595	0.2818721829787985	0.02248276919143899	0.6182124834697	0.6568889975606058	0.03867651409090578	frame_geometry	witness-ad36d68efb397d918d55
0	23	0.30396929714998794	0.30396929714998794	0.0	0.1307415102909274	0.13212261712759824	0.0013811068366708368	0.2079311740497189	0.2136788267886835	0.005747652738964604	offline_greedy_max	zonogon[lengths=uniform(0.5,1.5)]	20260718	4	23	0.22923123479844099	0.22923123479844099	0.0	0.08188244345000963	0.0862414338843164	0.004358990434306778	0.17364179284134715	0.18581867363633528	0.012176880794988132	chord_invariant	witness-ad36d68efb397d918d55
0	24	14.774600117466735	14.774600117466735	0.0	0.7585824754741681	0.7666200861295264	0.00803761065535824	0.834305451754128	0.834305451754128	0.0	offline_greedy_max	repulsive-gap[alpha=4]	20260718	4	24	0.8451226963234104	0.8451226963234104	0.0	0.24819359507352487	0.2593894137873595	0.011195818713834654	0.6182124834697	0.6182124834697	0.0	frame_geometry	witness-2808b6cc64e1113ae258
0	24	0.30396929714998794	0.30396929714998794	0.0	0.12630628248110431	0.1307415102909274	0.0044352278098230835	0.2079311740497189	0.2079311740497189	0.0	offline_greedy_max	repulsive-gap[alpha=4]	20260718	4	24	0.2171043126669968	0.22923123479844099	0.012126922131444173	0.07881464056253101	0.08188244345000963	0.003067802887478613	0.1679418501168267	0.17364179284134715	0.005699942724520457	chord_invariant	witness-2808b6cc64e1113ae258
0	1	14.774600117466735	19.894991910069173	5.1203917926024385	1.394039853950836	1.4622834284402042	0.06824357448936813	1.679357345858421	1.679357345858421	0.0	offline_greedy_frame	zonogon[lengths=uniform(0.5,1.5)]	20260718	4	1	2.8201370743698035	5.333585781348043	2.51344870697824	1.0985091664925573	1.169133557584724	0.07062439109216667	1.7386025833407055	1.750074436672289	0.011471853331583404	frame_geometry	witness-6090705a3df52b35bb45
0	1	0.4163973766037662	0.620565170514148	0.20416779391038176	0.27495743409935774	0.2866783821620545	0.011720948062696745	0.36701092755312464	0.36701092755312476	1.1102230246251565e-16	offline_greedy_frame	zonogon[lengths=uniform(0.5,1.5)]	20260718	4	1	0.4648381437912388	0.5765183169296686	0.11168017313842982	0.2665797863053406	0.27512924711364184	0.008549460808301212	0.3674008198843849	0.38828077825556295	0.020879958371178065	chord_invariant	witness-6090705a3df52b35bb45
1	2	14.774600117466735	14.774600117466735	0.0	1.354804100668406	1.394039853950836	0.03923575328243012	1.679357345858421	1.679357345858421	0.0	offline_greedy_frame	current-baseline[delta=0.2]	20260718	4	2	2.3968365668244407	2.8201370743698035	0.42330050754536286	1.0404626365643654	1.0985091664925573	0.058046529928191815	1.718301065261756	1.7386025833407055	0.02030151807894942	frame_geometry	witness-b5fb2d2a4def5142073c
1	2	0.4163973766037662	0.4163973766037662	0.0	0.2714289865086911	0.27495743409935774	0.0035284475906666724	0.36701092755312464	0.36701092755312464	0.0	offline_greedy_frame	current-baseline[delta=0.2]	20260718	4	2	0.4648381437912388	0.4648381437912388	0.0	0.26473899248988114	0.2665797863053406	0.001840793815459485	0.3674008198843849	0.3674008198843849	0.0	chord_invariant	witness-b5fb2d2a4def5142073c
0	3	14.774600117466735	14.774600117466735	0.0	1.354804100668406	1.354804100668406	0.0	1.679357345858421	1.679357345858421	0.0	offline_greedy_frame	zonogon[lengths=uniform(0.5,1.5)]	20260718	4	3	2.142099425527417	2.3968365668244407	0.25473714129702385	1.0144100651858392	1.0404626365643654	0.026052571378526235	1.7168176966463793	1.718301065261756	0.00148336861537679	frame_geometry	witness-16f5a1109a12b08293f6
0	3	0.4163973766037662	0.4163973766037662	0.0	0.26719989989982135	0.2714289865086911	0.004229086608869725	0.36701092755312453	0.36701092755312464	1.1102230246251565e-16	offline_greedy_frame	zonogon[lengths=uniform(0.5,1.5)]	20260718	4	3	0.4648381437912388	0.4648381437912388	0.0	0.2595222551612911	0.26473899248988114	0.005216737328590015	0.3674008198843849	0.3674008198843849	0.0	chord_invariant	witness-16f5a1109a12b08293f6
0	4	14.774600117466735	14.774600117466735	0.0	1.3506228586715368	1.354804100668406	0.0041812419968692005	1.679357345858421	1.679357345858421	0.0	offline_greedy_frame	repulsive-gap[alpha=1]	20260718	4	4	2.0280376512158345	2.142099425527417	0.11406177431158238	0.9880132317939665	1.0144100651858392	0.02639683339187271	1.7126231257611535	1.7168176966463793	0.00419457088522579	frame_geometry	witness-e470f10d59ff4482a0dd
0	4	0.36701092755312476	0.4163973766037662	0.049386449050641434	0.26369301753136826	0.26719989989982135	0.0035068823684530903	0.36701092755312437	0.36701092755312453	1.6653345369377348e-16	offline_greedy_frame	repulsive-gap[alpha=1]	20260718	4	4	0.4648381437912388	0.4648381437912388	0.0	0.251486147979739	0.2595222551612911	0.008036107181552121	0.36701092755312464	0.3674008198843849	0.00038989233126024425	chord_invariant	witness-e470f10d59ff4482a0dd
0	5	14.774600117466735	14.774600117466735	0.0	1.3383455370456454	1.3506228586715368	0.012277321625891346	1.6657732168359387	1.679357345858421	0.013584129022482294	offline_greedy_frame	repulsive-gap[alpha=4]	20260718	4	5	1.8087633723036523	2.0280376512158345	0.2192742789121822	0.95660677355191	0.9880132317939665	0.031406458242056456	1.6966416668895818	1.7126231257611535	0.015981458871571652	frame_geometry	witness-e7d6f277257a8455c03a
0	5	0.36701092755312476	0.36701092755312476	0.0	0.2625950752995053	0.26369301753136826	0.0010979422318629362	0.36701092755312437	0.36701092755312437	0.0	offline_greedy_frame	repulsive-gap[alpha=4]	20260718	4	5	0.4648381437912388	0.4648381437912388	0.0	0.25058623768102484	0.251486147979739	0.0008999102987141683	0.36701092755312464	0.36701092755312464	0.0	chord_invariant	witness-e7d6f277257a8455c03a
0	6	14.774600117466735	14.774600117466735	0.0	1.0770170864582695	1.3383455370456454	0.26132845058737586	1.1748737102378861	1.6657732168359387	0.4908995065980526	offline_greedy_frame	repulsive-gap[alpha=16]	20260718	4	6	1.4630649237909663	1.8087633723036523	0.34569844851268594	0.6633311913009108	0.95660677355191	0.29327558225099926	1.030378502561682	1.6966416668895818	0.6662631643278998	frame_geometry	witness-d7a74d904e6c57cde044
0	6	0.36701092755312476	0.36701092755312476	0.0	0.25465252236182284	0.2625950752995053	0.007942552937682479	0.36701092755312437	0.36701092755312437	0.0	offline_greedy_frame	repulsive-gap[alpha=16]	20260718	4	6	0.432311242597965	0.4648381437912388	0.03252690119327378	0.2392588274859745	0.25058623768102484	0.011327410195050347	0.3670109275531246	0.36701092755312464	5.551115123125783e-17	chord_invariant	witness-d7a74d904e6c57cde044
0	7	14.774600117466735	14.774600117466735	0.0	1.0550625686906403	1.0770170864582695	0.021954517767629245	1.0639839653722805	1.1748737102378861	0.11088974486560566	offline_greedy_frame	zonogon[lengths=uniform(0.5,1.5)]	20260718	4	7	1.3539548977717948	1.4630649237909663	0.10911002601917152	0.6474283116944872	0.6633311913009108	0.01590287960642356	1.0116804414743552	1.030378502561682	0.018698061087326856	frame_geometry	witness-c4f9e7dfce6360a0fe53
0	7	0.36701092755312476	0.36701092755312476	0.0	0.25309746178776665	0.25465252236182284	0.0015550605740561885	0.36701092755312437	0.36701092755312437	0.0	offline_greedy_frame	zonogon[lengths=uniform(0.5,1.5)]	20260718	4	7	0.432311242597965	0.432311242597965	0.0	0.2377521349858123	0.2392588274859745	0.0015066925001621934	0.3670109275531246	0.3670109275531246	0.0	chord_invariant	witness-c4f9e7dfce6360a0fe53
0	8	14.774600117466735	14.774600117466735	0.0	1.0435776562829286	1.0550625686906403	0.011484912407711656	1.0639839653722805	1.0639839653722805	0.0	offline_greedy_frame	repulsive-gap[alpha=4]	20260718	4	8	1.3229731059726666	1.3539548977717948	0.03098179179912819	0.6327114106317504	0.6474283116944872	0.01471690106273682	1.0106887395777766	1.0116804414743552	0.0009917018965786006	frame_geometry	witness-497e15eeb5a900b2a6e0
0	8	0.36701092755312476	0.36701092755312476	0.0	0.25309447887112413	0.25309746178776665	2.982916642524369e-06	0.36701092755312437	0.36701092755312437	0.0	offline_greedy_frame	repulsive-gap[alpha=4]	20260718	4	8	0.432311242597965	0.432311242597965	0.0	0.23716383658894227	0.2377521349858123	0.0005882983968700239	0.3670109275531246	0.3670109275531246	0.0	chord_invariant	witness-497e15eeb5a900b2a6e0
10	9	14.774600117466735	14.774600117466735	0.0	1.0397919123882884	1.0435776562829286	0.003785743894640259	1.0639839653722805	1.0639839653722805	0.0	offline_greedy_frame	primal-hull-uniform-disk[points=n+4,origin=interior]	20260718	4	9	1.2919978110081058	1.3229731059726666	0.03097529496456075	0.6137281834236259	0.6327114106317504	0.01898322720812451	0.9770637695585237	1.0106887395777766	0.03362497001925291	frame_geometry	witness-fee16cea79e64e3cc3d7
10	9	0.36701092755312476	0.36701092755312476	0.0	0.25140530675865896	0.25309447887112413	0.0016891721124651649	0.36701092755312437	0.36701092755312437	0.0	offline_greedy_frame	primal-hull-uniform-disk[points=n+4,origin=interior]	20260718	4	9	0.42617814992436176	0.432311242597965	0.006133092673603235	0.22833652860158726	0.23716383658894227	0.00882730798735501	0.3670109275531246	0.3670109275531246	0.0	chord_invariant	witness-fee16cea79e64e3cc3d7
2	10	14.774600117466735	14.774600117466735	0.0	1.0397919123882884	1.0397919123882884	0.0	1.0639839653722805	1.0639839653722805	0.0	offline_greedy_frame	current-baseline[delta=0.2]	20260718	4	10	1.2415747600276383	1.2919978110081058	0.05042305098046751	0.5996847289561466	0.6137281834236259	0.014043454467479344	0.9402778430234863	0.9770637695585237	0.03678592653503743	frame_geometry	witness-86491c4bb4bfcca5d38c
2	10	0.36701092755312476	0.36701092755312476	0.0	0.2487626136886798	0.25140530675865896	0.002642693069979163	0.36701092755312437	0.36701092755312437	0.0	offline_greedy_frame	current-baseline[delta=0.2]	20260718	4	10	0.42617814992436176	0.42617814992436176	0.0	0.2220017127811741	0.22833652860158726	0.0063348158204131755	0.3670109275531246	0.3670109275531246	0.0	chord_invariant	witness-86491c4bb4bfcca5d38c
5	11	14.774600117466735	14.774600117466735	0.0	1.0385873187425876	1.0397919123882884	0.0012045936457008022	1.0639839653722805	1.0639839653722805	0.0	offline_greedy_frame	primal-hull-uniform-disk[points=n+4,origin=interior]	20260718	4	11	1.2170964452809492	1.2415747600276383	0.024478314746689156	0.585239467146215	0.5996847289561466	0.014445261809931553	0.9402778430234859	0.9402778430234863	3.3306690738754696e-16	frame_geometry	witness-0949f5a76cba31cece54
5	11	0.36701092755312476	0.36701092755312476	0.0	0.24600629561317733	0.2487626136886798	0.002756318075502473	0.36701092755312437	0.36701092755312437	0.0	offline_greedy_frame	primal-hull-uniform-disk[points=n+4,origin=interior]	20260718	4	11	0.42617814992436176	0.42617814992436176	0.0	0.2168243059629473	0.2220017127811741	0.005177406818226787	0.3670109275531246	0.3670109275531246	0.0	chord_invariant	witness-0949f5a76cba31cece54
0	12	14.774600117466735	14.774600117466735	0.0	1.0341777593172332	1.0385873187425876	0.00440955942535437	1.0639839653722805	1.0639839653722805	0.0	offline_greedy_frame	repulsive-gap[alpha=1]	20260718	4	12	1.2012625391329221	1.2170964452809492	0.015833906148027044	0.5738658372232444	0.585239467146215	0.01137362992297064	0.9402778430234859	0.9402778430234859	0.0	frame_geometry	witness-b3351334ab0e8ba47956
0	12	0.36701092755312476	0.36701092755312476	0.0	0.24191909217986746	0.24600629561317733	0.004087203433309872	0.36701092755312437	0.36701092755312437	0.0	offline_greedy_frame	repulsive-gap[alpha=1]	20260718	4	12	0.42617814992436176	0.42617814992436176	0.0	0.2130592361159813	0.2168243059629473	0.003765069846966007	0.3670109275531246	0.3670109275531246	0.0	chord_invariant	witness-b3351334ab0e8ba47956
0	13	14.774600117466735	14.774600117466735	0.0	0.832800570109863	1.0341777593172332	0.20137718920737024	1.0639839653722805	1.0639839653722805	0.0	offline_greedy_frame	regular-mutation[steps=4,scale=0.03]	20260718	4	13	1.1645957096174906	1.2012625391329221	0.03666682951543154	0.40575415749210825	0.5738658372232444	0.1681116797311361	0.8729558482253006	0.9402778430234859	0.06732199479818535	frame_geometry	witness-fd25262ed615262e0333
0	13	0.3555158953804915	0.36701092755312476	0.011495032172633257	0.15923759006821836	0.24191909217986746	0.0826815021116491	0.2854863847688878	0.36701092755312437	0.08152454278423654	offline_greedy_frame	regular-mutation[steps=4,scale=0.03]	20260718	4	13	0.40847627237180467	0.42617814992436176	0.017701877552557088	0.1277746011995462	0.2130592361159813	0.08528463491643509	0.26468590093949473	0.3670109275531246	0.10232502661362985	chord_invariant	witness-fd25262ed615262e0333
0	14	14.774600117466735	14.774600117466735	0.0	0.8236687478708442	0.832800570109863	0.009131822239018761	1.006268731346379	1.0639839653722805	0.05771523402590151	offline_greedy_frame	current-baseline[delta=0.2]	20260718	4	14	1.0910713408605268	1.1645957096174906	0.07352436875696378	0.3858341463994493	0.40575415749210825	0.01992001109265895	0.8092426842073038	0.8729558482253006	0.06371316401799676	frame_geometry	witness-80fb74db34a9f4c9d165
0	14	0.3555158953804915	0.3555158953804915	0.0	0.15886253450809046	0.15923759006821836	0.00037505556012790153	0.2854863847688878	0.2854863847688878	0.0	offline_greedy_frame	current-baseline[delta=0.2]	20260718	4	14	0.40847627237180467	0.40847627237180467	0.0	0.1244450624382852	0.1277746011995462	0.0033295387612610056	0.2644877601649169	0.26468590093949473	0.0001981407745778596	chord_invariant	witness-80fb74db34a9f4c9d165
0	15	14.774600117466735	14.774600117466735	0.0	0.8236687478708442	0.8236687478708442	0.0	1.006268731346379	1.006268731346379	0.0	offline_greedy_frame	repulsive-gap[alpha=1]	20260718	4	15	1.085204539907334	1.0910713408605268	0.005866800953192808	0.37397467530313927	0.3858341463994493	0.011859471096310026	0.7969732369470447	0.8092426842073038	0.012269447260259136	frame_geometry	witness-326d8bda5ef09ae4d5ef
0	15	0.3555158953804915	0.3555158953804915	0.0	0.15630756333141785	0.15886253450809046	0.00255497117667261	0.27856354497416747	0.2854863847688878	0.006922839794720359	offline_greedy_frame	repulsive-gap[alpha=1]	20260718	4	15	0.40847627237180467	0.40847627237180467	0.0	0.12098600933997973	0.1244450624382852	0.0034590530983054646	0.2334756492839488	0.2644877601649169	0.031012110880968086	chord_invariant	witness-326d8bda5ef09ae4d5ef
0	16	14.774600117466735	14.774600117466735	0.0	0.8227504413427551	0.8236687478708442	0.0009183065280891078	1.006268731346379	1.006268731346379	0.0	offline_greedy_frame	zonogon[lengths=uniform(0.5,1.5)]	20260718	4	16	1.0551919304542487	1.085204539907334	0.03001260945308526	0.37247610711618906	0.37397467530313927	0.001498568186950211	0.7969732369470447	0.7969732369470447	0.0	frame_geometry	witness-d0c268788c289f2f1dbf
0	16	0.3427431107223609	0.3555158953804915	0.012772784658130587	0.1553790608641926	0.15630756333141785	0.0009285024672252562	0.27856354497416747	0.27856354497416747	0.0	offline_greedy_frame	zonogon[lengths=uniform(0.5,1.5)]	20260718	4	16	0.39320566356161385	0.40847627237180467	0.015270608810190822	0.11923504446082067	0.12098600933997973	0.0017509648791590587	0.2334756492839488	0.2334756492839488	0.0	chord_invariant	witness-d0c268788c289f2f1dbf
0	17	14.774600117466735	14.774600117466735	0.0	0.8028941999066477	0.8227504413427551	0.019856241436107425	1.006268731346379	1.006268731346379	0.0	offline_greedy_frame	zonogon[lengths=uniform(0.5,1.5)]	20260718	4	17	1.0338289876644053	1.0551919304542487	0.02136294278984341	0.350624817702254	0.37247610711618906	0.02185128941393505	0.730754870996506	0.7969732369470447	0.06621836595053865	frame_geometry	witness-ad36d68efb397d918d55
0	17	0.33782460923376234	0.3427431107223609	0.00491850148859857	0.15340200068801363	0.1553790608641926	0.001977060176178963	0.27856354497416747	0.27856354497416747	0.0	offline_greedy_frame	zonogon[lengths=uniform(0.5,1.5)]	20260718	4	17	0.39320566356161385	0.39320566356161385	0.0	0.11474464381628036	0.11923504446082067	0.0044904006445403155	0.2334756492839488	0.2334756492839488	0.0	chord_invariant	witness-ad36d68efb397d918d55
0	18	14.774600117466735	14.774600117466735	0.0	0.7900574491108346	0.8028941999066477	0.012836750795813034	1.006268731346379	1.006268731346379	0.0	offline_greedy_frame	repulsive-gap[alpha=16]	20260718	4	18	1.0324550183775167	1.0338289876644053	0.0013739692868885989	0.3381833795893802	0.350624817702254	0.012441438112873793	0.730754870996506	0.730754870996506	0.0	frame_geometry	witness-8b1bbfc63a035eaca118
0	18	0.33782460923376234	0.33782460923376234	0.0	0.1373495265331716	0.15340200068801363	0.01605247415484204	0.2445388745561234	0.27856354497416747	0.03402467041804408	offline_greedy_frame	repulsive-gap[alpha=16]	20260718	4	18	0.39320566356161385	0.39320566356161385	0.0	0.10406383592798493	0.11474464381628036	0.010680807888295424	0.20891083353489537	0.2334756492839488	0.02456481574905342	chord_invariant	witness-8b1bbfc63a035eaca118
4	19	14.774600117466735	14.774600117466735	0.0	0.7869211591334523	0.7900574491108346	0.003136289977382356	0.9708095301761259	1.006268731346379	0.03545920117025303	offline_greedy_frame	current-baseline[delta=0.2]	20260718	4	19	1.0179040315190437	1.0324550183775167	0.014550986858473003	0.32374001946721154	0.3381833795893802	0.01444336012216868	0.6952837517162834	0.730754870996506	0.03547111928022262	frame_geometry	witness-a9e877a6cf4b02dfe7c0
4	19	0.33782460923376234	0.33782460923376234	0.0	0.13458014948730865	0.1373495265331716	0.002769377045862942	0.22374114882648963	0.2445388745561234	0.02079772572963376	offline_greedy_frame	current-baseline[delta=0.2]	20260718	4	19	0.39320566356161385	0.39320566356161385	0.0	0.10189860144137884	0.10406383592798493	0.0021652344866060907	0.20891083353489537	0.20891083353489537	0.0	chord_invariant	witness-a9e877a6cf4b02dfe7c0
4	20	14.774600117466735	14.774600117466735	0.0	0.7869211591334523	0.7869211591334523	0.0	0.9708095301761259	0.9708095301761259	0.0	offline_greedy_frame	primal-hull-uniform-disk[points=n+4,origin=interior]	20260718	4	20	1.0115956727710274	1.0179040315190437	0.006308358748016385	0.31267584521156977	0.32374001946721154	0.011064174255641768	0.6788298482245502	0.6952837517162834	0.016453903491733257	frame_geometry	witness-72fe312a7aa02195cd4c
4	20	0.33782460923376234	0.33782460923376234	0.0	0.13458014948730865	0.13458014948730865	0.0	0.22374114882648963	0.22374114882648963	0.0	offline_greedy_frame	primal-hull-uniform-disk[points=n+4,origin=interior]	20260718	4	20	0.39320566356161385	0.39320566356161385	0.0	0.09705983347682817	0.10189860144137884	0.004838767964550669	0.20158682569331884	0.20891083353489537	0.007324007841576524	chord_invariant	witness-72fe312a7aa02195cd4c
0	21	14.774600117466735	14.774600117466735	0.0	0.7686086856840222	0.7869211591334523	0.0183124734494301	0.9708095301761259	0.9708095301761259	0.0	offline_greedy_frame	zonogon[lengths=uniform(0.5,1.5)]	20260718	4	21	0.8947456190949987	1.0115956727710274	0.11685005367602863	0.27520149792588916	0.31267584521156977	0.03747434728568061	0.6563890880202353	0.6788298482245502	0.022440760204314847	frame_geometry	witness-f368732dcff3d0814e73
0	21	0.33782460923376234	0.33782460923376234	0.0	0.1323185390642618	0.13458014948730865	0.002261610423046845	0.21444818369819865	0.22374114882648963	0.009292965128290975	offline_greedy_frame	zonogon[lengths=uniform(0.5,1.5)]	20260718	4	21	0.39320566356161385	0.39320566356161385	0.0	0.09277119818817836	0.09705983347682817	0.004288635288649811	0.20158682569331884	0.20158682569331884	0.0	chord_invariant	witness-f368732dcff3d0814e73
0	22	14.774600117466735	14.774600117466735	0.0	0.7623481871300941	0.7686086856840222	0.006260498553928073	0.9005849329765776	0.9708095301761259	0.07022459719954832	offline_greedy_frame	repulsive-gap[alpha=1]	20260718	4	22	0.8451226963234104	0.8947456190949987	0.04962292277158831	0.2611127424798923	0.27520149792588916	0.014088755445996859	0.5584984512205563	0.6563890880202353	0.09789063679967902	frame_geometry	witness-c3b885710dc9f5ee9e30
0	22	0.33782460923376234	0.33782460923376234	0.0	0.1323185390642618	0.1323185390642618	0.0	0.21444818369819865	0.21444818369819865	0.0	offline_greedy_frame	repulsive-gap[alpha=1]	20260718	4	22	0.39320566356161385	0.39320566356161385	0.0	0.09122995448322394	0.09277119818817836	0.0015412437049544259	0.20158682569331884	0.20158682569331884	0.0	chord_invariant	witness-c3b885710dc9f5ee9e30
4	23	14.774600117466735	14.774600117466735	0.0	0.7514655901295866	0.7623481871300941	0.010882597000507532	0.8179752180968661	0.9005849329765776	0.08260971487971147	offline_greedy_frame	current-baseline[delta=0.2]	20260718	4	23	0.8238882333311298	0.8451226963234104	0.0212344629922806	0.25106380495956004	0.2611127424798923	0.010048937520332257	0.5563683513062703	0.5584984512205563	0.002130099914286032	frame_geometry	witness-5df3595760b483e9eaac
4	23	0.33782460923376234	0.33782460923376234	0.0	0.13085596235588687	0.1323185390642618	0.0014625767083749353	0.21444818369819865	0.21444818369819865	0.0	offline_greedy_frame	current-baseline[delta=0.2]	20260718	4	23	0.39320566356161385	0.39320566356161385	0.0	0.08981375051639023	0.09122995448322394	0.0014162039668337012	0.20158682569331884	0.20158682569331884	0.0	chord_invariant	witness-5df3595760b483e9eaac
0	24	14.774600117466735	14.774600117466735	0.0	0.7514655901295866	0.7514655901295866	0.0	0.8179752180968661	0.8179752180968661	0.0	offline_greedy_frame	zonogon[lengths=uniform(0.5,1.5)]	20260718	4	24	0.7940594203707942	0.8238882333311298	0.02982881296033557	0.2421084980755261	0.25106380495956004	0.008955306884033953	0.5428984517791594	0.5563683513062703	0.013469899527110862	frame_geometry	witness-66d556c1dbb21179815e
0	24	0.33782460923376234	0.33782460923376234	0.0	0.1267895360320273	0.13085596235588687	0.004066426323859562	0.20914143947637545	0.21444818369819865	0.005306744221823201	offline_greedy_frame	zonogon[lengths=uniform(0.5,1.5)]	20260718	4	24	0.3841378216908435	0.39320566356161385	0.009067841870770366	0.0880235781029394	0.08981375051639023	0.0017901724134508357	0.20158682569331884	0.20158682569331884	0.0	chord_invariant	witness-66d556c1dbb21179815e
4	1	19.894991910069173	19.894991910069173	0.0	1.400587721673895	1.4622834284402042	0.06169570676630931	1.4898452632271013	1.679357345858421	0.1895120826313197	offline_greedy_chord	current-baseline[delta=0.2]	20260718	4	1	5.333585781348043	5.333585781348043	0.0	1.0947886591567104	1.169133557584724	0.0743448984280135	1.5503204105850406	1.750074436672289	0.19975402608724835	frame_geometry	witness-a9e877a6cf4b02dfe7c0
4	1	0.44022172914993085	0.620565170514148	0.1803434413642171	0.2757346560780299	0.2866783821620545	0.010943726084024608	0.3670109275531247	0.36701092755312476	5.551115123125783e-17	offline_greedy_chord	current-baseline[delta=0.2]	20260718	4	1	0.42617814992436176	0.5765183169296686	0.15034016700530684	0.26526619600877	0.27512924711364184	0.009863051104871845	0.3674008198843849	0.38828077825556295	0.020879958371178065	chord_invariant	witness-a9e877a6cf4b02dfe7c0
0	2	19.894991910069173	19.894991910069173	0.0	1.199066035851026	1.400587721673895	0.201521685822869	1.4898452632271013	1.4898452632271013	0.0	offline_greedy_chord	regular-mutation[steps=4,scale=0.03]	20260718	4	2	5.333585781348043	5.333585781348043	0.0	0.9258598260662426	1.0947886591567104	0.1689288330904678	1.5503204105850406	1.5503204105850406	0.0	frame_geometry	witness-fd25262ed615262e0333
0	2	0.44022172914993085	0.44022172914993085	0.0	0.19268982924541908	0.2757346560780299	0.0830448268326108	0.33621576023249755	0.3670109275531247	0.030795167320627148	offline_greedy_chord	regular-mutation[steps=4,scale=0.03]	20260718	4	2	0.41190284615702155	0.42617814992436176	0.014275303767340208	0.17978071442000784	0.26526619600877	0.08548548158876215	0.36605098971057204	0.3674008198843849	0.0013498301738128493	chord_invariant	witness-fd25262ed615262e0333
0	3	19.894991910069173	19.894991910069173	0.0	1.012293398275609	1.199066035851026	0.18677263757541684	1.1952938631308947	1.4898452632271013	0.2945514000962066	offline_greedy_chord	zonogon[lengths=uniform(0.5,1.5)]	20260718	4	3	5.333585781348043	5.333585781348043	0.0	0.6987216946868133	0.9258598260662426	0.2271381313794293	1.2398373693553204	1.5503204105850406	0.31048304122972015	frame_geometry	witness-f368732dcff3d0814e73
0	3	0.44022172914993085	0.44022172914993085	0.0	0.1746759155236826	0.19268982924541908	0.01801391372173647	0.3194089920158144	0.33621576023249755	0.016806768216683143	offline_greedy_chord	zonogon[lengths=uniform(0.5,1.5)]	20260718	4	3	0.40847627237180467	0.41190284615702155	0.00342657378521688	0.16535685574654557	0.17978071442000784	0.01442385867346227	0.34664241390376227	0.36605098971057204	0.01940857580680977	chord_invariant	witness-f368732dcff3d0814e73
0	4	19.894991910069173	19.894991910069173	0.0	1.01137509174752	1.012293398275609	0.0009183065280891078	1.1952938631308947	1.1952938631308947	0.0	offline_greedy_chord	zonogon[lengths=uniform(0.5,1.5)]	20260718	4	4	5.333585781348043	5.333585781348043	0.0	0.6972231264998632	0.6987216946868133	0.0014985681869501555	1.2398373693553204	1.2398373693553204	0.0	frame_geometry	witness-d0c268788c289f2f1dbf
0	4	0.44022172914993085	0.44022172914993085	0.0	0.17374741305645736	0.1746759155236826	0.0009285024672252562	0.31700923287758953	0.3194089920158144	0.0023997591382248773	offline_greedy_chord	zonogon[lengths=uniform(0.5,1.5)]	20260718	4	4	0.40692031246560073	0.40847627237180467	0.0015559599062039409	0.1636058908673865	0.16535685574654557	0.0017509648791590726	0.34664241390376227	0.34664241390376227	0.0	chord_invariant	witness-d0c268788c289f2f1dbf
0	5	19.8909518504201	19.894991910069173	0.0040400596490712815	0.9979849171901324	1.01137509174752	0.013390174557387557	1.1471763828159376	1.1952938631308947	0.048117480314957106	offline_greedy_chord	zonogon[lengths=uniform(0.5,1.5)]	20260718	4	5	5.145175544828678	5.333585781348043	0.18841023651936517	0.6793478793083038	0.6972231264998632	0.017875247191559418	1.2182403389357608	1.2398373693553204	0.021597030419559626	frame_geometry	witness-66d556c1dbb21179815e
0	5	0.4326208502264967	0.44022172914993085	0.00760087892343414	0.16221207676181593	0.17374741305645736	0.01153533629464143	0.2792272050914877	0.31700923287758953	0.037782027786101846	offline_greedy_chord	zonogon[lengths=uniform(0.5,1.5)]	20260718	4	5	0.39063211200244563	0.40692031246560073	0.0162882004631551	0.15808301808164038	0.1636058908673865	0.005522872785746119	0.34664241390376227	0.34664241390376227	0.0	chord_invariant	witness-66d556c1dbb21179815e
0	6	19.8909518504201	19.8909518504201	0.0	0.9938036751932632	0.9979849171901324	0.0041812419968692005	1.1263096697413928	1.1471763828159376	0.020866713074544796	offline_greedy_chord	repulsive-gap[alpha=1]	20260718	4	6	5.145175544828678	5.145175544828678	0.0	0.6535651323844138	0.6793478793083038	0.025782746923889932	1.153655331701167	1.2182403389357608	0.0645850072345937	frame_geometry	witness-e470f10d59ff4482a0dd
0	6	0.4326208502264967	0.4326208502264967	0.0	0.1602517234343718	0.16221207676181593	0.0019603533274441254	0.27395627998322925	0.2792272050914877	0.00527092510825844	offline_greedy_chord	repulsive-gap[alpha=1]	20260718	4	6	0.38957492810306205	0.39063211200244563	0.0010571838993835847	0.1510664431630048	0.15808301808164038	0.007016574918635582	0.31331759492136746	0.34664241390376227	0.03332481898239481	chord_invariant	witness-e470f10d59ff4482a0dd
10	7	19.8909518504201	19.8909518504201	0.0	0.9868215533965781	0.9938036751932632	0.006982121796685115	1.0660302643542077	1.1263096697413928	0.060279405387185125	offline_greedy_chord	primal-hull-uniform-disk[points=n+4,origin=interior]	20260718	4	7	5.145175544828678	5.145175544828678	0.0	0.6279750130978711	0.6535651323844138	0.025590119286542756	1.153655331701167	1.153655331701167	0.0	frame_geometry	witness-fee16cea79e64e3cc3d7
10	7	0.4326208502264967	0.4326208502264967	0.0	0.15927955294413762	0.1602517234343718	0.000972170490234181	0.2673560197729603	0.27395627998322925	0.006600260210268938	offline_greedy_chord	primal-hull-uniform-disk[points=n+4,origin=interior]	20260718	4	7	0.3874750663043169	0.38957492810306205	0.0020998617987451618	0.1420691419920416	0.1510664431630048	0.008997301170963201	0.2708711452877003	0.31331759492136746	0.04244644963366717	chord_invariant	witness-fee16cea79e64e3cc3d7
0	8	14.774600117466735	19.8909518504201	5.116351732953367	0.9186260748554134	0.9868215533965781	0.0681954785411647	1.0660302643542077	1.0660302643542077	0.0	offline_greedy_chord	zonogon[lengths=uniform(0.5,1.5)]	20260718	4	8	2.8201370743698035	5.145175544828678	2.3250384704588747	0.5593985593591758	0.6279750130978711	0.06857645373869525	1.0530556361752645	1.153655331701167	0.10059969552590253	frame_geometry	witness-6090705a3df52b35bb45
0	8	0.3427431107223609	0.4326208502264967	0.0898777395041358	0.15386650016083434	0.15927955294413762	0.005413052783303285	0.2559985353714022	0.2673560197729603	0.011357484401558093	offline_greedy_chord	zonogon[lengths=uniform(0.5,1.5)]	20260718	4	8	0.3841378216908435	0.3874750663043169	0.0033372446134734	0.1378574564887338	0.1420691419920416	0.004211685503307805	0.2581295213534366	0.2708711452877003	0.012741623934263702	chord_invariant	witness-6090705a3df52b35bb45
0	9	14.774600117466735	14.774600117466735	0.0	0.8729949940982906	0.9186260748554134	0.045631080757122744	1.0572373365457244	1.0660302643542077	0.008792927808483286	offline_greedy_chord	repulsive-gap[alpha=16]	20260718	4	9	2.8201370743698035	2.8201370743698035	0.0	0.5088566459929601	0.5593985593591758	0.05054191336621572	1.0530556361752645	1.0530556361752645	0.0	frame_geometry	witness-baf2e664d3cca241f272
0	9	0.3148124989287155	0.3427431107223609	0.02793061179364542	0.15028196251477716	0.15386650016083434	0.0035845376460571787	0.24997304932111716	0.2559985353714022	0.0060254860502850505	offline_greedy_chord	repulsive-gap[alpha=16]	20260718	4	9	0.3674441412545249	0.3841378216908435	0.01669368043631858	0.13176574292747942	0.1378574564887338	0.006091713561254375	0.25430141597627615	0.2581295213534366	0.00382810537716044	chord_invariant	witness-baf2e664d3cca241f272
1	10	14.774600117466735	14.774600117466735	0.0	0.8702609717436326	0.8729949940982906	0.002734022354658028	1.0572373365457244	1.0572373365457244	0.0	offline_greedy_chord	current-baseline[delta=0.2]	20260718	4	10	2.8201370743698035	2.8201370743698035	0.0	0.5002255653367559	0.5088566459929601	0.008631080656204215	1.0530556361752645	1.0530556361752645	0.0	frame_geometry	witness-d978842b6daae0c9591c
1	10	0.3148124989287155	0.3148124989287155	0.0	0.15009548188516983	0.15028196251477716	0.00018648062960732736	0.24808037843859973	0.24997304932111716	0.0018926708825174332	offline_greedy_chord	current-baseline[delta=0.2]	20260718	4	10	0.3151712541158712	0.3674441412545249	0.05227288713865369	0.1267955647526952	0.13176574292747942	0.004970178174784207	0.2537444455748515	0.25430141597627615	0.0005569704014246613	chord_invariant	witness-d978842b6daae0c9591c
0	11	14.774600117466735	14.774600117466735	0.0	0.8658470484425571	0.8702609717436326	0.004413923301075484	0.9770389959932217	1.0572373365457244	0.08019834055250263	offline_greedy_chord	repulsive-gap[alpha=1]	20260718	4	11	2.8201370743698035	2.8201370743698035	0.0	0.4943163567028191	0.5002255653367559	0.005909208633936791	1.0530556361752645	1.0530556361752645	0.0	frame_geometry	witness-e17b44ed7f61ffa14b7b
0	11	0.3148124989287155	0.3148124989287155	0.0	0.14707365343535	0.15009548188516983	0.0030218284498198245	0.23732061802742727	0.24808037843859973	0.010759760411172464	offline_greedy_chord	repulsive-gap[alpha=1]	20260718	4	11	0.31387696231003864	0.3151712541158712	0.0012942918058325703	0.12171876151984415	0.1267955647526952	0.005076803232851063	0.23974371280623796	0.2537444455748515	0.014000732768613522	chord_invariant	witness-e17b44ed7f61ffa14b7b
0	12	14.774600117466735	14.774600117466735	0.0	0.8543996508778312	0.8658470484425571	0.011447397564725903	0.9708095301761259	0.9770389959932217	0.006229465817095825	offline_greedy_chord	repulsive-gap[alpha=4]	20260718	4	12	2.8201370743698035	2.8201370743698035	0.0	0.48650492006973584	0.4943163567028191	0.007811436633083257	1.031129802456893	1.0530556361752645	0.021925833718371646	frame_geometry	witness-990a08c1b826aa51e9d8
0	12	0.3148124989287155	0.3148124989287155	0.0	0.14343869391935263	0.14707365343535	0.003634959515997377	0.23732061802742727	0.23732061802742727	0.0	offline_greedy_chord	repulsive-gap[alpha=4]	20260718	4	12	0.2916136079624902	0.31387696231003864	0.022263354347548447	0.11545624095613644	0.12171876151984415	0.006262520563707713	0.2328272738937324	0.23974371280623796	0.006916438912505568	chord_invariant	witness-990a08c1b826aa51e9d8
7	13	14.774600117466735	14.774600117466735	0.0	0.8543996508778312	0.8543996508778312	0.0	0.9708095301761259	0.9708095301761259	0.0	offline_greedy_chord	current-baseline[delta=0.2]	20260718	4	13	2.7380779018331847	2.8201370743698035	0.08205917253661887	0.47979900014058624	0.48650492006973584	0.006705919929149595	1.031129802456893	1.031129802456893	0.0	frame_geometry	witness-bc805672819dfb6fae25
7	13	0.3148124989287155	0.3148124989287155	0.0	0.1429985577739747	0.14343869391935263	0.00044013614537793955	0.2341464089767362	0.23732061802742727	0.0031742090506910736	offline_greedy_chord	current-baseline[delta=0.2]	20260718	4	13	0.2722402068427259	0.2916136079624902	0.019373401119764322	0.11072469902608169	0.11545624095613644	0.004731541930054747	0.21671964018415876	0.2328272738937324	0.016107633709573632	chord_invariant	witness-bc805672819dfb6fae25
0	14	14.774600117466735	14.774600117466735	0.0	0.851900667755576	0.8543996508778312	0.0024989831222551606	0.9242722740981912	0.9708095301761259	0.046537256077934686	offline_greedy_chord	primal-hull-uniform-disk[points=n+4,origin=interior]	20260718	4	14	2.7380779018331847	2.7380779018331847	0.0	0.46867545462312404	0.47979900014058624	0.011123545517462197	1.031129802456893	1.031129802456893	0.0	frame_geometry	witness-eeaef8a29c2d6b977eec
0	14	0.2934252236852977	0.3148124989287155	0.02138727524341777	0.1395038805525912	0.1429985577739747	0.0034946772213834965	0.23048582935847145	0.2341464089767362	0.003660579618264742	offline_greedy_chord	primal-hull-uniform-disk[points=n+4,origin=interior]	20260718	4	14	0.2637003749893734	0.2722402068427259	0.008539831853352498	0.10449225370735273	0.11072469902608169	0.006232445318728963	0.20731349367918456	0.21671964018415876	0.009406146504974205	chord_invariant	witness-eeaef8a29c2d6b977eec
4	15	14.774600117466735	14.774600117466735	0.0	0.851900667755576	0.851900667755576	0.0	0.9242722740981912	0.9242722740981912	0.0	offline_greedy_chord	primal-hull-uniform-disk[points=n+4,origin=interior]	20260718	4	15	2.7380779018331847	2.7380779018331847	0.0	0.4574381830180762	0.46867545462312404	0.011237271605047838	1.004268531503261	1.031129802456893	0.026861270953632	frame_geometry	witness-72fe312a7aa02195cd4c
4	15	0.2934252236852977	0.2934252236852977	0.0	0.1395038805525912	0.1395038805525912	0.0	0.23048582935847145	0.23048582935847145	0.0	offline_greedy_chord	primal-hull-uniform-disk[points=n+4,origin=interior]	20260718	4	15	0.24767832364539005	0.2637003749893734	0.016022051343983323	0.10162594528355519	0.10449225370735273	0.0028663084237975367	0.20490360602202487	0.20731349367918456	0.0024098876571596872	chord_invariant	witness-72fe312a7aa02195cd4c
4	16	14.774600117466735	14.774600117466735	0.0	0.8388692942938779	0.851900667755576	0.013031373461698137	0.912049212517868	0.9242722740981912	0.012223061580323269	offline_greedy_chord	current-baseline[delta=0.2]	20260718	4	16	2.7380779018331847	2.7380779018331847	0.0	0.437704979269436	0.4574381830180762	0.019733203748640182	1.0003888162275754	1.004268531503261	0.0038797152756855358	frame_geometry	witness-5df3595760b483e9eaac
4	16	0.2934252236852977	0.2934252236852977	0.0	0.13648473520063029	0.1395038805525912	0.0030191453519609057	0.22626145217422236	0.23048582935847145	0.00422437718424909	offline_greedy_chord	current-baseline[delta=0.2]	20260718	4	16	0.23389070224987263	0.24767832364539005	0.013787621395517424	0.09819742472847107	0.10162594528355519	0.003428520555084122	0.19915966167163202	0.20490360602202487	0.0057439443503928544	chord_invariant	witness-5df3595760b483e9eaac
2	17	14.774600117466735	14.774600117466735	0.0	0.8388692942938779	0.8388692942938779	0.0	0.912049212517868	0.912049212517868	0.0	offline_greedy_chord	current-baseline[delta=0.2]	20260718	4	17	2.7380779018331847	2.7380779018331847	0.0	0.42366152480195657	0.437704979269436	0.014043454467479455	0.9725105471656752	1.0003888162275754	0.027878269061900163	frame_geometry	witness-86491c4bb4bfcca5d38c
2	17	0.2934252236852977	0.2934252236852977	0.0	0.13648473520063029	0.13648473520063029	0.0	0.22626145217422236	0.22626145217422236	0.0	offline_greedy_chord	current-baseline[delta=0.2]	20260718	4	17	0.22113242080857726	0.23389070224987263	0.012758281441295372	0.0951600960201054	0.09819742472847107	0.0030373287083656636	0.19415663366414956	0.19915966167163202	0.005003028007482452	chord_invariant	witness-86491c4bb4bfcca5d38c
0	18	14.774600117466735	14.774600117466735	0.0	0.8290400846350717	0.8388692942938779	0.009829209658806182	0.912049212517868	0.912049212517868	0.0	offline_greedy_chord	repulsive-gap[alpha=16]	20260718	4	18	2.7380779018331847	2.7380779018331847	0.0	0.41111057185653105	0.42366152480195657	0.01255095294542552	0.9725105471656752	0.9725105471656752	0.0	frame_geometry	witness-42e25482d62626f1e761
0	18	0.2934252236852977	0.2934252236852977	0.0	0.13307723364025398	0.13648473520063029	0.003407501560376308	0.22626145217422236	0.22626145217422236	0.0	offline_greedy_chord	repulsive-gap[alpha=16]	20260718	4	18	0.21800925922151151	0.22113242080857726	0.0031231615870657425	0.09255155278502464	0.0951600960201054	0.0026085432350807652	0.1884503867838065	0.19415663366414956	0.005706246880343074	chord_invariant	witness-42e25482d62626f1e761
0	19	14.774600117466735	14.774600117466735	0.0	0.8268749635446115	0.8290400846350717	0.002165121090460187	0.8993464793324506	0.912049212517868	0.01270273318541737	offline_greedy_chord	repulsive-gap[alpha=4]	20260718	4	19	2.7380779018331847	2.7380779018331847	0.0	0.4078830804081739	0.41111057185653105	0.003227491448357156	0.9725105471656752	0.9725105471656752	0.0	frame_geometry	witness-ea703517babb4bab051b
0	19	0.2934252236852977	0.2934252236852977	0.0	0.13057041280759255	0.13307723364025398	0.0025068208326614327	0.22326049567031128	0.22626145217422236	0.0030009565039110786	offline_greedy_chord	repulsive-gap[alpha=4]	20260718	4	19	0.21325758783861615	0.21800925922151151	0.004751671382895367	0.08977380518525492	0.09255155278502464	0.002777747599769717	0.18752971608895688	0.1884503867838065	0.0009206706948496068	chord_invariant	witness-ea703517babb4bab051b
0	20	14.774600117466735	14.774600117466735	0.0	0.82546295430361	0.8268749635446115	0.0014120092410014884	0.8993464793324506	0.8993464793324506	0.0	offline_greedy_chord	repulsive-gap[alpha=4]	20260718	4	20	2.7380779018331847	2.7380779018331847	0.0	0.4042068625428905	0.4078830804081739	0.003676217865283382	0.9725105471656752	0.9725105471656752	0.0	frame_geometry	witness-dab7ca1b872854b77cec
0	20	0.2934252236852977	0.2934252236852977	0.0	0.1282294058594059	0.13057041280759255	0.002341006948186647	0.22326049567031128	0.22326049567031128	0.0	offline_greedy_chord	repulsive-gap[alpha=4]	20260718	4	20	0.20751086350214965	0.21325758783861615	0.005746724336466502	0.0841924069044468	0.08977380518525492	0.005581398280808114	0.18432221153400707	0.18752971608895688	0.0032075045549498082	chord_invariant	witness-dab7ca1b872854b77cec
0	21	14.774600117466735	14.774600117466735	0.0	0.8133542187656454	0.82546295430361	0.012108735537964654	0.8993464793324506	0.8993464793324506	0.0	offline_greedy_chord	zonogon[lengths=uniform(0.5,1.5)]	20260718	4	21	2.7380779018331847	2.7380779018331847	0.0	0.3817240933514515	0.4042068625428905	0.02248276919143899	0.8274590203991989	0.9725105471656752	0.14505152676647626	frame_geometry	witness-ad36d68efb397d918d55
0	21	0.2934252236852977	0.2934252236852977	0.0	0.12663709992978794	0.1282294058594059	0.0015923059296179543	0.21255377567320377	0.22326049567031128	0.010706719997107511	offline_greedy_chord	zonogon[lengths=uniform(0.5,1.5)]	20260718	4	21	0.20644475047465638	0.20751086350214965	0.001066113027493265	0.07983341647014003	0.0841924069044468	0.004358990434306778	0.17364179284134715	0.18432221153400707	0.010680418692659926	chord_invariant	witness-ad36d68efb397d918d55
0	22	14.774600117466735	14.774600117466735	0.0	0.8045148612629173	0.8133542187656454	0.008839357502728129	0.8369877360750562	0.8993464793324506	0.06235874325739443	offline_greedy_chord	current-baseline[delta=0.2]	20260718	4	22	2.7380779018331847	2.7380779018331847	0.0	0.3618803441963493	0.3817240933514515	0.01984374915510223	0.7860139833005383	0.8274590203991989	0.04144503709866065	frame_geometry	witness-80fb74db34a9f4c9d165
0	22	0.2934252236852977	0.2934252236852977	0.0	0.1257291436477433	0.12663709992978794	0.000907956282044653	0.21255377567320377	0.21255377567320377	0.0	offline_greedy_chord	current-baseline[delta=0.2]	20260718	4	22	0.2055371652724987	0.20644475047465638	0.000907585202157668	0.07817327630965096	0.07983341647014003	0.0016601401604890709	0.17364179284134715	0.17364179284134715	0.0	chord_invariant	witness-80fb74db34a9f4c9d165
5	23	14.774600117466735	14.774600117466735	0.0	0.8009946558637911	0.8045148612629173	0.0035202053991261195	0.8234759641726046	0.8369877360750562	0.013511771902451564	offline_greedy_chord	primal-hull-uniform-disk[points=n+4,origin=interior]	20260718	4	23	2.7380779018331847	2.7380779018331847	0.0	0.351130447743703	0.3618803441963493	0.01074989645264629	0.7860127609936758	0.7860139833005383	1.2223068625027977e-06	frame_geometry	witness-6336989e93606aac2e22
5	23	0.2934252236852977	0.2934252236852977	0.0	0.12568564004700694	0.1257291436477433	4.3503600736349846e-05	0.21255377567320377	0.21255377567320377	0.0	offline_greedy_chord	primal-hull-uniform-disk[points=n+4,origin=interior]	20260718	4	23	0.20507799192162096	0.2055371652724987	0.0004591733508777507	0.07593917668712381	0.07817327630965096	0.0022340996225271442	0.16735377621629463	0.17364179284134715	0.006288016625052517	chord_invariant	witness-6336989e93606aac2e22
0	24	14.774600117466735	14.774600117466735	0.0	0.800434869044364	0.8009946558637911	0.0005597868194271438	0.8234759641726046	0.8234759641726046	0.0	offline_greedy_chord	repulsive-gap[alpha=4]	20260718	4	24	2.7380779018331847	2.7380779018331847	0.0	0.3501613900523276	0.351130447743703	0.0009690576913753968	0.7860127609936758	0.7860127609936758	0.0	frame_geometry	witness-2808b6cc64e1113ae258
0	24	0.2934252236852977	0.2934252236852977	0.0	0.12449556366362081	0.12568564004700694	0.0011900763833861266	0.21255377567320377	0.21255377567320377	0.0	offline_greedy_chord	repulsive-gap[alpha=4]	20260718	4	24	0.19920157276775996	0.20507799192162096	0.005876419153861001	0.07434195087203267	0.07593917668712381	0.0015972258150911411	0.16404387385163838	0.16735377621629463	0.003309902364656253	chord_invariant	witness-2808b6cc64e1113ae258
0	1	4.316716849968006	4.316716849968006	0.0	1.025984996094925	1.0593656064856514	0.03338061039072637	1.5548707520570422	1.5548707520570422	0.0	passive_coreset	primal-hull-uniform-disk[points=n+4,origin=interior]	20260716	6	1	7.945630400557357	7.945630400557357	0.0	1.0812444593675195	1.1265041577367878	0.04525969836926835	1.4205675787148841	1.4205675787148841	0.0	frame_geometry	witness-03e09a8622a42ee1bb9d
0	1	1.0303428603039597	1.0303428603039597	0.0	0.4128735057006767	0.41442097028182656	0.0015474645811498489	0.5544133604894482	0.555989937748614	0.0015765772591658234	passive_coreset	primal-hull-uniform-disk[points=n+4,origin=interior]	20260716	6	1	1.6251145776829894	1.6251145776829894	0.0	0.4149530467741369	0.41980905014014774	0.00485600336601083	0.5328362559130966	0.5328362559130966	0.0	chord_invariant	witness-03e09a8622a42ee1bb9d
0	2	4.316716849968006	4.316716849968006	0.0	0.9869518717453584	1.025984996094925	0.03903312434956663	1.381774113714249	1.5548707520570422	0.1730966383427932	passive_coreset	zonogon[lengths=uniform(0.5,1.5)]	20260716	6	2	7.945630400557357	7.945630400557357	0.0	1.028183183174004	1.0812444593675195	0.053061276193515416	1.2679833459146657	1.4205675787148841	0.1525842328002185	frame_geometry	witness-043d3e8236185769402a
0	2	1.0303428603039597	1.0303428603039597	0.0	0.40013033560196654	0.4128735057006767	0.012743170098710177	0.5328362559130966	0.5544133604894482	0.021577104576351647	passive_coreset	zonogon[lengths=uniform(0.5,1.5)]	20260716	6	2	1.6251145776829894	1.6251145776829894	0.0	0.40471803846792775	0.4149530467741369	0.010235008306209159	0.5328362559130965	0.5328362559130966	1.1102230246251565e-16	chord_invariant	witness-043d3e8236185769402a
0	3	4.316716849968006	4.316716849968006	0.0	0.9052171077628824	0.9869518717453584	0.08173476398247592	1.2768259542922218	1.381774113714249	0.10494815942202718	passive_coreset	repulsive-gap[alpha=1]	20260716	6	3	7.945630400557357	7.945630400557357	0.0	0.9306916574217183	1.028183183174004	0.0974915257522857	1.1050738183810707	1.2679833459146657	0.162909527533595	frame_geometry	witness-051c29e446bf29688441
0	3	1.0303428603039597	1.0303428603039597	0.0	0.3985390864742713	0.40013033560196654	0.00159124912769526	0.5328362559130966	0.5328362559130966	0.0	passive_coreset	repulsive-gap[alpha=1]	20260716	6	3	1.6251145776829894	1.6251145776829894	0.0	0.39727208044298834	0.40471803846792775	0.007445958024939414	0.5328362559130965	0.5328362559130965	0.0	chord_invariant	witness-051c29e446bf29688441
0	4	4.316716849968006	4.316716849968006	0.0	0.785657249124429	0.9052171077628824	0.11955985863845342	1.1882632402329614	1.2768259542922218	0.08856271405926042	passive_coreset	repulsive-gap[alpha=4]	20260716	6	4	7.945630400557357	7.945630400557357	0.0	0.7833382515367695	0.9306916574217183	0.14735340588494883	1.0520623247540046	1.1050738183810707	0.05301149362706603	frame_geometry	witness-0d5589867d0c1ad92f1a
0	4	1.0303428603039597	1.0303428603039597	0.0	0.31884329842409675	0.3985390864742713	0.07969578805017452	0.46470513211344616	0.5328362559130966	0.06813112379965042	passive_coreset	repulsive-gap[alpha=4]	20260716	6	4	1.6251145776829894	1.6251145776829894	0.0	0.32174258896456304	0.39727208044298834	0.0755294914784253	0.4315064213325403	0.5328362559130965	0.10132983458055617	chord_invariant	witness-0d5589867d0c1ad92f1a
0	5	4.2720891376667165	4.316716849968006	0.04462771230128926	0.7792191099381623	0.785657249124429	0.006438139186266678	1.0792427745894615	1.1882632402329614	0.10902046564349988	passive_coreset	zonogon[lengths=uniform(0.5,1.5)]	20260716	6	5	7.945630400557357	7.945630400557357	0.0	0.7595996749268612	0.7833382515367695	0.023738576609908302	1.0520623247540046	1.0520623247540046	0.0	frame_geometry	witness-0e727e3aa025b08dbbe8
0	5	1.0303428603039597	1.0303428603039597	0.0	0.31724140584347665	0.31884329842409675	0.0016018925806201012	0.46470513211344616	0.46470513211344616	0.0	passive_coreset	zonogon[lengths=uniform(0.5,1.5)]	20260716	6	5	1.6251145776829894	1.6251145776829894	0.0	0.31234882179563866	0.32174258896456304	0.009393767168924372	0.40604633704818205	0.4315064213325403	0.025460084284358253	chord_invariant	witness-0e727e3aa025b08dbbe8
0	6	4.2720891376667165	4.2720891376667165	0.0	0.7726387628490291	0.7792191099381623	0.006580347089133243	1.0792427745894615	1.0792427745894615	0.0	passive_coreset	repulsive-gap[alpha=16]	20260716	6	6	7.945630400557357	7.945630400557357	0.0	0.7475959243562496	0.7595996749268612	0.012003750570611649	1.0520623247540046	1.0520623247540046	0.0	frame_geometry	witness-1104753a8c98e1941c3b
0	6	1.0303428603039597	1.0303428603039597	0.0	0.3018067909715208	0.31724140584347665	0.015434614871955854	0.46470513211344616	0.46470513211344616	0.0	passive_coreset	repulsive-gap[alpha=16]	20260716	6	6	1.6251145776829894	1.6251145776829894	0.0	0.2944830448320267	0.31234882179563866	0.017865776963611968	0.40604633704818205	0.40604633704818205	0.0	chord_invariant	witness-1104753a8c98e1941c3b
0	7	4.2720891376667165	4.2720891376667165	0.0	0.7704306075836905	0.7726387628490291	0.002208155265338574	1.0792427745894615	1.0792427745894615	0.0	passive_coreset	regular-mutation[steps=4,scale=0.03]	20260716	6	7	7.945630400557357	7.945630400557357	0.0	0.7436583253211894	0.7475959243562496	0.003937599035060191	1.0520623247540046	1.0520623247540046	0.0	frame_geometry	witness-12decd89c2757411d1ce
0	7	1.0303428603039597	1.0303428603039597	0.0	0.26344018351595927	0.3018067909715208	0.03836660745556153	0.46470513211344616	0.46470513211344616	0.0	passive_coreset	regular-mutation[steps=4,scale=0.03]	20260716	6	7	1.6251145776829894	1.6251145776829894	0.0	0.2594091380758076	0.2944830448320267	0.035073906756219075	0.40604633704818205	0.40604633704818205	0.0	chord_invariant	witness-12decd89c2757411d1ce
0	8	4.2720891376667165	4.2720891376667165	0.0	0.6638915772260111	0.7704306075836905	0.10653903035767942	1.0163040124928624	1.0792427745894615	0.0629387620965991	passive_coreset	repulsive-gap[alpha=16]	20260716	6	8	7.945630400557357	7.945630400557357	0.0	0.6563021228928886	0.7436583253211894	0.08735620242830078	1.0520623247540046	1.0520623247540046	0.0	frame_geometry	witness-154775080555c3f32942
0	8	1.0303428603039597	1.0303428603039597	0.0	0.2628664842677805	0.26344018351595927	0.0005736992481787939	0.46470513211344616	0.46470513211344616	0.0	passive_coreset	repulsive-gap[alpha=16]	20260716	6	8	1.6251145776829894	1.6251145776829894	0.0	0.25780037669014677	0.2594091380758076	0.0016087613856608507	0.40604633704818205	0.40604633704818205	0.0	chord_invariant	witness-154775080555c3f32942
1	9	4.2720891376667165	4.2720891376667165	0.0	0.6395895152717563	0.6638915772260111	0.024302061954254772	1.0120978506973226	1.0163040124928624	0.004206161795539787	passive_coreset	primal-hull-uniform-disk[points=n+4,origin=interior]	20260716	6	9	7.945630400557357	7.945630400557357	0.0	0.6327630095250021	0.6563021228928886	0.0235391133678865	1.0520623247540046	1.0520623247540046	0.0	frame_geometry	witness-18fb0ce9e0682ed3ba6f
1	9	1.0303428603039597	1.0303428603039597	0.0	0.25426969419057	0.2628664842677805	0.008596790077210481	0.43497270797170673	0.46470513211344616	0.029732424141739433	passive_coreset	primal-hull-uniform-disk[points=n+4,origin=interior]	20260716	6	9	1.6251145776829894	1.6251145776829894	0.0	0.25098684359936163	0.25780037669014677	0.00681353309078514	0.3890857750015054	0.40604633704818205	0.016960562046676675	chord_invariant	witness-18fb0ce9e0682ed3ba6f
0	10	4.2720891376667165	4.2720891376667165	0.0	0.6191783584357233	0.6395895152717563	0.020411156836033006	1.0120978506973226	1.0120978506973226	0.0	passive_coreset	repulsive-gap[alpha=4]	20260716	6	10	7.945630400557357	7.945630400557357	0.0	0.614121179067093	0.6327630095250021	0.018641830457909125	1.051923559239542	1.0520623247540046	0.00013876551446267982	frame_geometry	witness-1e212a1d54b91ccb6980
0	10	1.0303428603039597	1.0303428603039597	0.0	0.25276142545607716	0.25426969419057	0.0015082687344928347	0.43497270797170673	0.43497270797170673	0.0	passive_coreset	repulsive-gap[alpha=4]	20260716	6	10	1.6251145776829894	1.6251145776829894	0.0	0.24392171545320504	0.25098684359936163	0.007065128146156591	0.3890857750015054	0.3890857750015054	0.0	chord_invariant	witness-1e212a1d54b91ccb6980
0	11	4.2720891376667165	4.2720891376667165	0.0	0.6191783584357233	0.6191783584357233	0.0	1.0120978506973226	1.0120978506973226	0.0	passive_coreset	repulsive-gap[alpha=1]	20260716	6	11	7.945630400557357	7.945630400557357	0.0	0.6020088108919949	0.614121179067093	0.012112368175098087	1.0413858393490203	1.051923559239542	0.010537719890521657	frame_geometry	witness-253d7d90e39575f15aa4
0	11	0.5769991883850483	1.0303428603039597	0.45334367191891145	0.23609781117894504	0.25276142545607716	0.016663614277132116	0.4300144265068773	0.43497270797170673	0.004958281464829406	passive_coreset	repulsive-gap[alpha=1]	20260716	6	11	1.14166846693795	1.6251145776829894	0.4834461107450394	0.22208092081042677	0.24392171545320504	0.021840794642778272	0.3645573842309031	0.3890857750015054	0.02452839077060226	chord_invariant	witness-253d7d90e39575f15aa4
0	12	4.2720891376667165	4.2720891376667165	0.0	0.5519218970786031	0.6191783584357233	0.06725646135712027	1.0120978506973226	1.0120978506973226	0.0	passive_coreset	repulsive-gap[alpha=16]	20260716	6	12	7.945630400557357	7.945630400557357	0.0	0.5406452873968868	0.6020088108919949	0.0613635234951081	1.0413858393490203	1.0413858393490203	0.0	frame_geometry	witness-26a090b423f72cfc7120
0	12	0.5769991883850483	0.5769991883850483	0.0	0.23353666790574354	0.23609781117894504	0.002561143273201505	0.4300144265068773	0.4300144265068773	0.0	passive_coreset	repulsive-gap[alpha=16]	20260716	6	12	1.14166846693795	1.14166846693795	0.0	0.2193459445733402	0.22208092081042677	0.0027349762370865727	0.3645573842309031	0.3645573842309031	0.0	chord_invariant	witness-26a090b423f72cfc7120
0	13	4.2720891376667165	4.2720891376667165	0.0	0.5510714948787472	0.5519218970786031	0.000850402199855882	1.0120978506973226	1.0120978506973226	0.0	passive_coreset	repulsive-gap[alpha=1]	20260716	6	13	7.945630400557357	7.945630400557357	0.0	0.5302788282012094	0.5406452873968868	0.010366459195677358	1.0413858393490203	1.0413858393490203	0.0	frame_geometry	witness-2808d975f708bde4cbfe
0	13	0.5769991883850483	0.5769991883850483	0.0	0.23353666790574354	0.23353666790574354	0.0	0.4300144265068773	0.4300144265068773	0.0	passive_coreset	repulsive-gap[alpha=1]	20260716	6	13	1.14166846693795	1.14166846693795	0.0	0.21418644978026485	0.2193459445733402	0.005159494793075342	0.3645573842309031	0.3645573842309031	0.0	chord_invariant	witness-2808d975f708bde4cbfe
3	14	4.2720891376667165	4.2720891376667165	0.0	0.5261404342375491	0.5510714948787472	0.0249310606411981	1.0120978506973226	1.0120978506973226	0.0	passive_coreset	primal-hull-uniform-disk[points=n+4,origin=interior]	20260716	6	14	7.945630400557357	7.945630400557357	0.0	0.5048126012943815	0.5302788282012094	0.02546622690682787	0.8514969630301445	1.0413858393490203	0.18988887631887574	frame_geometry	witness-2cdda27236dc784ef761
3	14	0.5769991883850483	0.5769991883850483	0.0	0.2331938558411888	0.23353666790574354	0.00034281206455474833	0.4300144265068773	0.4300144265068773	0.0	passive_coreset	primal-hull-uniform-disk[points=n+4,origin=interior]	20260716	6	14	1.14166846693795	1.14166846693795	0.0	0.20996895897393714	0.21418644978026485	0.004217490806327717	0.3645573842309031	0.3645573842309031	0.0	chord_invariant	witness-2cdda27236dc784ef761
0	15	4.2720891376667165	4.2720891376667165	0.0	0.5118013081267985	0.5261404342375491	0.01433912611075061	0.8798558569829188	1.0120978506973226	0.13224199371440382	passive_coreset	zonogon[lengths=uniform(0.5,1.5)]	20260716	6	15	7.945630400557357	7.945630400557357	0.0	0.49856668066610227	0.5048126012943815	0.006245920628279278	0.8514969630301445	0.8514969630301445	0.0	frame_geometry	witness-2e523c40ff3116f40f87
0	15	0.5769991883850483	0.5769991883850483	0.0	0.23165830514312924	0.2331938558411888	0.0015355506980595512	0.4154034184931421	0.4300144265068773	0.014611008013735216	passive_coreset	zonogon[lengths=uniform(0.5,1.5)]	20260716	6	15	1.14166846693795	1.14166846693795	0.0	0.20514523271813792	0.20996895897393714	0.0048237262557992155	0.3642960171808352	0.3645573842309031	0.0002613670500679066	chord_invariant	witness-2e523c40ff3116f40f87
0	16	4.2143728619781475	4.2720891376667165	0.05771627568856896	0.5000333272155191	0.5118013081267985	0.011767980911279396	0.8284906283487146	0.8798558569829188	0.05136522863420423	passive_coreset	zonogon[lengths=uniform(0.5,1.5)]	20260716	6	16	7.945630400557357	7.945630400557357	0.0	0.4852245360553032	0.49856668066610227	0.013342144610799078	0.8498499763831955	0.8514969630301445	0.0016469866469490668	frame_geometry	witness-3b8f084a269d22495511
0	16	0.5466168996404929	0.5769991883850483	0.030382288744555397	0.22796375181388057	0.23165830514312924	0.003694553329248673	0.35865032470466224	0.4154034184931421	0.05675309378847987	passive_coreset	zonogon[lengths=uniform(0.5,1.5)]	20260716	6	16	1.14166846693795	1.14166846693795	0.0	0.1985813372040754	0.20514523271813792	0.006563895514062529	0.3432105025833947	0.3642960171808352	0.021085514597440513	chord_invariant	witness-3b8f084a269d22495511
0	17	4.2143728619781475	4.2143728619781475	0.0	0.47448713371881046	0.5000333272155191	0.025546193496708614	0.8284906283487146	0.8284906283487146	0.0	passive_coreset	repulsive-gap[regular]	20260716	6	17	7.945630400557357	7.945630400557357	0.0	0.46021734346337084	0.4852245360553032	0.025007192591932348	0.8498499763831955	0.8498499763831955	0.0	frame_geometry	witness-3c026187127e38d650b5
0	17	0.5466168996404929	0.5466168996404929	0.0	0.20364992445667696	0.22796375181388057	0.02431382735720361	0.35865032470466224	0.35865032470466224	0.0	passive_coreset	repulsive-gap[regular]	20260716	6	17	1.14166846693795	1.14166846693795	0.0	0.17523118965201195	0.1985813372040754	0.02335014755206344	0.3432105025833947	0.3432105025833947	0.0	chord_invariant	witness-3c026187127e38d650b5
0	18	4.2143728619781475	4.2143728619781475	0.0	0.4695675459379379	0.47448713371881046	0.004919587780872536	0.8284906283487146	0.8284906283487146	0.0	passive_coreset	regular-mutation[steps=4,scale=0.03]	20260716	6	18	7.945630400557357	7.945630400557357	0.0	0.447078020705354	0.46021734346337084	0.013139322758016825	0.8395394432137733	0.8498499763831955	0.010310533169422209	frame_geometry	witness-3d3fd75fe9d0e014ef6b
0	18	0.5466168996404929	0.5466168996404929	0.0	0.202638448900403	0.20364992445667696	0.0010114755562739552	0.35865032470466224	0.35865032470466224	0.0	passive_coreset	regular-mutation[steps=4,scale=0.03]	20260716	6	18	1.14166846693795	1.14166846693795	0.0	0.1743172126473034	0.17523118965201195	0.0009139770047085494	0.3432105025833947	0.3432105025833947	0.0	chord_invariant	witness-3d3fd75fe9d0e014ef6b
0	19	4.2143728619781475	4.2143728619781475	0.0	0.4694797993518863	0.4695675459379379	8.774658605165131e-05	0.8284906283487146	0.8284906283487146	0.0	passive_coreset	repulsive-gap[alpha=16]	20260716	6	19	7.945630400557357	7.945630400557357	0.0	0.44554942548928234	0.447078020705354	0.001528595216071682	0.8395394432137733	0.8395394432137733	0.0	frame_geometry	witness-3f222a0b22033d929090
0	19	0.5466168996404929	0.5466168996404929	0.0	0.20010166573751625	0.202638448900403	0.0025367831628867465	0.35865032470466224	0.35865032470466224	0.0	passive_coreset	repulsive-gap[alpha=16]	20260716	6	19	1.14166846693795	1.14166846693795	0.0	0.17101808479006664	0.1743172126473034	0.0032991278572367666	0.3432105025833947	0.3432105025833947	0.0	chord_invariant	witness-3f222a0b22033d929090
0	20	4.2143728619781475	4.2143728619781475	0.0	0.4688374144690003	0.4694797993518863	0.0006423848828859824	0.8284906283487146	0.8284906283487146	0.0	passive_coreset	regular-mutation[steps=4,scale=0.03]	20260716	6	20	7.945630400557357	7.945630400557357	0.0	0.44243389922580334	0.44554942548928234	0.003115526263478996	0.8395394432137733	0.8395394432137733	0.0	frame_geometry	witness-4389d9a95288cdd43a5a
0	20	0.5466168996404929	0.5466168996404929	0.0	0.1992685193144111	0.20010166573751625	0.0008331464231051411	0.35865032470466224	0.35865032470466224	0.0	passive_coreset	regular-mutation[steps=4,scale=0.03]	20260716	6	20	1.14166846693795	1.14166846693795	0.0	0.16936857040197728	0.17101808479006664	0.001649514388089357	0.3432105025833947	0.3432105025833947	0.0	chord_invariant	witness-4389d9a95288cdd43a5a
0	21	4.2143728619781475	4.2143728619781475	0.0	0.4688374144690003	0.4688374144690003	0.0	0.8284906283487146	0.8284906283487146	0.0	passive_coreset	repulsive-gap[regular]	20260716	6	21	7.945630400557357	7.945630400557357	0.0	0.44243389922580334	0.44243389922580334	0.0	0.8395394432137733	0.8395394432137733	0.0	frame_geometry	witness-47079314f8dbb7923f03
0	21	0.5466168996404929	0.5466168996404929	0.0	0.1992685193144111	0.1992685193144111	0.0	0.35865032470466224	0.35865032470466224	0.0	passive_coreset	repulsive-gap[regular]	20260716	6	21	1.14166846693795	1.14166846693795	0.0	0.16936857040197728	0.16936857040197728	0.0	0.3432105025833947	0.3432105025833947	0.0	chord_invariant	witness-47079314f8dbb7923f03
0	22	3.699313598653523	4.2143728619781475	0.5150592633246247	0.46270575657227847	0.4688374144690003	0.0061316578967218205	0.8284906283487146	0.8284906283487146	0.0	passive_coreset	zonogon[lengths=uniform(0.5,1.5)]	20260716	6	22	7.945630400557357	7.945630400557357	0.0	0.42607065257246923	0.44243389922580334	0.016363246653334107	0.8395394432137733	0.8395394432137733	0.0	frame_geometry	witness-47633003daae1c2229f7
0	22	0.5466168996404929	0.5466168996404929	0.0	0.19801317683500144	0.1992685193144111	0.0012553424794096713	0.35865032470466224	0.35865032470466224	0.0	passive_coreset	zonogon[lengths=uniform(0.5,1.5)]	20260716	6	22	1.14166846693795	1.14166846693795	0.0	0.16532200533823424	0.16936857040197728	0.004046565063743041	0.34059513752014947	0.3432105025833947	0.002615365063245223	chord_invariant	witness-47633003daae1c2229f7
0	23	3.699313598653523	3.699313598653523	0.0	0.4604151079493794	0.46270575657227847	0.002290648622899072	0.8284906283487146	0.8284906283487146	0.0	passive_coreset	repulsive-gap[alpha=1]	20260716	6	23	7.945630400557357	7.945630400557357	0.0	0.4197337412931651	0.42607065257246923	0.006336911279304136	0.8395394432137733	0.8395394432137733	0.0	frame_geometry	witness-47cc0e13632029a6d32d
0	23	0.5466168996404929	0.5466168996404929	0.0	0.19557974988565952	0.19801317683500144	0.002433426949341927	0.35865032470466224	0.35865032470466224	0.0	passive_coreset	repulsive-gap[alpha=1]	20260716	6	23	1.14166846693795	1.14166846693795	0.0	0.16238306887155846	0.16532200533823424	0.0029389364666757845	0.34059513752014947	0.34059513752014947	0.0	chord_invariant	witness-47cc0e13632029a6d32d
2	24	3.699313598653523	3.699313598653523	0.0	0.4604151079493794	0.4604151079493794	0.0	0.8284906283487146	0.8284906283487146	0.0	passive_coreset	primal-hull-uniform-disk[points=n+4,origin=interior]	20260716	6	24	7.945630400557357	7.945630400557357	0.0	0.41047770649162396	0.4197337412931651	0.009256034801541135	0.8294971540479142	0.8395394432137733	0.01004228916585903	frame_geometry	witness-480a2eea018b5481b2d7
2	24	0.5466168996404929	0.5466168996404929	0.0	0.194129810077186	0.19557974988565952	0.0014499398084735216	0.35865032470466224	0.35865032470466224	0.0	passive_coreset	primal-hull-uniform-disk[points=n+4,origin=interior]	20260716	6	24	1.14166846693795	1.14166846693795	0.0	0.15717139531617777	0.16238306887155846	0.005211673555380686	0.31650437395660636	0.34059513752014947	0.024090763563543116	chord_invariant	witness-480a2eea018b5481b2d7
0	1	4.316716849968006	4.316716849968006	0.0	1.0593656064856514	1.0593656064856514	0.0	1.5548707520570422	1.5548707520570422	0.0	offline_greedy_max	current-baseline[delta=0.2]	20260716	6	1	2.537395105050271	7.945630400557357	5.408235295507085	1.0401386099046426	1.1265041577367878	0.08636554783214523	1.395052142454821	1.4205675787148841	0.02551543626006314	frame_geometry	witness-8171cd3bc8bcc0698332
0	1	0.7355983440715382	1.0303428603039597	0.2947445162324215	0.4060724077142935	0.41442097028182656	0.00834856256753308	0.555989937748614	0.555989937748614	0.0	offline_greedy_max	current-baseline[delta=0.2]	20260716	6	1	0.8558704539155237	1.6251145776829894	0.7692441237674656	0.39551975962324076	0.41980905014014774	0.02428929051690698	0.5328362559130965	0.5328362559130966	1.1102230246251565e-16	chord_invariant	witness-8171cd3bc8bcc0698332
0	2	4.316716849968006	4.316716849968006	0.0	1.0395167608338416	1.0593656064856514	0.019848845651809777	1.5548707520570422	1.5548707520570422	0.0	offline_greedy_max	repulsive-gap[alpha=1]	20260716	6	2	2.537395105050271	2.537395105050271	0.0	1.016289751290832	1.0401386099046426	0.023848858613810586	1.3604956245178306	1.395052142454821	0.03455651793699044	frame_geometry	witness-bc1189ab7d849e4a940e
0	2	0.7355983440715382	0.7355983440715382	0.0	0.3940539108421315	0.4060724077142935	0.012018496872161999	0.5337237806113418	0.555989937748614	0.022266157137272202	offline_greedy_max	repulsive-gap[alpha=1]	20260716	6	2	0.6648920825290822	0.8558704539155237	0.19097837138644158	0.3858744763576272	0.39551975962324076	0.009645283265613536	0.5328362559130965	0.5328362559130965	0.0	chord_invariant	witness-bc1189ab7d849e4a940e
0	3	4.316716849968006	4.316716849968006	0.0	0.9941223738472387	1.0395167608338416	0.04539438698660292	1.5548707520570422	1.5548707520570422	0.0	offline_greedy_max	zonogon[lengths=uniform(0.5,1.5)]	20260716	6	3	2.537395105050271	2.537395105050271	0.0	0.9559946991717831	1.016289751290832	0.06029505211904884	1.3586263483907777	1.3604956245178306	0.001869276127052899	frame_geometry	witness-b8aa9f6601d949890333
0	3	0.626960217833514	0.7355983440715382	0.10863812623802427	0.37842628929684696	0.3940539108421315	0.01562762154528452	0.5328362559130966	0.5337237806113418	0.0008875246982452678	offline_greedy_max	zonogon[lengths=uniform(0.5,1.5)]	20260716	6	3	0.5701243715188166	0.6648920825290822	0.0947677110102656	0.37644632549359364	0.3858744763576272	0.009428150864033591	0.5328362559130965	0.5328362559130965	0.0	chord_invariant	witness-b8aa9f6601d949890333
0	4	4.316716849968006	4.316716849968006	0.0	0.9941223738472387	0.9941223738472387	0.0	1.5548707520570422	1.5548707520570422	0.0	offline_greedy_max	repulsive-gap[alpha=1]	20260716	6	4	2.1296790435481308	2.537395105050271	0.40771606150214046	0.924368987465987	0.9559946991717831	0.0316257117057962	1.2679833459146657	1.3586263483907777	0.09064300247611201	frame_geometry	witness-b52d0b7e08c046ac8a39
0	4	0.626960217833514	0.626960217833514	0.0	0.3768439815112059	0.37842628929684696	0.0015823077856410572	0.5328362559130965	0.5328362559130966	1.1102230246251565e-16	offline_greedy_max	repulsive-gap[alpha=1]	20260716	6	4	0.5328362559130969	0.5701243715188166	0.03728811560571965	0.36906049981191913	0.37644632549359364	0.007385825681674507	0.5328362559130962	0.5328362559130965	2.220446049250313e-16	chord_invariant	witness-b52d0b7e08c046ac8a39
0	5	4.316716849968006	4.316716849968006	0.0	0.8812194203419924	0.9941223738472387	0.11290295350524626	1.3589023655673247	1.5548707520570422	0.19596838648971748	offline_greedy_max	repulsive-gap[alpha=4]	20260716	6	5	1.6851410838813108	2.1296790435481308	0.44453795966681997	0.7789570461040237	0.924368987465987	0.14541194136196323	1.16106132944557	1.2679833459146657	0.1069220164690956	frame_geometry	witness-e38b1197d8a438306e1c
0	5	0.626960217833514	0.626960217833514	0.0	0.3267227579826551	0.3768439815112059	0.05012122352855081	0.4380293309696559	0.5328362559130965	0.09480692494344056	offline_greedy_max	repulsive-gap[alpha=4]	20260716	6	5	0.5211790868313672	0.5328362559130969	0.011657169081729757	0.3198526621330203	0.36906049981191913	0.0492078376788988	0.42733503606925777	0.5328362559130962	0.10550121984383848	chord_invariant	witness-e38b1197d8a438306e1c
3	6	3.919181306480824	4.316716849968006	0.3975355434871819	0.8764868543480974	0.8812194203419924	0.004732565993895044	1.3589023655673247	1.3589023655673247	0.0	offline_greedy_max	current-baseline[delta=0.2]	20260716	6	6	1.5435276729155785	1.6851410838813108	0.14161341096573232	0.7647077498802131	0.7789570461040237	0.014249296223810659	1.1435987929221043	1.16106132944557	0.017462536523465744	frame_geometry	witness-e540d920dcd590b35122
3	6	0.626960217833514	0.626960217833514	0.0	0.3247892793524104	0.3267227579826551	0.0019334786302446783	0.42733503606925766	0.4380293309696559	0.010694294900398249	offline_greedy_max	current-baseline[delta=0.2]	20260716	6	6	0.5211790868313672	0.5211790868313672	0.0	0.313262010132666	0.3198526621330203	0.006590652000354302	0.42733503606925777	0.42733503606925777	0.0	chord_invariant	witness-e540d920dcd590b35122
0	7	3.919181306480824	3.919181306480824	0.0	0.8536047534045301	0.8764868543480974	0.02288210094356724	1.3589023655673247	1.3589023655673247	0.0	offline_greedy_max	primal-hull-uniform-disk[points=n+4,origin=interior]	20260716	6	7	1.381723000944554	1.5435276729155785	0.16180467197102444	0.7332812860681166	0.7647077498802131	0.03142646381209646	1.1081450370079824	1.1435987929221043	0.03545375591412192	frame_geometry	witness-ca83c38f19865894ba98
0	7	0.626960217833514	0.626960217833514	0.0	0.3220262595454878	0.3247892793524104	0.0027630198069226175	0.42733503606925766	0.42733503606925766	0.0	offline_greedy_max	primal-hull-uniform-disk[points=n+4,origin=interior]	20260716	6	7	0.5211790868313672	0.5211790868313672	0.0	0.3060791930430175	0.313262010132666	0.007182817089648519	0.42733503606925766	0.42733503606925777	1.1102230246251565e-16	chord_invariant	witness-ca83c38f19865894ba98
3	8	3.919181306480824	3.919181306480824	0.0	0.8536047534045301	0.8536047534045301	0.0	1.3589023655673247	1.3589023655673247	0.0	offline_greedy_max	current-baseline[delta=0.2]	20260716	6	8	1.381723000944554	1.381723000944554	0.0	0.7219555274386069	0.7332812860681166	0.011325758629509686	1.1081450370079824	1.1081450370079824	0.0	frame_geometry	witness-af3dbff44adfdbdabc83
3	8	0.6269245441292196	0.626960217833514	3.56737042943589e-05	0.3213186185798795	0.3220262595454878	0.0007076409656083249	0.42733503606925766	0.42733503606925766	0.0	offline_greedy_max	current-baseline[delta=0.2]	20260716	6	8	0.514778021551245	0.5211790868313672	0.006401065280122187	0.30050717293247226	0.3060791930430175	0.0055720201105452505	0.42733503606925755	0.42733503606925766	1.1102230246251565e-16	chord_invariant	witness-af3dbff44adfdbdabc83
0	9	3.919181306480824	3.919181306480824	0.0	0.8256866461071223	0.8536047534045301	0.027918107297407846	1.1773254928182102	1.3589023655673247	0.1815768727491145	offline_greedy_max	zonogon[lengths=uniform(0.5,1.5)]	20260716	6	9	1.381723000944554	1.381723000944554	0.0	0.7053379152688749	0.7219555274386069	0.01661761216973201	1.04029995002731	1.1081450370079824	0.06784508698067238	frame_geometry	witness-9969c6a2b624b790a4d0
0	9	0.5515741172738463	0.6269245441292196	0.0753504268553733	0.31152582810691126	0.3213186185798795	0.009792790472968216	0.4273350360692575	0.42733503606925766	1.6653345369377348e-16	offline_greedy_max	zonogon[lengths=uniform(0.5,1.5)]	20260716	6	9	0.46570043372764336	0.514778021551245	0.04907758782360161	0.2949117596547413	0.30050717293247226	0.005595413277730943	0.42733503606925755	0.42733503606925755	0.0	chord_invariant	witness-9969c6a2b624b790a4d0
0	10	3.919181306480824	3.919181306480824	0.0	0.8187065383203093	0.8256866461071223	0.006980107786813017	1.1773254928182102	1.1773254928182102	0.0	offline_greedy_max	zonogon[lengths=uniform(0.5,1.5)]	20260716	6	10	1.2895214208080958	1.381723000944554	0.09220158013645818	0.6793488297264111	0.7053379152688749	0.02598908554246382	1.04029995002731	1.04029995002731	0.0	frame_geometry	witness-a3cea945262062a9cb24
0	10	0.5515741172738463	0.5515741172738463	0.0	0.31066145250565325	0.31152582810691126	0.0008643756012580162	0.4273350360692575	0.4273350360692575	0.0	offline_greedy_max	zonogon[lengths=uniform(0.5,1.5)]	20260716	6	10	0.46570043372764336	0.46570043372764336	0.0	0.29150910362761895	0.2949117596547413	0.003402656027122364	0.42733503606925755	0.42733503606925755	0.0	chord_invariant	witness-a3cea945262062a9cb24
0	11	3.919181306480824	3.919181306480824	0.0	0.6027151373028937	0.8187065383203093	0.21599140101741554	1.076940044502957	1.1773254928182102	0.10038544831525309	offline_greedy_max	repulsive-gap[alpha=16]	20260716	6	11	1.206601772720237	1.2895214208080958	0.0829196480878589	0.4800973185653975	0.6793488297264111	0.19925151116101358	0.9074034981952109	1.04029995002731	0.13289645183209908	frame_geometry	witness-fab61b36aa3c185f17e7
0	11	0.5515741172738463	0.5515741172738463	0.0	0.22719991286121705	0.31066145250565325	0.0834615396444362	0.36687028297797114	0.4273350360692575	0.06046475309128635	offline_greedy_max	repulsive-gap[alpha=16]	20260716	6	11	0.46570043372764336	0.46570043372764336	0.0	0.2116842406514518	0.29150910362761895	0.07982486297616714	0.3829728917545147	0.42733503606925755	0.044362144314742835	chord_invariant	witness-fab61b36aa3c185f17e7
0	12	3.919181306480824	3.919181306480824	0.0	0.6027151373028937	0.6027151373028937	0.0	1.076940044502957	1.076940044502957	0.0	offline_greedy_max	repulsive-gap[alpha=1]	20260716	6	12	1.1504752928733553	1.206601772720237	0.05612647984688168	0.466982081905395	0.4800973185653975	0.013115236660002527	0.8708051496076935	0.9074034981952109	0.036598348587517426	frame_geometry	witness-507ef466388873ca99c4
0	12	0.5515741172738463	0.5515741172738463	0.0	0.22699757891254352	0.22719991286121705	0.0002023339486735276	0.36687028297797114	0.36687028297797114	0.0	offline_greedy_max	repulsive-gap[alpha=1]	20260716	6	12	0.45767006805034177	0.46570043372764336	0.008030365677301587	0.20662227941528175	0.2116842406514518	0.0050619612361700594	0.37364509615474323	0.3829728917545147	0.009327795599771482	chord_invariant	witness-507ef466388873ca99c4
1	13	3.919181306480824	3.919181306480824	0.0	0.6020247842935004	0.6027151373028937	0.0006903530093933519	1.076940044502957	1.076940044502957	0.0	offline_greedy_max	current-baseline[delta=0.2]	20260716	6	13	1.1504752928733553	1.1504752928733553	0.0	0.462057126450762	0.466982081905395	0.004924955454632951	0.8708051496076935	0.8708051496076935	0.0	frame_geometry	witness-c704055c9c45a9ca01e2
1	13	0.5515741172738463	0.5515741172738463	0.0	0.22699757891254352	0.22699757891254352	0.0	0.36687028297797114	0.36687028297797114	0.0	offline_greedy_max	current-baseline[delta=0.2]	20260716	6	13	0.4434257323744961	0.45767006805034177	0.014244335675845654	0.2016476047625606	0.20662227941528175	0.004974674652721139	0.3638753086416476	0.37364509615474323	0.009769787513095651	chord_invariant	witness-c704055c9c45a9ca01e2
0	14	3.919181306480824	3.919181306480824	0.0	0.5985399149866497	0.6020247842935004	0.0034848693068506575	1.076940044502957	1.076940044502957	0.0	offline_greedy_max	repulsive-gap[alpha=4]	20260716	6	14	1.1504752928733553	1.1504752928733553	0.0	0.45005362819537864	0.462057126450762	0.012003498255383382	0.8708051496076935	0.8708051496076935	0.0	frame_geometry	witness-a7096d1d633d01f8bfb9
0	14	0.5262263518493797	0.5515741172738463	0.025347765424466595	0.22128943551327485	0.22699757891254352	0.0057081433992686725	0.3495273957702789	0.36687028297797114	0.017342887207692226	offline_greedy_max	repulsive-gap[alpha=4]	20260716	6	14	0.4272688270921879	0.4434257323744961	0.01615690528230823	0.19468372849994994	0.2016476047625606	0.006963876262610663	0.35549089924438465	0.3638753086416476	0.008384409397262926	chord_invariant	witness-a7096d1d633d01f8bfb9
2	15	3.919181306480824	3.919181306480824	0.0	0.5898815922190513	0.5985399149866497	0.00865832276759837	1.076940044502957	1.076940044502957	0.0	offline_greedy_max	current-baseline[delta=0.2]	20260716	6	15	1.1504752928733553	1.1504752928733553	0.0	0.42872236400819114	0.45005362819537864	0.021331264187187504	0.8459022408383705	0.8708051496076935	0.024902908769322996	frame_geometry	witness-ff15580e961722cbc4d9
2	15	0.5262263518493797	0.5262263518493797	0.0	0.21914127277053802	0.22128943551327485	0.0021481627427368255	0.3262837166205986	0.3495273957702789	0.02324367914968034	offline_greedy_max	current-baseline[delta=0.2]	20260716	6	15	0.41544781426266647	0.4272688270921879	0.011821012829521416	0.1877148646064742	0.19468372849994994	0.00696886389347573	0.34291972428481754	0.35549089924438465	0.01257117495956711	chord_invariant	witness-ff15580e961722cbc4d9
4	16	3.919181306480824	3.919181306480824	0.0	0.5853313787624536	0.5898815922190513	0.004550213456597785	1.076940044502957	1.076940044502957	0.0	offline_greedy_max	primal-hull-uniform-disk[points=n+4,origin=interior]	20260716	6	16	1.1504752928733553	1.1504752928733553	0.0	0.41792454628353737	0.42872236400819114	0.010797817724653769	0.8375035864921605	0.8459022408383705	0.00839865434621001	frame_geometry	witness-c815c25c56b3c6d56305
4	16	0.5262263518493797	0.5262263518493797	0.0	0.21728719388899112	0.21914127277053802	0.0018540788815469	0.3262837166205986	0.3262837166205986	0.0	offline_greedy_max	primal-hull-uniform-disk[points=n+4,origin=interior]	20260716	6	16	0.40705785405720407	0.41544781426266647	0.008389960205462399	0.18263895756414467	0.1877148646064742	0.005075907042329547	0.32137284179435804	0.34291972428481754	0.021546882490459496	chord_invariant	witness-c815c25c56b3c6d56305
5	17	3.1786085739613	3.919181306480824	0.7405727325195239	0.5765150367086497	0.5853313787624536	0.008816342053803883	1.076940044502957	1.076940044502957	0.0	offline_greedy_max	current-baseline[delta=0.2]	20260716	6	17	1.114337872109024	1.1504752928733553	0.03613742076433124	0.400543845639708	0.41792454628353737	0.01738070064382935	0.7991597931361138	0.8375035864921605	0.03834379335604665	frame_geometry	witness-a02f933a32a6a3cef0b9
5	17	0.5262263518493797	0.5262263518493797	0.0	0.2163372069249125	0.21728719388899112	0.0009499869640786085	0.3262837166205986	0.3262837166205986	0.0	offline_greedy_max	current-baseline[delta=0.2]	20260716	6	17	0.40705785405720407	0.40705785405720407	0.0	0.1775860090501439	0.18263895756414467	0.00505294851400076	0.3171922907478208	0.32137284179435804	0.004180551046537251	chord_invariant	witness-a02f933a32a6a3cef0b9
0	18	3.1786085739613	3.1786085739613	0.0	0.5765150367086497	0.5765150367086497	0.0	1.076940044502957	1.076940044502957	0.0	offline_greedy_max	repulsive-gap[alpha=1]	20260716	6	18	0.9823408274858798	1.114337872109024	0.1319970446231442	0.38843147746461	0.400543845639708	0.012112368175098032	0.7801411465892663	0.7991597931361138	0.019018646546847595	frame_geometry	witness-253d7d90e39575f15aa4
0	18	0.5262263518493797	0.5262263518493797	0.0	0.21326790660825354	0.2163372069249125	0.003069300316658974	0.3211717066612054	0.3262837166205986	0.005112009959393149	offline_greedy_max	repulsive-gap[alpha=1]	20260716	6	18	0.4003526553096408	0.40705785405720407	0.006705198747563257	0.17316146715821776	0.1775860090501439	0.004424541891926148	0.31490479714160347	0.3171922907478208	0.002287493606217328	chord_invariant	witness-253d7d90e39575f15aa4
0	19	3.1786085739613	3.1786085739613	0.0	0.5743851680022342	0.5765150367086497	0.0021298687064155164	1.076940044502957	1.076940044502957	0.0	offline_greedy_max	repulsive-gap[alpha=1]	20260716	6	19	0.9823408274858798	0.9823408274858798	0.0	0.37930382059283646	0.38843147746461	0.009127656871773526	0.7722426166185333	0.7801411465892663	0.007898529970732926	frame_geometry	witness-a83fcec618e6b1b2b658
0	19	0.5262263518493797	0.5262263518493797	0.0	0.21129503307343084	0.21326790660825354	0.0019728735348227	0.3211717066612054	0.3211717066612054	0.0	offline_greedy_max	repulsive-gap[alpha=1]	20260716	6	19	0.3838905805635441	0.4003526553096408	0.016462074746096733	0.16880980786137387	0.17316146715821776	0.0043516592968438905	0.3081603647187135	0.31490479714160347	0.006744432422889968	chord_invariant	witness-a83fcec618e6b1b2b658
0	20	3.1786085739613	3.1786085739613	0.0	0.5736581942170595	0.5743851680022342	0.0007269737851746116	1.076940044502957	1.076940044502957	0.0	offline_greedy_max	zonogon[lengths=uniform(0.5,1.5)]	20260716	6	20	0.9823408274858798	0.9823408274858798	0.0	0.37390951187711113	0.37930382059283646	0.005394308715725327	0.7722426166185333	0.7722426166185333	0.0	frame_geometry	witness-fa6d250544de63aee6d7
0	20	0.5262263518493797	0.5262263518493797	0.0	0.21106266042487293	0.21129503307343084	0.0002323726485579103	0.3211717066612054	0.3211717066612054	0.0	offline_greedy_max	zonogon[lengths=uniform(0.5,1.5)]	20260716	6	20	0.36250352282280535	0.3838905805635441	0.021387057740738735	0.16458251935578208	0.16880980786137387	0.004227288505591786	0.30602335727197677	0.3081603647187135	0.0021370074467367273	chord_invariant	witness-fa6d250544de63aee6d7
1	21	3.1786085739613	3.1786085739613	0.0	0.5695541710885115	0.5736581942170595	0.004104023128548073	1.076940044502957	1.076940044502957	0.0	offline_greedy_max	repulsive-gap[alpha=1]	20260716	6	21	0.9823408274858798	0.9823408274858798	0.0	0.3623388731689819	0.37390951187711113	0.011570638708129244	0.7709111133091967	0.7722426166185333	0.0013315033093366235	frame_geometry	witness-9f945b258e6fa8bb6672
1	21	0.5262263518493797	0.5262263518493797	0.0	0.21106266042487293	0.21106266042487293	0.0	0.3211717066612054	0.3211717066612054	0.0	offline_greedy_max	repulsive-gap[alpha=1]	20260716	6	21	0.35065900550403795	0.36250352282280535	0.0118445173187674	0.16064226367292547	0.16458251935578208	0.003940255682856608	0.3037596841359433	0.30602335727197677	0.002263673136033484	chord_invariant	witness-9f945b258e6fa8bb6672
2	22	3.1786085739613	3.1786085739613	0.0	0.5537210344447056	0.5695541710885115	0.015833136643805923	1.0426051339951807	1.076940044502957	0.03433491050777637	offline_greedy_max	primal-hull-uniform-disk[points=n+4,origin=interior]	20260716	6	22	0.9537142460023169	0.9823408274858798	0.028626581483562896	0.34441474437289654	0.3623388731689819	0.017924128796085348	0.7424827007502686	0.7709111133091967	0.02842841255892814	frame_geometry	witness-e98125a0446d68685b3e
2	22	0.43583588739944107	0.5262263518493797	0.09039046444993865	0.20756285934898866	0.21106266042487293	0.003499801075884268	0.3087722240539805	0.3211717066612054	0.012399482607224899	offline_greedy_max	primal-hull-uniform-disk[points=n+4,origin=interior]	20260716	6	22	0.35065900550403795	0.35065900550403795	0.0	0.15608810742744436	0.16064226367292547	0.004554156245481111	0.30308968169522765	0.3037596841359433	0.0006700024407156335	chord_invariant	witness-e98125a0446d68685b3e
0	23	3.1786085739613	3.1786085739613	0.0	0.553560985254243	0.5537210344447056	0.00016004919046253008	1.0426051339951807	1.0426051339951807	0.0	offline_greedy_max	repulsive-gap[alpha=1]	20260716	6	23	0.8515552017417805	0.9537142460023169	0.10215904426053646	0.3340482851772192	0.34441474437289654	0.010366459195677358	0.7376906048920057	0.7424827007502686	0.004792095858262901	frame_geometry	witness-2808d975f708bde4cbfe
0	23	0.43583588739944107	0.43583588739944107	0.0	0.20756285934898866	0.20756285934898866	0.0	0.3087722240539805	0.3087722240539805	0.0	offline_greedy_max	repulsive-gap[alpha=1]	20260716	6	23	0.3461174145553844	0.35065900550403795	0.004541590948653529	0.15227659649805267	0.15608810742744436	0.0038115109293916927	0.30022833554320644	0.30308968169522765	0.0028613461520212158	chord_invariant	witness-2808d975f708bde4cbfe
2	24	3.1786085739613	3.1786085739613	0.0	0.553560985254243	0.553560985254243	0.0	1.0426051339951807	1.0426051339951807	0.0	offline_greedy_max	primal-hull-uniform-disk[points=n+4,origin=interior]	20260716	6	24	0.8173359750931338	0.8515552017417805	0.03421922664864663	0.3247922503756781	0.3340482851772192	0.00925603480154108	0.7117066266113814	0.7376906048920057	0.025983978280624265	frame_geometry	witness-480a2eea018b5481b2d7
2	24	0.43583588739944107	0.43583588739944107	0.0	0.2069483787797255	0.20756285934898866	0.000614480569263165	0.3087722240539805	0.3087722240539805	0.0	offline_greedy_max	primal-hull-uniform-disk[points=n+4,origin=interior]	20260716	6	24	0.3461174145553844	0.3461174145553844	0.0	0.1498260417080614	0.15227659649805267	0.0024505547899912605	0.30022833554320644	0.30022833554320644	0.0	chord_invariant	witness-480a2eea018b5481b2d7
0	1	4.316716849968006	4.316716849968006	0.0	1.0593656064856514	1.0593656064856514	0.0	1.5548707520570422	1.5548707520570422	0.0	offline_greedy_frame	current-baseline[delta=0.2]	20260716	6	1	2.537395105050271	7.945630400557357	5.408235295507085	1.0401386099046426	1.1265041577367878	0.08636554783214523	1.395052142454821	1.4205675787148841	0.02551543626006314	frame_geometry	witness-8171cd3bc8bcc0698332
0	1	0.7355983440715382	1.0303428603039597	0.2947445162324215	0.4060724077142935	0.41442097028182656	0.00834856256753308	0.555989937748614	0.555989937748614	0.0	offline_greedy_frame	current-baseline[delta=0.2]	20260716	6	1	0.8558704539155237	1.6251145776829894	0.7692441237674656	0.39551975962324076	0.41980905014014774	0.02428929051690698	0.5328362559130965	0.5328362559130966	1.1102230246251565e-16	chord_invariant	witness-8171cd3bc8bcc0698332
0	2	4.316716849968006	4.316716849968006	0.0	1.0593656064856514	1.0593656064856514	0.0	1.5548707520570422	1.5548707520570422	0.0	offline_greedy_frame	repulsive-gap[alpha=1]	20260716	6	2	2.19409499247057	2.537395105050271	0.3433001125797013	1.0085128981988463	1.0401386099046426	0.03162571170579631	1.3063449059515742	1.395052142454821	0.08870723650324686	frame_geometry	witness-b52d0b7e08c046ac8a39
0	2	0.7355983440715382	0.7355983440715382	0.0	0.4039239627764876	0.4060724077142935	0.00214844493780586	0.5478952090396378	0.555989937748614	0.008094728708976207	offline_greedy_frame	repulsive-gap[alpha=1]	20260716	6	2	0.6648920825290822	0.8558704539155237	0.19097837138644158	0.384167197021598	0.39551975962324076	0.011352562601642746	0.5328362559130965	0.5328362559130965	0.0	chord_invariant	witness-b52d0b7e08c046ac8a39
0	3	4.316716849968006	4.316716849968006	0.0	1.0395167608338416	1.0593656064856514	0.019848845651809777	1.5548707520570422	1.5548707520570422	0.0	offline_greedy_frame	repulsive-gap[alpha=1]	20260716	6	3	2.1296790435481308	2.19409499247057	0.06441594892243918	0.9846640395850358	1.0085128981988463	0.023848858613810475	1.2878882050315679	1.3063449059515742	0.018456700920006286	frame_geometry	witness-bc1189ab7d849e4a940e
0	3	0.7355983440715382	0.7355983440715382	0.0	0.3924716030564904	0.4039239627764876	0.011452359719997196	0.5328362559130967	0.5478952090396378	0.015058953126541152	offline_greedy_frame	repulsive-gap[alpha=1]	20260716	6	3	0.6648920825290822	0.6648920825290822	0.0	0.37848865067595266	0.384167197021598	0.005678546345645352	0.5328362559130965	0.5328362559130965	0.0	chord_invariant	witness-bc1189ab7d849e4a940e
0	4	4.316716849968006	4.316716849968006	0.0	0.9266138073285957	1.0395167608338416	0.11290295350524593	1.365031567687734	1.5548707520570422	0.18983918436930813	offline_greedy_frame	repulsive-gap[alpha=4]	20260716	6	4	1.6851410838813108	2.1296790435481308	0.44453795966681997	0.8392520982230726	0.9846640395850358	0.14541194136196323	1.2038981629701426	1.2878882050315679	0.08399004206142524	frame_geometry	witness-e38b1197d8a438306e1c
0	4	0.7355983440715382	0.7355983440715382	0.0	0.3423503795279397	0.3924716030564904	0.05012122352855075	0.5083949684802652	0.5328362559130967	0.02444128743283147	offline_greedy_frame	repulsive-gap[alpha=4]	20260716	6	4	0.6648920825290822	0.6648920825290822	0.0	0.329280812997054	0.37848865067595266	0.04920783767889869	0.4273350360692579	0.5328362559130965	0.10550121984383859	chord_invariant	witness-e38b1197d8a438306e1c
3	5	3.919181306480824	4.316716849968006	0.3975355434871819	0.9218812413347005	0.9266138073285957	0.004732565993895155	1.365031567687734	1.365031567687734	0.0	offline_greedy_frame	current-baseline[delta=0.2]	20260716	6	5	1.5435276729155785	1.6851410838813108	0.14161341096573232	0.8250028019992619	0.8392520982230726	0.014249296223810659	1.1779345241935053	1.2038981629701426	0.02596363877663732	frame_geometry	witness-e540d920dcd590b35122
3	5	0.7355983440715382	0.7355983440715382	0.0	0.34041690089769494	0.3423503795279397	0.0019334786302447338	0.49966827615906606	0.5083949684802652	0.008726692321199159	offline_greedy_frame	current-baseline[delta=0.2]	20260716	6	5	0.6648920825290822	0.6648920825290822	0.0	0.32269016099669967	0.329280812997054	0.006590652000354302	0.4273350360692579	0.4273350360692579	0.0	chord_invariant	witness-e540d920dcd590b35122
0	6	3.919181306480824	3.919181306480824	0.0	0.8989991403911333	0.9218812413347005	0.02288210094356724	1.365031567687734	1.365031567687734	0.0	offline_greedy_frame	primal-hull-uniform-disk[points=n+4,origin=interior]	20260716	6	6	1.381723000944554	1.5435276729155785	0.16180467197102444	0.7935763381871656	0.8250028019992619	0.03142646381209635	1.1462494943000985	1.1779345241935053	0.031685029893406824	frame_geometry	witness-ca83c38f19865894ba98
0	6	0.7355983440715382	0.7355983440715382	0.0	0.334818713929078	0.34041690089769494	0.005598186968616914	0.4633670106907384	0.49966827615906606	0.03630126546832768	offline_greedy_frame	primal-hull-uniform-disk[points=n+4,origin=interior]	20260716	6	6	0.6648920825290822	0.6648920825290822	0.0	0.3144579133379635	0.32269016099669967	0.008232247658736147	0.42733503606925766	0.4273350360692579	2.220446049250313e-16	chord_invariant	witness-ca83c38f19865894ba98
0	7	3.919181306480824	3.919181306480824	0.0	0.889379286386966	0.8989991403911333	0.009619854004167316	1.365031567687734	1.365031567687734	0.0	offline_greedy_frame	zonogon[lengths=uniform(0.5,1.5)]	20260716	6	7	1.3663046736777418	1.381723000944554	0.015418327266812248	0.7645664087388393	0.7935763381871656	0.029009929448326255	1.144033028597679	1.1462494943000985	0.0022164657024195122	frame_geometry	witness-a3cea945262062a9cb24
0	7	0.7355983440715382	0.7355983440715382	0.0	0.3337726561928533	0.334818713929078	0.001046057736224737	0.4633670106907384	0.4633670106907384	0.0	offline_greedy_frame	zonogon[lengths=uniform(0.5,1.5)]	20260716	6	7	0.6648920825290822	0.6648920825290822	0.0	0.31105525731084116	0.3144579133379635	0.003402656027122364	0.42733503606925766	0.42733503606925766	0.0	chord_invariant	witness-a3cea945262062a9cb24
0	8	3.919181306480824	3.919181306480824	0.0	0.6261495940594477	0.889379286386966	0.26322969232751825	1.1024311296480704	1.365031567687734	0.2626004380396636	offline_greedy_frame	repulsive-gap[alpha=16]	20260716	6	8	1.206601772720237	1.3663046736777418	0.15970290095750483	0.514271872221402	0.7645664087388393	0.25029453651743727	0.951746688142614	1.144033028597679	0.19228634045506499	frame_geometry	witness-fab61b36aa3c185f17e7
0	8	0.7355983440715382	0.7355983440715382	0.0	0.25031111654841715	0.3337726561928533	0.08346153964443614	0.4633670106907384	0.4633670106907384	0.0	offline_greedy_frame	repulsive-gap[alpha=16]	20260716	6	8	0.6648920825290822	0.6648920825290822	0.0	0.23091304990903866	0.31105525731084116	0.0801422074018025	0.40553201051632753	0.42733503606925766	0.021803025552930122	chord_invariant	witness-fab61b36aa3c185f17e7
0	9	3.919181306480824	3.919181306480824	0.0	0.6261495940594477	0.6261495940594477	0.0	1.1024311296480704	1.1024311296480704	0.0	offline_greedy_frame	repulsive-gap[alpha=1]	20260716	6	9	1.1504752928733553	1.206601772720237	0.05612647984688168	0.5011566355613993	0.514271872221402	0.013115236660002694	0.9336353979170373	0.951746688142614	0.01811129022557667	frame_geometry	witness-507ef466388873ca99c4
0	9	0.7355983440715382	0.7355983440715382	0.0	0.2501087825997436	0.25031111654841715	0.0002023339486735276	0.4633670106907384	0.4633670106907384	0.0	offline_greedy_frame	repulsive-gap[alpha=1]	20260716	6	9	0.6648920825290822	0.6648920825290822	0.0	0.22585108867286866	0.23091304990903866	0.005061961236170004	0.3917048221423447	0.40553201051632753	0.013827188373982835	chord_invariant	witness-507ef466388873ca99c4
5	10	3.1786085739613	3.919181306480824	0.7405727325195239	0.6173332520056439	0.6261495940594477	0.008816342053803772	1.1024311296480704	1.1024311296480704	0.0	offline_greedy_frame	current-baseline[delta=0.2]	20260716	6	10	1.114337872109024	1.1504752928733553	0.03613742076433124	0.4837759349175701	0.5011566355613993	0.01738070064382924	0.9096447542395384	0.9336353979170373	0.023990643677498924	frame_geometry	witness-a02f933a32a6a3cef0b9
5	10	0.6691355464711711	0.7355983440715382	0.06646279760036711	0.24356873500426607	0.2501087825997436	0.0065400475954775494	0.4582995302426812	0.4633670106907384	0.00506748044805716	offline_greedy_frame	current-baseline[delta=0.2]	20260716	6	10	0.5942981579177878	0.6648920825290822	0.07059392461129432	0.21797364014215506	0.22585108867286866	0.007877448530713593	0.3901571662851099	0.3917048221423447	0.0015476558572348198	chord_invariant	witness-a02f933a32a6a3cef0b9
0	11	3.1786085739613	3.1786085739613	0.0	0.6173332520056439	0.6173332520056439	0.0	1.1024311296480704	1.1024311296480704	0.0	offline_greedy_frame	repulsive-gap[alpha=1]	20260716	6	11	1.041969793914894	1.114337872109024	0.07236807819413005	0.47166356674247206	0.4837759349175701	0.012112368175098032	0.8931153371028544	0.9096447542395384	0.016529417136683988	frame_geometry	witness-253d7d90e39575f15aa4
0	11	0.6691355464711711	0.6691355464711711	0.0	0.24049943468760715	0.24356873500426607	0.0030693003166589183	0.4582995302426812	0.4582995302426812	0.0	offline_greedy_frame	repulsive-gap[alpha=1]	20260716	6	11	0.5942981579177878	0.5942981579177878	0.0	0.21354909825022894	0.21797364014215506	0.00442454189192612	0.3838902106671155	0.3901571662851099	0.006266955617994396	chord_invariant	witness-253d7d90e39575f15aa4
1	12	3.1786085739613	3.1786085739613	0.0	0.6166428989962506	0.6173332520056439	0.0006903530093933519	1.1024311296480704	1.1024311296480704	0.0	offline_greedy_frame	current-baseline[delta=0.2]	20260716	6	12	1.0297024861518764	1.041969793914894	0.012267307763017543	0.46459222288278806	0.47166356674247206	0.007071343859683998	0.8708051496076935	0.8931153371028544	0.022310187495160894	frame_geometry	witness-c704055c9c45a9ca01e2
1	12	0.6691355464711711	0.6691355464711711	0.0	0.24049943468760715	0.24049943468760715	0.0	0.4582995302426812	0.4582995302426812	0.0	offline_greedy_frame	current-baseline[delta=0.2]	20260716	6	12	0.5942981579177878	0.5942981579177878	0.0	0.2085744235975078	0.21354909825022894	0.004974674652721139	0.3817485457216128	0.3838902106671155	0.0021416649455026637	chord_invariant	witness-c704055c9c45a9ca01e2
0	13	3.1786085739613	3.1786085739613	0.0	0.5912422152379846	0.6166428989962506	0.025400683758265985	1.0780330808677272	1.1024311296480704	0.02439804878034324	offline_greedy_frame	repulsive-gap[alpha=4]	20260716	6	13	0.9537142460023169	1.0297024861518764	0.07598824014955952	0.4227431362698603	0.46459222288278806	0.041849086612927744	0.8378049396185596	0.8708051496076935	0.03300020998913389	frame_geometry	witness-8d889a0212419e08b31d
0	13	0.6691355464711711	0.6691355464711711	0.0	0.237408983595942	0.24049943468760715	0.0030904510916651418	0.4582995302426812	0.4582995302426812	0.0	offline_greedy_frame	repulsive-gap[alpha=4]	20260716	6	13	0.5942981579177878	0.5942981579177878	0.0	0.20008837937353552	0.2085744235975078	0.008486044223972283	0.3613190710909287	0.3817485457216128	0.02042947463068412	chord_invariant	witness-8d889a0212419e08b31d
0	14	3.1786085739613	3.1786085739613	0.0	0.5910821660475221	0.5912422152379846	0.00016004919046253008	1.0780330808677272	1.0780330808677272	0.0	offline_greedy_frame	repulsive-gap[alpha=1]	20260716	6	14	0.9340386674052864	0.9537142460023169	0.019675578597030507	0.412376677074183	0.4227431362698603	0.010366459195677302	0.8199057548750709	0.8378049396185596	0.017899184743488727	frame_geometry	witness-2808d975f708bde4cbfe
0	14	0.6691355464711711	0.6691355464711711	0.0	0.237408983595942	0.237408983595942	0.0	0.4582995302426812	0.4582995302426812	0.0	offline_greedy_frame	repulsive-gap[alpha=1]	20260716	6	14	0.5942981579177878	0.5942981579177878	0.0	0.1949288845804602	0.20008837937353552	0.005159494793075314	0.35926952509013355	0.3613190710909287	0.002049546000795155	chord_invariant	witness-2808d975f708bde4cbfe
4	15	3.1786085739613	3.1786085739613	0.0	0.5865319525909242	0.5910821660475221	0.004550213456597896	1.0780330808677272	1.0780330808677272	0.0	offline_greedy_frame	primal-hull-uniform-disk[points=n+4,origin=interior]	20260716	6	15	0.9300059725227948	0.9340386674052864	0.004032694882491583	0.4015788593495293	0.412376677074183	0.010797817724653713	0.7810408833633607	0.8199057548750709	0.03886487151171014	frame_geometry	witness-c815c25c56b3c6d56305
4	15	0.6597723463631527	0.6691355464711711	0.009363200108018388	0.23139764604135044	0.237408983595942	0.006011337554591573	0.4114756976643982	0.4582995302426812	0.04682383257828304	offline_greedy_frame	primal-hull-uniform-disk[points=n+4,origin=interior]	20260716	6	15	0.5845724644284271	0.5942981579177878	0.009725693489360698	0.18697174502475467	0.1949288845804602	0.007957139555705539	0.3183981393007065	0.35926952509013355	0.04087138578942706	chord_invariant	witness-c815c25c56b3c6d56305
0	16	3.1786085739613	3.1786085739613	0.0	0.5844529985033716	0.5865319525909242	0.0020789540875525425	1.0780330808677272	1.0780330808677272	0.0	offline_greedy_frame	zonogon[lengths=uniform(0.5,1.5)]	20260716	6	16	0.9100860256429452	0.9300059725227948	0.01991994687984966	0.3900928667944259	0.4015788593495293	0.011485992555103408	0.771453444972672	0.7810408833633607	0.009587438390688763	frame_geometry	witness-fa6d250544de63aee6d7
0	16	0.6597723463631527	0.6597723463631527	0.0	0.2291866062075299	0.23139764604135044	0.0022110398338205384	0.4013740932167911	0.4114756976643982	0.010101604447607104	offline_greedy_frame	zonogon[lengths=uniform(0.5,1.5)]	20260716	6	16	0.5845724644284271	0.5845724644284271	0.0	0.1826545096175453	0.18697174502475467	0.004317235407209352	0.31490479714160347	0.3183981393007065	0.003493342159103019	chord_invariant	witness-fa6d250544de63aee6d7
2	17	3.1786085739613	3.1786085739613	0.0	0.5704033282662605	0.5844529985033716	0.014049670237111123	1.076940044502957	1.0780330808677272	0.0010930363647700947	offline_greedy_frame	primal-hull-uniform-disk[points=n+4,origin=interior]	20260716	6	17	0.9073048116078507	0.9100860256429452	0.002781214035094459	0.3771781111339302	0.3900928667944259	0.012914755660495714	0.7503728858436309	0.771453444972672	0.021080559129041054	frame_geometry	witness-e98125a0446d68685b3e
2	17	0.6597723463631527	0.6597723463631527	0.0	0.22477498240619312	0.2291866062075299	0.004411623801336778	0.39739589338299786	0.4013740932167911	0.003978199833793217	offline_greedy_frame	primal-hull-uniform-disk[points=n+4,origin=interior]	20260716	6	17	0.5845724644284271	0.5845724644284271	0.0	0.177672525979962	0.1826545096175453	0.004981983637583315	0.30606488343447474	0.31490479714160347	0.008839913707128721	chord_invariant	witness-e98125a0446d68685b3e
0	18	3.1786085739613	3.1786085739613	0.0	0.5555411948909343	0.5704033282662605	0.014862133375326159	1.0426051339951807	1.076940044502957	0.03433491050777637	offline_greedy_frame	zonogon[lengths=uniform(0.5,1.5)]	20260716	6	18	0.8515552017417805	0.9073048116078507	0.05574960986607025	0.3673161023121057	0.3771781111339302	0.009862008821824475	0.7433172656871738	0.7503728858436309	0.00705562015645711	frame_geometry	witness-9969c6a2b624b790a4d0
0	18	0.5141999947157404	0.6597723463631527	0.14557235164741233	0.21233847948225107	0.22477498240619312	0.01243650292394205	0.34073814070831077	0.39739589338299786	0.05665775267468709	offline_greedy_frame	zonogon[lengths=uniform(0.5,1.5)]	20260716	6	18	0.41028186385494914	0.5845724644284271	0.174290600573478	0.17131847745356607	0.177672525979962	0.006354048526395928	0.30417398929517614	0.30606488343447474	0.0018908941392986045	chord_invariant	witness-9969c6a2b624b790a4d0
2	19	3.1786085739613	3.1786085739613	0.0	0.5555411948909343	0.5555411948909343	0.0	1.0426051339951807	1.0426051339951807	0.0	offline_greedy_frame	primal-hull-uniform-disk[points=n+4,origin=interior]	20260716	6	19	0.8445020606502086	0.8515552017417805	0.007053141091571846	0.35806006751056463	0.3673161023121057	0.00925603480154108	0.7407590499142579	0.7433172656871738	0.0025582157729159283	frame_geometry	witness-480a2eea018b5481b2d7
2	19	0.5141999947157404	0.5141999947157404	0.0	0.2117239989129879	0.21233847948225107	0.000614480569263165	0.34073814070831077	0.34073814070831077	0.0	offline_greedy_frame	primal-hull-uniform-disk[points=n+4,origin=interior]	20260716	6	19	0.41028186385494914	0.41028186385494914	0.0	0.16886792266357484	0.17131847745356607	0.0024505547899912328	0.30417398929517614	0.30417398929517614	0.0	chord_invariant	witness-480a2eea018b5481b2d7
3	20	3.1786085739613	3.1786085739613	0.0	0.5555411948909343	0.5555411948909343	0.0	1.0426051339951807	1.0426051339951807	0.0	offline_greedy_frame	current-baseline[delta=0.2]	20260716	6	20	0.8397444322031633	0.8445020606502086	0.004757628447045303	0.3488806972861058	0.35806006751056463	0.009179370224458805	0.7225284826216136	0.7407590499142579	0.018230567292644273	frame_geometry	witness-af3dbff44adfdbdabc83
3	20	0.5141999947157404	0.5141999947157404	0.0	0.2117239989129879	0.2117239989129879	0.0	0.34073814070831077	0.34073814070831077	0.0	offline_greedy_frame	current-baseline[delta=0.2]	20260716	6	20	0.4003526553096408	0.41028186385494914	0.009929208545308321	0.1646438864167132	0.16886792266357484	0.004224036246861629	0.30345480896599014	0.30417398929517614	0.0007191803291859977	chord_invariant	witness-af3dbff44adfdbdabc83
0	21	3.1786085739613	3.1786085739613	0.0	0.5534113261845189	0.5555411948909343	0.0021298687064154054	1.0426051339951807	1.0426051339951807	0.0	offline_greedy_frame	repulsive-gap[alpha=1]	20260716	6	21	0.8203495063571249	0.8397444322031633	0.019394925846038413	0.33975304041433235	0.3488806972861058	0.00912765687177347	0.7158577164041804	0.7225284826216136	0.006670766217433233	frame_geometry	witness-a83fcec618e6b1b2b658
0	21	0.43583588739944107	0.5141999947157404	0.07836410731629934	0.20975112537816526	0.2117239989129879	0.0019728735348226445	0.34073814070831077	0.34073814070831077	0.0	offline_greedy_frame	repulsive-gap[alpha=1]	20260716	6	21	0.39527196178804	0.4003526553096408	0.005080693521600788	0.16029222711986926	0.1646438864167132	0.004351659296843946	0.30032937396077564	0.30345480896599014	0.0031254350052145052	chord_invariant	witness-a83fcec618e6b1b2b658
0	22	3.1786085739613	3.1786085739613	0.0	0.5030081049032548	0.5534113261845189	0.05040322128126418	0.8376533318316031	1.0426051339951807	0.20495180216357767	offline_greedy_frame	regular-mutation[steps=4,scale=0.03]	20260716	6	22	0.7810120655778232	0.8203495063571249	0.03933744077930168	0.2840834860118547	0.33975304041433235	0.05566955440247767	0.6595388077099137	0.7158577164041804	0.0563189086942667	frame_geometry	witness-fc87ffc6ecad898c2a2e
0	22	0.43583588739944107	0.43583588739944107	0.0	0.20356847959628493	0.20975112537816526	0.006182645781880325	0.34073814070831077	0.34073814070831077	0.0	offline_greedy_frame	regular-mutation[steps=4,scale=0.03]	20260716	6	22	0.39527196178804	0.39527196178804	0.0	0.15373026596121359	0.16029222711986926	0.006561961158655677	0.30032937396077564	0.30032937396077564	0.0	chord_invariant	witness-fc87ffc6ecad898c2a2e
0	23	3.1786085739613	3.1786085739613	0.0	0.5030081049032548	0.5030081049032548	0.0	0.8376533318316031	0.8376533318316031	0.0	offline_greedy_frame	zonogon[lengths=uniform(0.5,1.5)]	20260716	6	23	0.7723028756922528	0.7810120655778232	0.008709189885570456	0.275594224429487	0.2840834860118547	0.00848926158236768	0.6436619650224139	0.6595388077099137	0.01587684268749978	frame_geometry	witness-043d3e8236185769402a
0	23	0.43583588739944107	0.43583588739944107	0.0	0.20356847959628493	0.20356847959628493	0.0	0.34073814070831077	0.34073814070831077	0.0	offline_greedy_frame	zonogon[lengths=uniform(0.5,1.5)]	20260716	6	23	0.39527196178804	0.39527196178804	0.0	0.15042808928911908	0.15373026596121359	0.003302176672094509	0.30008045469934563	0.30032937396077564	0.00024891926143000287	chord_invariant	witness-043d3e8236185769402a
0	24	3.1786085739613	3.1786085739613	0.0	0.5030081049032548	0.5030081049032548	0.0	0.8376533318316031	0.8376533318316031	0.0	offline_greedy_frame	repulsive-gap[alpha=1]	20260716	6	24	0.7638085684964441	0.7723028756922528	0.008494307195808681	0.2665133004485987	0.275594224429487	0.009080923980888278	0.623067182427923	0.6436619650224139	0.02059478259449088	frame_geometry	witness-d001479972491e5c97ef
0	24	0.43583588739944107	0.43583588739944107	0.0	0.20356847959628493	0.20356847959628493	0.0	0.34073814070831077	0.34073814070831077	0.0	offline_greedy_frame	repulsive-gap[alpha=1]	20260716	6	24	0.39527196178804	0.39527196178804	0.0	0.14515376835825636	0.15042808928911908	0.005274320930862719	0.298879329685407	0.30008045469934563	0.0012011250139386531	chord_invariant	witness-d001479972491e5c97ef
0	1	4.316716849968006	4.316716849968006	0.0	1.0395167608338416	1.0593656064856514	0.019848845651809777	1.5548707520570422	1.5548707520570422	0.0	offline_greedy_chord	repulsive-gap[alpha=1]	20260716	6	1	7.945630400557357	7.945630400557357	0.0	1.1026552991229772	1.1265041577367878	0.023848858613810586	1.395052142454821	1.4205675787148841	0.02551543626006314	frame_geometry	witness-bc1189ab7d849e4a940e
0	1	0.7355983440715382	1.0303428603039597	0.2947445162324215	0.3940539108421315	0.41442097028182656	0.02036705943969508	0.5337237806113418	0.555989937748614	0.022266157137272202	offline_greedy_chord	repulsive-gap[alpha=1]	20260716	6	1	0.6648920825290822	1.6251145776829894	0.9602224951539072	0.3915530227032726	0.41980905014014774	0.028256027436875164	0.5328362559130965	0.5328362559130966	1.1102230246251565e-16	chord_invariant	witness-bc1189ab7d849e4a940e
0	2	4.316716849968006	4.316716849968006	0.0	0.9941223738472387	1.0395167608338416	0.04539438698660292	1.5548707520570422	1.5548707520570422	0.0	offline_greedy_chord	zonogon[lengths=uniform(0.5,1.5)]	20260716	6	2	7.945630400557357	7.945630400557357	0.0	1.0423602470039284	1.1026552991229772	0.06029505211904884	1.395052142454821	1.395052142454821	0.0	frame_geometry	witness-b8aa9f6601d949890333
0	2	0.626960217833514	0.7355983440715382	0.10863812623802427	0.37842628929684696	0.3940539108421315	0.01562762154528452	0.5328362559130966	0.5337237806113418	0.0008875246982452678	offline_greedy_chord	zonogon[lengths=uniform(0.5,1.5)]	20260716	6	2	0.5701243715188166	0.6648920825290822	0.0947677110102656	0.382124871839239	0.3915530227032726	0.009428150864033591	0.5328362559130965	0.5328362559130965	0.0	chord_invariant	witness-b8aa9f6601d949890333
0	3	4.316716849968006	4.316716849968006	0.0	0.9941223738472387	0.9941223738472387	0.0	1.5548707520570422	1.5548707520570422	0.0	offline_greedy_chord	repulsive-gap[alpha=1]	20260716	6	3	7.945630400557357	7.945630400557357	0.0	1.010734535298132	1.0423602470039284	0.03162571170579631	1.2878882050315679	1.395052142454821	0.10716393742325314	frame_geometry	witness-b52d0b7e08c046ac8a39
0	3	0.626960217833514	0.626960217833514	0.0	0.3768439815112059	0.37842628929684696	0.0015823077856410572	0.5328362559130965	0.5328362559130966	1.1102230246251565e-16	offline_greedy_chord	repulsive-gap[alpha=1]	20260716	6	3	0.5328362559130969	0.5701243715188166	0.03728811560571965	0.3747390461575645	0.382124871839239	0.007385825681674507	0.5328362559130962	0.5328362559130965	2.220446049250313e-16	chord_invariant	witness-b52d0b7e08c046ac8a39
0	4	4.316716849968006	4.316716849968006	0.0	0.8630991970811237	0.9941223738472387	0.13102317676611497	1.4215906106058214	1.5548707520570422	0.1332801414512208	offline_greedy_chord	regular-mutation[steps=4,scale=0.03]	20260716	6	4	7.945630400557357	7.945630400557357	0.0	0.8511912091101227	1.010734535298132	0.15954332618800937	1.2824764875598627	1.2878882050315679	0.005411717471705213	frame_geometry	witness-fc87ffc6ecad898c2a2e
0	4	0.626960217833514	0.626960217833514	0.0	0.24813089273990857	0.3768439815112059	0.12871308877129733	0.43669470882711275	0.5328362559130965	0.09614154708598371	offline_greedy_chord	regular-mutation[steps=4,scale=0.03]	20260716	6	4	0.52242626379937	0.5328362559130969	0.010409992113726951	0.25393928058194226	0.3747390461575645	0.12079976557562222	0.4253048771811179	0.5328362559130962	0.10753137873197832	chord_invariant	witness-fc87ffc6ecad898c2a2e
0	5	4.316716849968006	4.316716849968006	0.0	0.8630991970811237	0.8630991970811237	0.0	1.4215906106058214	1.4215906106058214	0.0	offline_greedy_chord	current-baseline[delta=0.2]	20260716	6	5	1.9101628925755063	7.945630400557357	6.03546750798185	0.7648256612779775	0.8511912091101227	0.08636554783214523	1.266530514010558	1.2824764875598627	0.015945973549304604	frame_geometry	witness-8171cd3bc8bcc0698332
0	5	0.626960217833514	0.626960217833514	0.0	0.24813089273990857	0.24813089273990857	0.0	0.43669470882711275	0.43669470882711275	0.0	offline_greedy_chord	current-baseline[delta=0.2]	20260716	6	5	0.5211790868313672	0.52242626379937	0.0012471769680028055	0.2482607342362969	0.25393928058194226	0.005678546345645352	0.4075721805890586	0.4253048771811179	0.017732696592059338	chord_invariant	witness-8171cd3bc8bcc0698332
3	6	4.316716849968006	4.316716849968006	0.0	0.8630991970811237	0.8630991970811237	0.0	1.4215906106058214	1.4215906106058214	0.0	offline_greedy_chord	current-baseline[delta=0.2]	20260716	6	6	1.9101628925755063	1.9101628925755063	0.0	0.7534999026484677	0.7648256612779775	0.011325758629509797	1.266530514010558	1.266530514010558	0.0	frame_geometry	witness-af3dbff44adfdbdabc83
3	6	0.6269245441292196	0.626960217833514	3.56737042943589e-05	0.2474232517743003	0.24813089273990857	0.0007076409656082694	0.43669470882711275	0.43669470882711275	0.0	offline_greedy_chord	current-baseline[delta=0.2]	20260716	6	6	0.514778021551245	0.5211790868313672	0.006401065280122187	0.2426887141257517	0.2482607342362969	0.005572020110545223	0.40638733418244777	0.4075721805890586	0.0011848464066108177	chord_invariant	witness-af3dbff44adfdbdabc83
0	7	4.316716849968006	4.316716849968006	0.0	0.8351810897837156	0.8630991970811237	0.027918107297408068	1.3981866477525968	1.4215906106058214	0.023403962853224547	offline_greedy_chord	zonogon[lengths=uniform(0.5,1.5)]	20260716	6	7	1.9101628925755063	1.9101628925755063	0.0	0.7368822904787357	0.7534999026484677	0.01661761216973201	1.2038981629701426	1.266530514010558	0.06263235104041542	frame_geometry	witness-9969c6a2b624b790a4d0
0	7	0.5674844987475848	0.6269245441292196	0.05944004538163483	0.23763046130133206	0.2474232517743003	0.009792790472968244	0.37636927327474873	0.43669470882711275	0.060325435552364026	offline_greedy_chord	zonogon[lengths=uniform(0.5,1.5)]	20260716	6	7	0.4847007994238589	0.514778021551245	0.03007722212738606	0.23709330084802077	0.2426887141257517	0.005595413277730915	0.40001780791595665	0.40638733418244777	0.006369526266491121	chord_invariant	witness-9969c6a2b624b790a4d0
2	8	4.316716849968006	4.316716849968006	0.0	0.8157865494257496	0.8351810897837156	0.01939454035796606	1.390271368321391	1.3981866477525968	0.007915279431205846	offline_greedy_chord	current-baseline[delta=0.2]	20260716	6	8	1.9101628925755063	1.9101628925755063	0.0	0.6920375842732248	0.7368822904787357	0.04484470620551084	1.1074489084447428	1.2038981629701426	0.09644925452539987	frame_geometry	witness-ff15580e961722cbc4d9
2	8	0.5674844987475848	0.5674844987475848	0.0	0.235396365156647	0.23763046130133206	0.0022340961446850605	0.36687028297797114	0.37636927327474873	0.009498990296777587	offline_greedy_chord	current-baseline[delta=0.2]	20260716	6	8	0.46570043372764336	0.4847007994238589	0.01900036569621555	0.22699233689253245	0.23709330084802077	0.010100963955488318	0.3699692896475575	0.40001780791595665	0.03004851826839916	chord_invariant	witness-ff15580e961722cbc4d9
0	9	4.316716849968006	4.316716849968006	0.0	0.8157865494257496	0.8157865494257496	0.0	1.390271368321391	1.390271368321391	0.0	offline_greedy_chord	repulsive-gap[alpha=1]	20260716	6	9	1.9101628925755063	1.9101628925755063	0.0	0.6789223476132222	0.6920375842732248	0.013115236660002583	1.0419919843061292	1.1074489084447428	0.06545692413861359	frame_geometry	witness-507ef466388873ca99c4
0	9	0.5674844987475848	0.5674844987475848	0.0	0.23519403120797347	0.235396365156647	0.0002023339486735276	0.36687028297797114	0.36687028297797114	0.0	offline_greedy_chord	repulsive-gap[alpha=1]	20260716	6	9	0.45767006805034177	0.46570043372764336	0.008030365677301587	0.22193037565636245	0.22699233689253245	0.005061961236170004	0.36932934196577005	0.3699692896475575	0.0006399476817874339	chord_invariant	witness-507ef466388873ca99c4
1	10	4.316716849968006	4.316716849968006	0.0	0.8150961964163562	0.8157865494257496	0.0006903530093933519	1.390271368321391	1.390271368321391	0.0	offline_greedy_chord	current-baseline[delta=0.2]	20260716	6	10	1.9101628925755063	1.9101628925755063	0.0	0.6739973921585891	0.6789223476132222	0.004924955454633118	1.0419919843061292	1.0419919843061292	0.0	frame_geometry	witness-c704055c9c45a9ca01e2
1	10	0.5674844987475848	0.5674844987475848	0.0	0.23519403120797347	0.23519403120797347	0.0	0.36687028297797114	0.36687028297797114	0.0	offline_greedy_chord	current-baseline[delta=0.2]	20260716	6	10	0.4434257323744961	0.45767006805034177	0.014244335675845654	0.21695570100364134	0.22193037565636245	0.004974674652721112	0.3639316268785107	0.36932934196577005	0.005397715087259336	chord_invariant	witness-c704055c9c45a9ca01e2
0	11	2.9423497563724506	4.316716849968006	1.3743670935955552	0.7957325972517075	0.8150961964163562	0.019363599164648693	1.390271368321391	1.390271368321391	0.0	offline_greedy_chord	zonogon[lengths=uniform(0.5,1.5)]	20260716	6	11	1.9101628925755063	1.9101628925755063	0.0	0.6473986651364189	0.6739973921585891	0.026598727022170254	0.9533744433321865	1.0419919843061292	0.0886175409739427	frame_geometry	witness-9e11bc0f95efacea6dbc
0	11	0.5674844987475848	0.5674844987475848	0.0	0.2315804012064202	0.23519403120797347	0.003613630001553264	0.36687028297797114	0.36687028297797114	0.0	offline_greedy_chord	zonogon[lengths=uniform(0.5,1.5)]	20260716	6	11	0.40705785405720407	0.4434257323744961	0.036367878317292046	0.20993360053531007	0.21695570100364134	0.007022100468331266	0.36235250376016	0.3639316268785107	0.0015791231183507337	chord_invariant	witness-9e11bc0f95efacea6dbc
0	12	2.9423497563724506	2.9423497563724506	0.0	0.7957325972517075	0.7957325972517075	0.0	1.390271368321391	1.390271368321391	0.0	offline_greedy_chord	repulsive-gap[alpha=1]	20260716	6	12	1.9101628925755063	1.9101628925755063	0.0	0.6352862969613207	0.6473986651364189	0.012112368175098198	0.9470170228618926	0.9533744433321865	0.006357420470293862	frame_geometry	witness-253d7d90e39575f15aa4
0	12	0.5674844987475848	0.5674844987475848	0.0	0.22851110088976123	0.2315804012064202	0.003069300316658974	0.36115989557667943	0.36687028297797114	0.0057103874012917055	offline_greedy_chord	repulsive-gap[alpha=1]	20260716	6	12	0.4003526553096408	0.40705785405720407	0.006705198747563257	0.205509058643384	0.20993360053531007	0.004424541891926065	0.3606478044569635	0.36235250376016	0.0017046993031964996	chord_invariant	witness-253d7d90e39575f15aa4
0	13	2.9423497563724506	2.9423497563724506	0.0	0.7875304647519672	0.7957325972517075	0.008202132499740333	1.390271368321391	1.390271368321391	0.0	offline_greedy_chord	repulsive-gap[alpha=1]	20260716	6	13	1.9101628925755063	1.9101628925755063	0.0	0.6222780637180371	0.6352862969613207	0.013008233243283596	0.9470170228618926	0.9470170228618926	0.0	frame_geometry	witness-a83fcec618e6b1b2b658
0	13	0.5674844987475848	0.5674844987475848	0.0	0.22795994732150926	0.22851110088976123	0.0005511535682519719	0.36115989557667943	0.36115989557667943	0.0	offline_greedy_chord	repulsive-gap[alpha=1]	20260716	6	13	0.39527196178804	0.4003526553096408	0.005080693521600788	0.20115739934654	0.205509058643384	0.0043516592968440015	0.357120084122672	0.3606478044569635	0.0035277203342914953	chord_invariant	witness-a83fcec618e6b1b2b658
0	14	2.9423497563724506	2.9423497563724506	0.0	0.5822752813249193	0.7875304647519672	0.20525518342704785	1.2848483464207427	1.390271368321391	0.10542302190064823	offline_greedy_chord	repulsive-gap[alpha=16]	20260716	6	14	1.9101628925755063	1.9101628925755063	0.0	0.4448785409069359	0.6222780637180371	0.17739952281110116	0.9072168895654656	0.9470170228618926	0.039800133296426954	frame_geometry	witness-fab61b36aa3c185f17e7
0	14	0.5674844987475848	0.5674844987475848	0.0	0.2242694277431861	0.22795994732150926	0.0036905195783231703	0.36115989557667943	0.36115989557667943	0.0	offline_greedy_chord	repulsive-gap[alpha=16]	20260716	6	14	0.39353878830134903	0.39527196178804	0.0017331734866909976	0.19631801581117506	0.20115739934654	0.0048393835353649495	0.357120084122672	0.357120084122672	0.0	chord_invariant	witness-fab61b36aa3c185f17e7
4	15	2.9423497563724506	2.9423497563724506	0.0	0.547032480035573	0.5822752813249193	0.035242801289346315	1.0025223082759749	1.2848483464207427	0.28232603814476787	offline_greedy_chord	primal-hull-uniform-disk[points=n+4,origin=interior]	20260716	6	15	1.0448638840907547	1.9101628925755063	0.8652990084847516	0.39915250710553946	0.4448785409069359	0.04572603380139645	0.8510513457847472	0.9072168895654656	0.056165543780718474	frame_geometry	witness-c815c25c56b3c6d56305
4	15	0.5674844987475848	0.5674844987475848	0.0	0.22079710085642038	0.2242694277431861	0.003472326886765714	0.3471295702970336	0.36115989557667943	0.014030325279645817	offline_greedy_chord	primal-hull-uniform-disk[points=n+4,origin=interior]	20260716	6	15	0.3838905805635441	0.39353878830134903	0.009648207737804948	0.19106749235077292	0.19631801581117506	0.00525052346040214	0.3480171471310563	0.357120084122672	0.009102936991615684	chord_invariant	witness-c815c25c56b3c6d56305
0	16	2.9423497563724506	2.9423497563724506	0.0	0.5463055062503984	0.547032480035573	0.0007269737851746116	1.0025223082759749	1.0025223082759749	0.0	offline_greedy_chord	zonogon[lengths=uniform(0.5,1.5)]	20260716	6	16	1.0448638840907547	1.0448638840907547	0.0	0.39375819838981413	0.39915250710553946	0.005394308715725327	0.8510513457847472	0.8510513457847472	0.0	frame_geometry	witness-fa6d250544de63aee6d7
0	16	0.5674844987475848	0.5674844987475848	0.0	0.22056472820786244	0.22079710085642038	0.00023237264855793804	0.3471295702970336	0.3471295702970336	0.0	offline_greedy_chord	zonogon[lengths=uniform(0.5,1.5)]	20260716	6	16	0.36997494293716865	0.3838905805635441	0.013915637626375432	0.18639716634519665	0.19106749235077292	0.004670326005576264	0.3446296295039748	0.3480171471310563	0.0033875176270815044	chord_invariant	witness-fa6d250544de63aee6d7
2	17	2.9423497563724506	2.9423497563724506	0.0	0.5295547865624116	0.5463055062503984	0.016750719687986804	0.9413545960960352	1.0025223082759749	0.06116771217993966	offline_greedy_chord	primal-hull-uniform-disk[points=n+4,origin=interior]	20260716	6	17	1.0448638840907547	1.0448638840907547	0.0	0.3749745575043015	0.39375819838981413	0.018783640885512654	0.7815421163772541	0.8510513457847472	0.06950922940749305	frame_geometry	witness-e98125a0446d68685b3e
2	17	0.43129565932096353	0.5674844987475848	0.13618883942662124	0.2139586902820835	0.22056472820786244	0.006606037925778935	0.3334764501471164	0.3471295702970336	0.013653120149917208	offline_greedy_chord	primal-hull-uniform-disk[points=n+4,origin=interior]	20260716	6	17	0.36250352282280535	0.36997494293716865	0.007471420114363303	0.17733284663598187	0.18639716634519665	0.009064319709214785	0.32140193087148905	0.3446296295039748	0.02322769863248575	chord_invariant	witness-e98125a0446d68685b3e
1	18	2.9423497563724506	2.9423497563724506	0.0	0.5263683464780444	0.5295547865624116	0.0031864400843671925	0.9413545960960352	0.9413545960960352	0.0	offline_greedy_chord	repulsive-gap[alpha=1]	20260716	6	18	1.0448638840907547	1.0448638840907547	0.0	0.36426343088559954	0.3749745575043015	0.010711126618701938	0.7786581146432509	0.7815421163772541	0.002884001734003272	frame_geometry	witness-9f945b258e6fa8bb6672
1	18	0.43129565932096353	0.43129565932096353	0.0	0.2139586902820835	0.2139586902820835	0.0	0.3334764501471164	0.3334764501471164	0.0	offline_greedy_chord	repulsive-gap[alpha=1]	20260716	6	18	0.3609933321963514	0.36250352282280535	0.0015101906264539666	0.1732532566463456	0.17733284663598187	0.004079589989636256	0.3185716332461812	0.32140193087148905	0.0028302976253078427	chord_invariant	witness-9f945b258e6fa8bb6672
5	19	2.9423497563724506	2.9423497563724506	0.0	0.5263683464780444	0.5263683464780444	0.0	0.9413545960960352	0.9413545960960352	0.0	offline_greedy_chord	current-baseline[delta=0.2]	20260716	6	19	1.0448638840907547	1.0448638840907547	0.0	0.3570774969942091	0.36426343088559954	0.007185933891390439	0.7786581146432509	0.7786581146432509	0.0	frame_geometry	witness-a02f933a32a6a3cef0b9
5	19	0.43129565932096353	0.43129565932096353	0.0	0.21224206558973283	0.2139586902820835	0.0017166246923506767	0.3334764501471164	0.3334764501471164	0.0	offline_greedy_chord	current-baseline[delta=0.2]	20260716	6	19	0.3594275156232821	0.3609933321963514	0.0015658165730692564	0.16873096677830476	0.1732532566463456	0.004522289868040846	0.30833916871911	0.3185716332461812	0.010232464527071217	chord_invariant	witness-a02f933a32a6a3cef0b9
0	20	2.9423497563724506	2.9423497563724506	0.0	0.5169199547769532	0.5263683464780444	0.009448391701091241	0.8586790040727009	0.9413545960960352	0.0826755920233343	offline_greedy_chord	repulsive-gap[alpha=4]	20260716	6	20	1.0448638840907547	1.0448638840907547	0.0	0.33542170431233	0.3570774969942091	0.021655792681879116	0.7433172656871738	0.7786581146432509	0.03534084895607703	frame_geometry	witness-9561905d5b77fb454cb6
0	20	0.43129565932096353	0.43129565932096353	0.0	0.20247329500255185	0.21224206558973283	0.00976877058718098	0.32014297742783204	0.3334764501471164	0.013333472719284367	offline_greedy_chord	repulsive-gap[alpha=4]	20260716	6	20	0.35065900550403795	0.3594275156232821	0.008768510119244177	0.15604924407098233	0.16873096677830476	0.01268172270732243	0.30308968169522765	0.30833916871911	0.005249487023882338	chord_invariant	witness-9561905d5b77fb454cb6
0	21	2.9423497563724506	2.9423497563724506	0.0	0.5167599055864907	0.5169199547769532	0.00016004919046253008	0.8586790040727009	0.8586790040727009	0.0	offline_greedy_chord	repulsive-gap[alpha=1]	20260716	6	21	1.0448638840907547	1.0448638840907547	0.0	0.3250552451166527	0.33542170431233	0.010366459195677302	0.7424827007502686	0.7433172656871738	0.0008345649369052577	frame_geometry	witness-2808d975f708bde4cbfe
0	21	0.43129565932096353	0.43129565932096353	0.0	0.20247329500255185	0.20247329500255185	0.0	0.32014297742783204	0.32014297742783204	0.0	offline_greedy_chord	repulsive-gap[alpha=1]	20260716	6	21	0.34430164944971575	0.35065900550403795	0.006357356054322194	0.15223773314159064	0.15604924407098233	0.0038115109293916927	0.3001059296698797	0.30308968169522765	0.002983752025347952	chord_invariant	witness-2808d975f708bde4cbfe
0	22	2.9423497563724506	2.9423497563724506	0.0	0.5009334752278555	0.5167599055864907	0.01582643035863518	0.8586790040727009	0.8586790040727009	0.0	offline_greedy_chord	repulsive-gap[alpha=4]	20260716	6	22	1.0448638840907547	1.0448638840907547	0.0	0.3117410150959305	0.3250552451166527	0.013314230020722184	0.7424827007502686	0.7424827007502686	0.0	frame_geometry	witness-1e212a1d54b91ccb6980
0	22	0.43129565932096353	0.43129565932096353	0.0	0.20107478002580545	0.20247329500255185	0.0013985149767463956	0.3058735333097946	0.32014297742783204	0.014269444118037433	offline_greedy_chord	repulsive-gap[alpha=4]	20260716	6	22	0.3199171201705459	0.34430164944971575	0.024384529279169842	0.14602487519906504	0.15223773314159064	0.006212857942525601	0.29607890572127005	0.3001059296698797	0.004027023948609654	chord_invariant	witness-1e212a1d54b91ccb6980
0	23	2.9423497563724506	2.9423497563724506	0.0	0.4962646756295779	0.5009334752278555	0.004668799598277595	0.8586790040727009	0.8586790040727009	0.0	offline_greedy_chord	primal-hull-uniform-disk[points=n+4,origin=interior]	20260716	6	23	0.9503162193010118	1.0448638840907547	0.09454766478974286	0.2968185887015119	0.3117410150959305	0.014922426394418598	0.74035315227879	0.7424827007502686	0.002129548471478615	frame_geometry	witness-ca83c38f19865894ba98
0	23	0.43129565932096353	0.43129565932096353	0.0	0.1996349512978089	0.20107478002580545	0.001439828727996556	0.30381579657578356	0.3058735333097946	0.002057736734011051	offline_greedy_chord	primal-hull-uniform-disk[points=n+4,origin=interior]	20260716	6	23	0.3173657846932955	0.3199171201705459	0.0025513354772503938	0.1432963332515587	0.14602487519906504	0.002728541947506352	0.29423482262062584	0.29607890572127005	0.0018440831006442115	chord_invariant	witness-ca83c38f19865894ba98
0	24	2.9423497563724506	2.9423497563724506	0.0	0.4962646756295779	0.4962646756295779	0.0	0.8586790040727009	0.8586790040727009	0.0	offline_greedy_chord	repulsive-gap[alpha=1]	20260716	6	24	0.9503162193010118	0.9503162193010118	0.0	0.2904169575903364	0.2968185887015119	0.0064016311111754765	0.74035315227879	0.74035315227879	0.0	frame_geometry	witness-d001479972491e5c97ef
0	24	0.43129565932096353	0.43129565932096353	0.0	0.1996349512978089	0.1996349512978089	0.0	0.30381579657578356	0.30381579657578356	0.0	offline_greedy_chord	repulsive-gap[alpha=1]	20260716	6	24	0.3139889217412869	0.3173657846932955	0.003376862952008619	0.13734115771570662	0.1432963332515587	0.005955175535852064	0.2842574128814634	0.29423482262062584	0.009977409739162446	chord_invariant	witness-d001479972491e5c97ef
0	1	2.3782161242367583	2.3782161242367583	0.0	0.764750702363058	0.764750702363058	0.0	1.162758403457701	1.162758403457701	0.0	passive_coreset	repulsive-gap[alpha=1]	20260720	8	1	2.8395320367877503	2.8395320367877503	0.0	0.7857401235234807	0.8052622068142368	0.01952208329075611	1.3927315999643517	1.3948863912187774	0.0021547912544257475	frame_geometry	witness-0277a3850e390549bab3
0	1	0.9732211449666232	2.0684783765412975	1.0952572315746743	0.4463070202909611	0.46355095500688703	0.017243934715925946	0.604367993929195	0.604367993929195	0.0	passive_coreset	repulsive-gap[alpha=1]	20260720	8	1	1.178936980758649	2.5996865102723223	1.4207495295136734	0.4213661220125735	0.4745199316502227	0.05315380963764921	0.6043679939291948	0.6043679939291953	4.440892098500626e-16	chord_invariant	witness-0277a3850e390549bab3
0	2	2.3782161242367583	2.3782161242367583	0.0	0.6443658808815662	0.764750702363058	0.12038482148149177	1.162758403457701	1.162758403457701	0.0	passive_coreset	regular-mutation[steps=4,scale=0.03]	20260720	8	2	2.8395320367877503	2.8395320367877503	0.0	0.6725975816675612	0.7857401235234807	0.11314254185591943	1.3914979413687028	1.3927315999643517	0.0012336585956489454	frame_geometry	witness-05e871e6f3f24ca11df1
0	2	0.9732211449666232	0.9732211449666232	0.0	0.3060895750040696	0.4463070202909611	0.1402174452868915	0.5157925898054486	0.604367993929195	0.08857540412374643	passive_coreset	regular-mutation[steps=4,scale=0.03]	20260720	8	2	1.178936980758649	1.178936980758649	0.0	0.29310904355594236	0.4213661220125735	0.12825707845663115	0.45527313045395595	0.6043679939291948	0.14909486347523887	chord_invariant	witness-05e871e6f3f24ca11df1
0	3	2.3782161242367583	2.3782161242367583	0.0	0.6350524310209045	0.6443658808815662	0.009313449860661738	1.162758403457701	1.162758403457701	0.0	passive_coreset	repulsive-gap[alpha=16]	20260720	8	3	2.8395320367877503	2.8395320367877503	0.0	0.6609298889461194	0.6725975816675612	0.011667692721441858	1.3914979413687028	1.3914979413687028	0.0	frame_geometry	witness-0aa6a1079417e3b78b7b
0	3	0.9732211449666232	0.9732211449666232	0.0	0.2881002454598128	0.3060895750040696	0.017989329544256805	0.5157925898054486	0.5157925898054486	0.0	passive_coreset	repulsive-gap[alpha=16]	20260720	8	3	1.178936980758649	1.178936980758649	0.0	0.2745673970671088	0.29310904355594236	0.018541646488833552	0.45527313045395595	0.45527313045395595	0.0	chord_invariant	witness-0aa6a1079417e3b78b7b
0	4	2.3782161242367583	2.3782161242367583	0.0	0.6220979670488572	0.6350524310209045	0.012954463972047248	1.162758403457701	1.162758403457701	0.0	passive_coreset	repulsive-gap[alpha=16]	20260720	8	4	2.8395320367877503	2.8395320367877503	0.0	0.6511301219997924	0.6609298889461194	0.009799766946327004	1.388914453485453	1.3914979413687028	0.002583487883249802	frame_geometry	witness-0cd63a0dfe704f8b245b
0	4	0.9732211449666232	0.9732211449666232	0.0	0.28529928067491367	0.2881002454598128	0.002800964784899107	0.5157925898054486	0.5157925898054486	0.0	passive_coreset	repulsive-gap[alpha=16]	20260720	8	4	1.178936980758649	1.178936980758649	0.0	0.2697296934045488	0.2745673970671088	0.004837703662560033	0.45527313045395595	0.45527313045395595	0.0	chord_invariant	witness-0cd63a0dfe704f8b245b
0	5	2.3782161242367583	2.3782161242367583	0.0	0.6050300427077444	0.6220979670488572	0.017067924341112817	1.1495870336533567	1.162758403457701	0.013171369804344302	passive_coreset	zonogon[lengths=uniform(0.5,1.5)]	20260720	8	5	2.8395320367877503	2.8395320367877503	0.0	0.6303657777554396	0.6511301219997924	0.020764344244352806	1.3417622222270649	1.388914453485453	0.04715223125838808	frame_geometry	witness-0d4c48fb8750be9afdba
0	5	0.9732211449666232	0.9732211449666232	0.0	0.28389426726227973	0.28529928067491367	0.0014050134126339375	0.5157925898054486	0.5157925898054486	0.0	passive_coreset	zonogon[lengths=uniform(0.5,1.5)]	20260720	8	5	1.178936980758649	1.178936980758649	0.0	0.26421716428258213	0.2697296934045488	0.005512529121966647	0.45294188428965204	0.45527313045395595	0.002331246164303913	chord_invariant	witness-0d4c48fb8750be9afdba
0	6	2.3782161242367583	2.3782161242367583	0.0	0.5841475901241456	0.6050300427077444	0.020882452583598776	1.1078713687615371	1.1495870336533567	0.04171566489181955	passive_coreset	repulsive-gap[alpha=1]	20260720	8	6	2.8395320367877503	2.8395320367877503	0.0	0.6007098731945301	0.6303657777554396	0.029655904560909496	1.3358964529423347	1.3417622222270649	0.005865769284730149	frame_geometry	witness-0fac9cfa8b39a1986c8e
0	6	0.9732211449666232	0.9732211449666232	0.0	0.2808951556446192	0.28389426726227973	0.0029991116176605326	0.4971052316588666	0.5157925898054486	0.01868735814658201	passive_coreset	repulsive-gap[alpha=1]	20260720	8	6	1.178936980758649	1.178936980758649	0.0	0.25755158395624955	0.26421716428258213	0.006665580326332576	0.42748524437652347	0.45294188428965204	0.025456639913128576	chord_invariant	witness-0fac9cfa8b39a1986c8e
0	7	2.3782161242367583	2.3782161242367583	0.0	0.5838885024225137	0.5841475901241456	0.00025908770163196593	1.1078713687615371	1.1078713687615371	0.0	passive_coreset	zonogon[lengths=uniform(0.5,1.5)]	20260720	8	7	2.8395320367877503	2.8395320367877503	0.0	0.5956347180076642	0.6007098731945301	0.005075155186865854	1.3358964529423347	1.3358964529423347	0.0	frame_geometry	witness-112cba58de41c618f7fd
0	7	0.9732211449666232	0.9732211449666232	0.0	0.2804985045519164	0.2808951556446192	0.0003966510927028155	0.4971052316588666	0.4971052316588666	0.0	passive_coreset	zonogon[lengths=uniform(0.5,1.5)]	20260720	8	7	1.178936980758649	1.178936980758649	0.0	0.2556680664878637	0.25755158395624955	0.0018835174683858313	0.42748524437652347	0.42748524437652347	0.0	chord_invariant	witness-112cba58de41c618f7fd
0	8	1.8727367468438032	2.3782161242367583	0.5054793773929551	0.5426550928061806	0.5838885024225137	0.04123340961633304	1.0394115777133983	1.1078713687615371	0.06845979104813882	passive_coreset	zonogon[lengths=uniform(0.5,1.5)]	20260720	8	8	1.868768088064792	2.8395320367877503	0.9707639487229582	0.509752716704059	0.5956347180076642	0.08588200130360524	1.0023872497345387	1.3358964529423347	0.333509203207796	frame_geometry	witness-12e3353712339a7ad493
0	8	0.9672194688268466	0.9732211449666232	0.006001676139776535	0.27516057905917046	0.2804985045519164	0.005337925492745921	0.48209860455389475	0.4971052316588666	0.01500662710497186	passive_coreset	zonogon[lengths=uniform(0.5,1.5)]	20260720	8	8	1.178936980758649	1.178936980758649	0.0	0.24751567474653471	0.2556680664878637	0.008152391741329007	0.41687293758783894	0.42748524437652347	0.010612306788684522	chord_invariant	witness-12e3353712339a7ad493
0	9	1.8727367468438032	1.8727367468438032	0.0	0.5419645066352926	0.5426550928061806	0.000690586170888019	1.0394115777133983	1.0394115777133983	0.0	passive_coreset	regular-mutation[steps=4,scale=0.03]	20260720	8	9	1.868768088064792	1.868768088064792	0.0	0.5081366034780314	0.509752716704059	0.0016161132260276156	1.0023872497345387	1.0023872497345387	0.0	frame_geometry	witness-18ba5e525ab5e8f0bc0f
0	9	0.9672194688268466	0.9672194688268466	0.0	0.2730418791683247	0.27516057905917046	0.0021186998908457877	0.48209860455389475	0.48209860455389475	0.0	passive_coreset	regular-mutation[steps=4,scale=0.03]	20260720	8	9	1.178936980758649	1.178936980758649	0.0	0.24555696921110787	0.24751567474653471	0.0019587055354268468	0.41687293758783894	0.41687293758783894	0.0	chord_invariant	witness-18ba5e525ab5e8f0bc0f
8	10	1.8727367468438032	1.8727367468438032	0.0	0.5390076589458143	0.5419645066352926	0.002956847689478348	1.0258887067092843	1.0394115777133983	0.013522871004113979	passive_coreset	primal-hull-uniform-disk[points=n+4,origin=interior]	20260720	8	10	1.868768088064792	1.868768088064792	0.0	0.4984153477394447	0.5081366034780314	0.009721255738586676	1.0023872497345387	1.0023872497345387	0.0	frame_geometry	witness-191ebf2a73e2d771df76
8	10	0.9057720580355556	0.9672194688268466	0.06144741079129101	0.2694407051167758	0.2730418791683247	0.003601174051548861	0.48209860455389475	0.48209860455389475	0.0	passive_coreset	primal-hull-uniform-disk[points=n+4,origin=interior]	20260720	8	10	1.0952540227826075	1.178936980758649	0.08368295797604142	0.23979335954398026	0.24555696921110787	0.005763609667127606	0.40395610154834344	0.41687293758783894	0.012916836039495505	chord_invariant	witness-191ebf2a73e2d771df76
0	11	1.8727367468438032	1.8727367468438032	0.0	0.5101991790852854	0.5390076589458143	0.028808479860528813	1.0258887067092843	1.0258887067092843	0.0	passive_coreset	repulsive-gap[alpha=4]	20260720	8	11	1.868768088064792	1.868768088064792	0.0	0.48034198154824714	0.4984153477394447	0.018073366191197537	1.0023872497345387	1.0023872497345387	0.0	frame_geometry	witness-1e42721c565d20f1230f
0	11	0.9057720580355556	0.9057720580355556	0.0	0.26701452277864024	0.2694407051167758	0.002426182338135574	0.48209860455389475	0.48209860455389475	0.0	passive_coreset	repulsive-gap[alpha=4]	20260720	8	11	1.0952540227826075	1.0952540227826075	0.0	0.23521989527873097	0.23979335954398026	0.004573464265249294	0.40395610154834344	0.40395610154834344	0.0	chord_invariant	witness-1e42721c565d20f1230f
0	12	1.8727367468438032	1.8727367468438032	0.0	0.5078458676097367	0.5101991790852854	0.002353311475548736	1.0258887067092843	1.0258887067092843	0.0	passive_coreset	repulsive-gap[alpha=1]	20260720	8	12	1.868768088064792	1.868768088064792	0.0	0.4524381458192093	0.48034198154824714	0.027903835729037818	0.9771765362544892	1.0023872497345387	0.02521071348004955	frame_geometry	witness-23bfce81c20eeb227d1c
0	12	0.9057720580355556	0.9057720580355556	0.0	0.2658014711847008	0.26701452277864024	0.0012130515939394182	0.48209860455389475	0.48209860455389475	0.0	passive_coreset	repulsive-gap[alpha=1]	20260720	8	12	1.0952540227826075	1.0952540227826075	0.0	0.22752212927536222	0.23521989527873097	0.0076977660033687445	0.40395610154834344	0.40395610154834344	0.0	chord_invariant	witness-23bfce81c20eeb227d1c
0	13	1.8727367468438032	1.8727367468438032	0.0	0.5078458676097367	0.5078458676097367	0.0	1.0258887067092843	1.0258887067092843	0.0	passive_coreset	zonogon[lengths=uniform(0.5,1.5)]	20260720	8	13	1.868768088064792	1.868768088064792	0.0	0.4489202048636553	0.4524381458192093	0.003517940955554022	0.9771765362544892	0.9771765362544892	0.0	frame_geometry	witness-2552d563178064e7541d
0	13	0.9057720580355556	0.9057720580355556	0.0	0.25714010476934185	0.2658014711847008	0.008661366415358973	0.4133097787907651	0.48209860455389475	0.06878882576312967	passive_coreset	zonogon[lengths=uniform(0.5,1.5)]	20260720	8	13	1.0952540227826075	1.0952540227826075	0.0	0.21995994883502198	0.22752212927536222	0.007562180440340238	0.38981290243339506	0.40395610154834344	0.01414319911494838	chord_invariant	witness-2552d563178064e7541d
0	14	1.8727367468438032	1.8727367468438032	0.0	0.4970935608074844	0.5078458676097367	0.01075230680225231	1.0258887067092843	1.0258887067092843	0.0	passive_coreset	repulsive-gap[alpha=4]	20260720	8	14	1.868768088064792	1.868768088064792	0.0	0.44001160856735605	0.4489202048636553	0.008908596296299254	0.9771765362544892	0.9771765362544892	0.0	frame_geometry	witness-2587f53cead84e0890f8
0	14	0.9057720580355556	0.9057720580355556	0.0	0.25460176746978985	0.25714010476934185	0.002538337299551996	0.4133097787907651	0.4133097787907651	0.0	passive_coreset	repulsive-gap[alpha=4]	20260720	8	14	1.0952540227826075	1.0952540227826075	0.0	0.21747015943943496	0.21995994883502198	0.0024897893955870276	0.38981290243339506	0.38981290243339506	0.0	chord_invariant	witness-2587f53cead84e0890f8
0	15	1.8727367468438032	1.8727367468438032	0.0	0.48201836300150913	0.4970935608074844	0.015075197805975271	1.0258887067092843	1.0258887067092843	0.0	passive_coreset	regular-mutation[steps=4,scale=0.03]	20260720	8	15	1.868768088064792	1.868768088064792	0.0	0.4205565763328946	0.44001160856735605	0.019455032234461433	0.9771765362544892	0.9771765362544892	0.0	frame_geometry	witness-2999c6fa58b0027ee18f
0	15	0.9057720580355556	0.9057720580355556	0.0	0.253719319644479	0.25460176746978985	0.0008824478253108281	0.4133097787907651	0.4133097787907651	0.0	passive_coreset	regular-mutation[steps=4,scale=0.03]	20260720	8	15	1.0952540227826075	1.0952540227826075	0.0	0.21414890647732468	0.21747015943943496	0.003321252962110277	0.38981290243339506	0.38981290243339506	0.0	chord_invariant	witness-2999c6fa58b0027ee18f
0	16	1.8727367468438032	1.8727367468438032	0.0	0.4724115813646221	0.48201836300150913	0.009606781636887052	1.0258887067092843	1.0258887067092843	0.0	passive_coreset	zonogon[lengths=uniform(0.5,1.5)]	20260720	8	16	1.868768088064792	1.868768088064792	0.0	0.41497472648725614	0.4205565763328946	0.005581849845638476	0.9771765362544892	0.9771765362544892	0.0	frame_geometry	witness-2f54855eabe6d9b5086b
0	16	0.9057720580355556	0.9057720580355556	0.0	0.253719319644479	0.253719319644479	0.0	0.4133097787907651	0.4133097787907651	0.0	passive_coreset	zonogon[lengths=uniform(0.5,1.5)]	20260720	8	16	1.0952540227826075	1.0952540227826075	0.0	0.21229352808316443	0.21414890647732468	0.0018553783941602509	0.38981290243339506	0.38981290243339506	0.0	chord_invariant	witness-2f54855eabe6d9b5086b
0	17	1.8727367468438032	1.8727367468438032	0.0	0.47173617265318457	0.4724115813646221	0.0006754087114375085	1.0231313269154878	1.0258887067092843	0.0027573797937965328	passive_coreset	repulsive-gap[alpha=1]	20260720	8	17	1.7523649675691557	1.868768088064792	0.11640312049563639	0.3946620298778562	0.41497472648725614	0.02031269660939994	0.9542703016231998	0.9771765362544892	0.02290623463128938	frame_geometry	witness-318bb4b3f19aa7b82ffc
0	17	0.9057720580355556	0.9057720580355556	0.0	0.252357283363904	0.253719319644479	0.0013620362805750186	0.4133097787907651	0.4133097787907651	0.0	passive_coreset	repulsive-gap[alpha=1]	20260720	8	17	1.0952540227826075	1.0952540227826075	0.0	0.21011903142630747	0.21229352808316443	0.0021744966568569557	0.38981290243339506	0.38981290243339506	0.0	chord_invariant	witness-318bb4b3f19aa7b82ffc
0	18	1.8727367468438032	1.8727367468438032	0.0	0.4707700259195128	0.47173617265318457	0.000966146733671791	1.0231313269154878	1.0231313269154878	0.0	passive_coreset	repulsive-gap[alpha=1]	20260720	8	18	1.7523649675691557	1.7523649675691557	0.0	0.39136844306603297	0.3946620298778562	0.0032935868118232348	0.9542703016231998	0.9542703016231998	0.0	frame_geometry	witness-36441f312cb9e0e48270
0	18	0.9057720580355556	0.9057720580355556	0.0	0.24979981553827715	0.252357283363904	0.0025574678256268524	0.4133097787907651	0.4133097787907651	0.0	passive_coreset	repulsive-gap[alpha=1]	20260720	8	18	1.0952540227826075	1.0952540227826075	0.0	0.20566056622848428	0.21011903142630747	0.004458465197823197	0.38961676955250174	0.38981290243339506	0.00019613288089331826	chord_invariant	witness-36441f312cb9e0e48270
0	19	1.8727367468438032	1.8727367468438032	0.0	0.46946712890688647	0.4707700259195128	0.001302897012626314	1.0231313269154878	1.0231313269154878	0.0	passive_coreset	repulsive-gap[alpha=1]	20260720	8	19	1.7523649675691557	1.7523649675691557	0.0	0.3864151783584629	0.39136844306603297	0.004953264707570071	0.9542703016231998	0.9542703016231998	0.0	frame_geometry	witness-3a528c6a315e0d844f0b
0	19	0.9057720580355556	0.9057720580355556	0.0	0.24881832633781104	0.24979981553827715	0.000981489200466118	0.4133097787907651	0.4133097787907651	0.0	passive_coreset	repulsive-gap[alpha=1]	20260720	8	19	1.0952540227826075	1.0952540227826075	0.0	0.19988178772948292	0.20566056622848428	0.005778778499001352	0.38961676955250174	0.38961676955250174	0.0	chord_invariant	witness-3a528c6a315e0d844f0b
0	20	1.8727367468438032	1.8727367468438032	0.0	0.46821312597314996	0.46946712890688647	0.0012540029337365088	1.0231313269154878	1.0231313269154878	0.0	passive_coreset	repulsive-gap[alpha=4]	20260720	8	20	1.7523649675691557	1.7523649675691557	0.0	0.38287864989639114	0.3864151783584629	0.003536528462071753	0.9542703016231998	0.9542703016231998	0.0	frame_geometry	witness-3f75f59675ef439f1ebd
0	20	0.9057720580355556	0.9057720580355556	0.0	0.24719052664034255	0.24881832633781104	0.001627799697468485	0.4133097787907651	0.4133097787907651	0.0	passive_coreset	repulsive-gap[alpha=4]	20260720	8	20	1.0952540227826075	1.0952540227826075	0.0	0.19750447051230396	0.19988178772948292	0.002377317217178959	0.38961676955250174	0.38961676955250174	0.0	chord_invariant	witness-3f75f59675ef439f1ebd
0	21	1.8727367468438032	1.8727367468438032	0.0	0.46748076139598155	0.46821312597314996	0.0007323645771684095	1.0231313269154878	1.0231313269154878	0.0	passive_coreset	zonogon[lengths=uniform(0.5,1.5)]	20260720	8	21	1.7523649675691557	1.7523649675691557	0.0	0.3770244334616873	0.38287864989639114	0.005854216434703852	0.9542703016231998	0.9542703016231998	0.0	frame_geometry	witness-42211577e50550fbc3ed
0	21	0.9057720580355556	0.9057720580355556	0.0	0.2416257013724095	0.24719052664034255	0.00556482526793306	0.3916032047646352	0.4133097787907651	0.021706574026129855	passive_coreset	zonogon[lengths=uniform(0.5,1.5)]	20260720	8	21	1.0952540227826075	1.0952540227826075	0.0	0.18794289726485383	0.19750447051230396	0.009561573247450134	0.3636990857413494	0.38961676955250174	0.025917683811152337	chord_invariant	witness-42211577e50550fbc3ed
0	22	1.8727367468438032	1.8727367468438032	0.0	0.46626361819817935	0.46748076139598155	0.0012171431978021952	1.0231313269154878	1.0231313269154878	0.0	passive_coreset	repulsive-gap[alpha=16]	20260720	8	22	1.7523649675691557	1.7523649675691557	0.0	0.37456369923359056	0.3770244334616873	0.002460734228096728	0.9542703016231998	0.9542703016231998	0.0	frame_geometry	witness-4fa179c61d336d9ba6f6
0	22	0.9057720580355556	0.9057720580355556	0.0	0.2411649831647463	0.2416257013724095	0.00046071820766319105	0.3916032047646352	0.3916032047646352	0.0	passive_coreset	repulsive-gap[alpha=16]	20260720	8	22	1.0952540227826075	1.0952540227826075	0.0	0.18601389788301276	0.18794289726485383	0.0019289993818410733	0.3636990857413494	0.3636990857413494	0.0	chord_invariant	witness-4fa179c61d336d9ba6f6
0	23	1.8727367468438032	1.8727367468438032	0.0	0.4632674760625609	0.46626361819817935	0.0029961421356184403	1.0231313269154878	1.0231313269154878	0.0	passive_coreset	regular-mutation[steps=4,scale=0.03]	20260720	8	23	1.7523649675691557	1.7523649675691557	0.0	0.37029398821463666	0.37456369923359056	0.004269711018953903	0.9542703016231998	0.9542703016231998	0.0	frame_geometry	witness-54149ce8c6510d9e2fd8
0	23	0.9057720580355556	0.9057720580355556	0.0	0.23581282448021765	0.2411649831647463	0.005352158684528652	0.3916032047646352	0.3916032047646352	0.0	passive_coreset	regular-mutation[steps=4,scale=0.03]	20260720	8	23	1.0952540227826075	1.0952540227826075	0.0	0.18024565604327988	0.18601389788301276	0.005768241839732874	0.3636990857413494	0.3636990857413494	0.0	chord_invariant	witness-54149ce8c6510d9e2fd8
6	24	1.8727367468438032	1.8727367468438032	0.0	0.4632674760625609	0.4632674760625609	0.0	1.0231313269154878	1.0231313269154878	0.0	passive_coreset	current-baseline[delta=0.2]	20260720	8	24	1.7523649675691557	1.7523649675691557	0.0	0.3657012735731503	0.37029398821463666	0.004592714641486362	0.9542703016231998	0.9542703016231998	0.0	frame_geometry	witness-5498c4d6a63bda8d2cfa
6	24	0.9057720580355556	0.9057720580355556	0.0	0.23581282448021765	0.23581282448021765	0.0	0.3916032047646352	0.3916032047646352	0.0	passive_coreset	current-baseline[delta=0.2]	20260720	8	24	1.0952540227826075	1.0952540227826075	0.0	0.17720798734100415	0.18024565604327988	0.003037668702275731	0.3636990857413494	0.3636990857413494	0.0	chord_invariant	witness-5498c4d6a63bda8d2cfa
0	1	2.3782161242367583	2.3782161242367583	0.0	0.7632845693046738	0.764750702363058	0.001466133058384167	1.1495870336533567	1.162758403457701	0.013171369804344302	offline_greedy_max	repulsive-gap[alpha=1]	20260720	8	1	2.8395320367877503	2.8395320367877503	0.0	0.7829508151364025	0.8052622068142368	0.022311391677834247	1.3927315999643517	1.3948863912187774	0.0021547912544257475	frame_geometry	witness-318bb4b3f19aa7b82ffc
0	1	0.9732211449666232	2.0684783765412975	1.0952572315746743	0.4449449840103861	0.46355095500688703	0.01860597099650091	0.6043679939291949	0.604367993929195	1.1102230246251565e-16	offline_greedy_max	repulsive-gap[alpha=1]	20260720	8	1	1.178936980758649	2.5996865102723223	1.4207495295136734	0.4213661220125735	0.4745199316502227	0.05315380963764921	0.6043679939291948	0.6043679939291953	4.440892098500626e-16	chord_invariant	witness-318bb4b3f19aa7b82ffc
0	2	2.3782161242367583	2.3782161242367583	0.0	0.7566754219339495	0.7632845693046738	0.0066091473707242665	1.110043100735158	1.1495870336533567	0.03954393291819858	offline_greedy_max	repulsive-gap[alpha=4]	20260720	8	2	2.8395320367877503	2.8395320367877503	0.0	0.764374755001241	0.7829508151364025	0.018576060135161554	1.377945645960456	1.3927315999643517	0.014785954003895707	frame_geometry	witness-68de0d4f117f5462e248
0	2	0.6888248485434019	0.9732211449666232	0.2843962964232213	0.42737841083869155	0.4449449840103861	0.017566573171694577	0.6043679939291948	0.6043679939291949	1.1102230246251565e-16	offline_greedy_max	repulsive-gap[alpha=4]	20260720	8	2	0.7607153271031528	1.178936980758649	0.41822165365549613	0.40340231846906505	0.4213661220125735	0.01796380354350846	0.6043679939291948	0.6043679939291948	0.0	chord_invariant	witness-68de0d4f117f5462e248
0	3	1.8727367468438032	2.3782161242367583	0.5054793773929551	0.6988559640260562	0.7566754219339495	0.057819457907893335	1.045007065441901	1.110043100735158	0.06503603529325708	offline_greedy_max	zonogon[lengths=uniform(0.5,1.5)]	20260720	8	3	1.796031662749555	2.8395320367877503	1.0435003740381954	0.6866136232466216	0.764374755001241	0.0777611317546194	1.1176463236211862	1.377945645960456	0.2602993223392698	frame_geometry	witness-c1f19659a8390934946f
0	3	0.6043679939291952	0.6888248485434019	0.08445685461420671	0.41687336552126614	0.42737841083869155	0.01050504531742541	0.6043679939291946	0.6043679939291948	2.220446049250313e-16	offline_greedy_max	zonogon[lengths=uniform(0.5,1.5)]	20260720	8	3	0.7607153271031528	0.7607153271031528	0.0	0.39184364468226535	0.40340231846906505	0.0115586737867997	0.6043679939291947	0.6043679939291948	1.1102230246251565e-16	chord_invariant	witness-c1f19659a8390934946f
0	4	1.8727367468438032	1.8727367468438032	0.0	0.6988559640260562	0.6988559640260562	0.0	1.045007065441901	1.045007065441901	0.0	offline_greedy_max	repulsive-gap[alpha=1]	20260720	8	4	1.796031662749555	1.796031662749555	0.0	0.6716073808311349	0.6866136232466216	0.015006242415486648	1.105728275837471	1.1176463236211862	0.011918047783715302	frame_geometry	witness-97e467b5a2ff21ceba2b
0	4	0.6043679939291952	0.6043679939291952	0.0	0.41687336552126614	0.41687336552126614	0.0	0.6043679939291946	0.6043679939291946	0.0	offline_greedy_max	repulsive-gap[alpha=1]	20260720	8	4	0.6903964755859351	0.7607153271031528	0.07031885151721773	0.3835749998224484	0.39184364468226535	0.008268644859816932	0.6043679939291946	0.6043679939291947	1.1102230246251565e-16	chord_invariant	witness-97e467b5a2ff21ceba2b
0	5	1.8727367468438032	1.8727367468438032	0.0	0.6979222009392634	0.6988559640260562	0.000933763086792827	1.045007065441901	1.045007065441901	0.0	offline_greedy_max	repulsive-gap[alpha=1]	20260720	8	5	1.796031662749555	1.796031662749555	0.0	0.660600202585201	0.6716073808311349	0.01100717824593389	1.105728275837471	1.105728275837471	0.0	frame_geometry	witness-f17126c32f4613f91ec2
0	5	0.6043679939291952	0.6043679939291952	0.0	0.4158384381260935	0.41687336552126614	0.0010349273951726357	0.6043679939291946	0.6043679939291946	0.0	offline_greedy_max	repulsive-gap[alpha=1]	20260720	8	5	0.6043679939291953	0.6903964755859351	0.08602848165673982	0.37607069030520995	0.3835749998224484	0.007504309517238461	0.6043679939291945	0.6043679939291946	1.1102230246251565e-16	chord_invariant	witness-f17126c32f4613f91ec2
0	6	1.8727367468438032	1.8727367468438032	0.0	0.6431277746687849	0.6979222009392634	0.05479442627047848	1.0314884771008719	1.045007065441901	0.013518588341029147	offline_greedy_max	regular-mutation[steps=4,scale=0.03]	20260720	8	6	1.796031662749555	1.796031662749555	0.0	0.6106828644617025	0.660600202585201	0.04991733812349852	1.105728275837471	1.105728275837471	0.0	frame_geometry	witness-f55ae6537ad204fb0f8c
0	6	0.5265819821414754	0.6043679939291952	0.07778601178771971	0.278304936889238	0.4158384381260935	0.13753350123685548	0.4345634006541994	0.6043679939291946	0.1698045932749952	offline_greedy_max	regular-mutation[steps=4,scale=0.03]	20260720	8	6	0.510192648891768	0.6043679939291953	0.0941753450374273	0.24815225454709317	0.37607069030520995	0.1279184357581168	0.4057101821944135	0.6043679939291945	0.19865781173478098	chord_invariant	witness-f55ae6537ad204fb0f8c
5	7	1.8727367468438032	1.8727367468438032	0.0	0.6431277746687849	0.6431277746687849	0.0	1.0314884771008719	1.0314884771008719	0.0	offline_greedy_max	current-baseline[delta=0.2]	20260720	8	7	1.522985494412708	1.796031662749555	0.27304616833684703	0.5953560248504364	0.6106828644617025	0.01532683961126613	1.1023832374081206	1.105728275837471	0.0033450384293503	frame_geometry	witness-e56626446d17f6ae479f
5	7	0.5265819821414754	0.5265819821414754	0.0	0.2774930457117802	0.278304936889238	0.0008118911774578352	0.42920344306377795	0.4345634006541994	0.00535995759042146	offline_greedy_max	current-baseline[delta=0.2]	20260720	8	7	0.510192648891768	0.510192648891768	0.0	0.24362285151840207	0.24815225454709317	0.0045294030286910925	0.39696394156600723	0.4057101821944135	0.008746240628406288	chord_invariant	witness-e56626446d17f6ae479f
0	8	1.8727367468438032	1.8727367468438032	0.0	0.6314748045178765	0.6431277746687849	0.011652970150908382	1.0211023561008317	1.0314884771008719	0.010386121000040216	offline_greedy_max	zonogon[lengths=uniform(0.5,1.5)]	20260720	8	8	1.522985494412708	1.522985494412708	0.0	0.5762468745599321	0.5953560248504364	0.019109150290504306	0.970721366031692	1.1023832374081206	0.1316618713764286	frame_geometry	witness-dc81961fa41431aeb90a
0	8	0.5265819821414754	0.5265819821414754	0.0	0.2774164702216905	0.2774930457117802	7.657549008965869e-05	0.42920344306377795	0.42920344306377795	0.0	offline_greedy_max	zonogon[lengths=uniform(0.5,1.5)]	20260720	8	8	0.4693101809493915	0.510192648891768	0.04088246794237649	0.2374399650578073	0.24362285151840207	0.006182886460594783	0.3878730678258752	0.39696394156600723	0.00909087374013201	chord_invariant	witness-dc81961fa41431aeb90a
0	9	1.8077527169247658	1.8727367468438032	0.0649840299190374	0.6239055628287092	0.6314748045178765	0.007569241689167283	1.0176753224663686	1.0211023561008317	0.0034270336344630614	offline_greedy_max	zonogon[lengths=uniform(0.5,1.5)]	20260720	8	9	1.522985494412708	1.522985494412708	0.0	0.5621589204272177	0.5762468745599321	0.014087954132714353	0.970721366031692	0.970721366031692	0.0	frame_geometry	witness-da74f621bfd5262fc44a
0	9	0.5265819821414754	0.5265819821414754	0.0	0.2719585566177553	0.2774164702216905	0.005457913603935216	0.4174995388198782	0.42920344306377795	0.011703904243899721	offline_greedy_max	zonogon[lengths=uniform(0.5,1.5)]	20260720	8	9	0.45565529682847566	0.4693101809493915	0.013654884120915811	0.22957146855400198	0.2374399650578073	0.007868496503805306	0.3578213208389194	0.3878730678258752	0.03005174698695584	chord_invariant	witness-da74f621bfd5262fc44a
7	10	1.8077527169247658	1.8077527169247658	0.0	0.6239055628287092	0.6239055628287092	0.0	1.0176753224663686	1.0176753224663686	0.0	offline_greedy_max	current-baseline[delta=0.2]	20260720	8	10	1.472798411071392	1.522985494412708	0.05018708334131583	0.5456047302705579	0.5621589204272177	0.01655419015665982	0.9290203923036057	0.970721366031692	0.041700973728086344	frame_geometry	witness-a8c7a27f61bba30aca17
7	10	0.5265819821414754	0.5265819821414754	0.0	0.2680827205250124	0.2719585566177553	0.0038758360927428903	0.380837197116771	0.4174995388198782	0.036662341703107226	offline_greedy_max	current-baseline[delta=0.2]	20260720	8	10	0.4195358728641007	0.45565529682847566	0.03611942396437495	0.22394189298477424	0.22957146855400198	0.005629575569227746	0.3544745566997935	0.3578213208389194	0.0033467641391258796	chord_invariant	witness-a8c7a27f61bba30aca17
0	11	1.8077527169247658	1.8077527169247658	0.0	0.6239055628287092	0.6239055628287092	0.0	1.0176753224663686	1.0176753224663686	0.0	offline_greedy_max	repulsive-gap[alpha=1]	20260720	8	11	1.3116528517934818	1.472798411071392	0.1611455592779103	0.529596051889347	0.5456047302705579	0.016008678381210895	0.8956434120062805	0.9290203923036057	0.033376980297325165	frame_geometry	witness-0277a3850e390549bab3
0	11	0.5265819821414754	0.5265819821414754	0.0	0.2680827205250124	0.2680827205250124	0.0	0.380837197116771	0.380837197116771	0.0	offline_greedy_max	repulsive-gap[alpha=1]	20260720	8	11	0.4195358728641007	0.4195358728641007	0.0	0.22176739632791725	0.22394189298477424	0.0021744966568569835	0.3544745566997935	0.3544745566997935	0.0	chord_invariant	witness-0277a3850e390549bab3
3	12	1.8077527169247658	1.8077527169247658	0.0	0.6164267930550983	0.6239055628287092	0.007478769773610949	0.983518605620714	1.0176753224663686	0.03415671684565458	offline_greedy_max	primal-hull-uniform-disk[points=n+4,origin=interior]	20260720	8	12	1.2169318195658119	1.3116528517934818	0.09472103222766992	0.49295301851034135	0.529596051889347	0.03664303337900565	0.7805859582229345	0.8956434120062805	0.11505745378334598	frame_geometry	witness-d7ec766adf6c6b5bc864
3	12	0.5055768128352194	0.5265819821414754	0.021005169306256066	0.26684768298823636	0.2680827205250124	0.0012350375367760624	0.380837197116771	0.380837197116771	0.0	offline_greedy_max	primal-hull-uniform-disk[points=n+4,origin=interior]	20260720	8	12	0.4195358728641007	0.4195358728641007	0.0	0.2173336777494323	0.22176739632791725	0.0044337185784849575	0.34585493737316436	0.3544745566997935	0.008619619326629135	chord_invariant	witness-d7ec766adf6c6b5bc864
0	13	1.8077527169247658	1.8077527169247658	0.0	0.6144546430076057	0.6164267930550983	0.001972150047492627	0.9495389342065123	0.983518605620714	0.03397967141420177	offline_greedy_max	zonogon[lengths=uniform(0.5,1.5)]	20260720	8	13	1.0791147917267585	1.2169318195658119	0.13781702783905336	0.4797254987324521	0.49295301851034135	0.013227519777889218	0.7767577025647356	0.7805859582229345	0.003828255658198887	frame_geometry	witness-9b39e209169a7ebae07a
0	13	0.5055768128352194	0.5055768128352194	0.0	0.26562769959819393	0.26684768298823636	0.0012199833900424228	0.380837197116771	0.380837197116771	0.0	offline_greedy_max	zonogon[lengths=uniform(0.5,1.5)]	20260720	8	13	0.4181619008030928	0.4195358728641007	0.001373972061007922	0.2127735052183008	0.2173336777494323	0.004560172531131501	0.3428591396904536	0.34585493737316436	0.0029957976827107435	chord_invariant	witness-9b39e209169a7ebae07a
0	14	1.8077527169247658	1.8077527169247658	0.0	0.612084380522783	0.6144546430076057	0.0023702624848226383	0.9495389342065123	0.9495389342065123	0.0	offline_greedy_max	zonogon[lengths=uniform(0.5,1.5)]	20260720	8	14	0.9401644971521289	1.0791147917267585	0.1389502945746296	0.4641296789650957	0.4797254987324521	0.015595819767356411	0.750131047210402	0.7767577025647356	0.026626655354333617	frame_geometry	witness-12e3353712339a7ad493
0	14	0.5055768128352194	0.5055768128352194	0.0	0.2651066682919857	0.26562769959819393	0.0005210313062082306	0.380837197116771	0.380837197116771	0.0	offline_greedy_max	zonogon[lengths=uniform(0.5,1.5)]	20260720	8	14	0.4181619008030928	0.4181619008030928	0.0	0.20844980747550412	0.2127735052183008	0.004323697742796673	0.34159262878555324	0.3428591396904536	0.0012665109049003753	chord_invariant	witness-12e3353712339a7ad493
5	15	1.8077527169247658	1.8077527169247658	0.0	0.6086112099027827	0.612084380522783	0.0034731706200002987	0.8878179453193212	0.9495389342065123	0.06172098888719102	offline_greedy_max	primal-hull-uniform-disk[points=n+4,origin=interior]	20260720	8	15	0.895786510234759	0.9401644971521289	0.04437798691736994	0.4490349510491429	0.4641296789650957	0.015094727915952788	0.6832360256098627	0.750131047210402	0.06689502160053928	frame_geometry	witness-c4d0998194e8f5e59a7f
5	15	0.5055768128352194	0.5055768128352194	0.0	0.26408282885492596	0.2651066682919857	0.0010238394370597481	0.380837197116771	0.380837197116771	0.0	offline_greedy_max	primal-hull-uniform-disk[points=n+4,origin=interior]	20260720	8	15	0.4181619008030928	0.4181619008030928	0.0	0.20175772036296796	0.20844980747550412	0.00669208711253616	0.3230138678933915	0.34159262878555324	0.01857876089216176	chord_invariant	witness-c4d0998194e8f5e59a7f
3	16	1.8077527169247658	1.8077527169247658	0.0	0.6080528440883389	0.6086112099027827	0.0005583658144437953	0.8878179453193212	0.8878179453193212	0.0	offline_greedy_max	primal-hull-uniform-disk[points=n+4,origin=interior]	20260720	8	16	0.895786510234759	0.895786510234759	0.0	0.44198053336845594	0.4490349510491429	0.007054417680686986	0.6832360256098627	0.6832360256098627	0.0	frame_geometry	witness-a12701bd6eff7164119d
3	16	0.5055768128352194	0.5055768128352194	0.0	0.263974469412639	0.26408282885492596	0.00010835944228693162	0.380837197116771	0.380837197116771	0.0	offline_greedy_max	primal-hull-uniform-disk[points=n+4,origin=interior]	20260720	8	16	0.4120537960374799	0.4181619008030928	0.0061081047656129095	0.1970398962146756	0.20175772036296796	0.00471782414829236	0.3145480503169266	0.3230138678933915	0.008465817576464862	chord_invariant	witness-a12701bd6eff7164119d
0	17	1.8077527169247658	1.8077527169247658	0.0	0.6073204795111705	0.6080528440883389	0.0007323645771684095	0.8878179453193212	0.8878179453193212	0.0	offline_greedy_max	zonogon[lengths=uniform(0.5,1.5)]	20260720	8	17	0.895786510234759	0.895786510234759	0.0	0.43612631693375215	0.44198053336845594	0.005854216434703796	0.6832360256098627	0.6832360256098627	0.0	frame_geometry	witness-42211577e50550fbc3ed
0	17	0.5055768128352194	0.5055768128352194	0.0	0.26088799091689446	0.263974469412639	0.00308647849574456	0.3781895032324864	0.380837197116771	0.0026476938842845965	offline_greedy_max	zonogon[lengths=uniform(0.5,1.5)]	20260720	8	17	0.3993117733134638	0.4120537960374799	0.012742022724016089	0.1925610506055726	0.1970398962146756	0.004478845609102999	0.30513824841487225	0.3145480503169266	0.009409801902054371	chord_invariant	witness-42211577e50550fbc3ed
0	18	1.8077527169247658	1.8077527169247658	0.0	0.6009411176039036	0.6073204795111705	0.006379361907266956	0.8781622434240793	0.8878179453193212	0.009655701895241897	offline_greedy_max	zonogon[lengths=uniform(0.5,1.5)]	20260720	8	18	0.895786510234759	0.895786510234759	0.0	0.42763719798242184	0.43612631693375215	0.00848911895133031	0.66500546716661	0.6832360256098627	0.01823055844325272	frame_geometry	witness-75c103da69f76f73a635
0	18	0.5055768128352194	0.5055768128352194	0.0	0.2603480630863503	0.26088799091689446	0.0005399278305441846	0.3781895032324864	0.3781895032324864	0.0	offline_greedy_max	zonogon[lengths=uniform(0.5,1.5)]	20260720	8	18	0.3775977726326517	0.3993117733134638	0.021714000680812084	0.18822070524346973	0.1925610506055726	0.004340345362102871	0.29917135085243834	0.30513824841487225	0.005966897562433904	chord_invariant	witness-75c103da69f76f73a635
8	19	1.8077527169247658	1.8077527169247658	0.0	0.5979842699144251	0.6009411176039036	0.002956847689478459	0.8589181038058117	0.8781622434240793	0.019244139618267653	offline_greedy_max	primal-hull-uniform-disk[points=n+4,origin=interior]	20260720	8	19	0.895786510234759	0.895786510234759	0.0	0.4179159422438351	0.42763719798242184	0.009721255738586732	0.6619585958199167	0.66500546716661	0.0030468713466933472	frame_geometry	witness-191ebf2a73e2d771df76
8	19	0.5055768128352194	0.5055768128352194	0.0	0.25916980059704653	0.2603480630863503	0.0011782624893037497	0.3751115424797157	0.3781895032324864	0.0030779607527707253	offline_greedy_max	primal-hull-uniform-disk[points=n+4,origin=interior]	20260720	8	19	0.35984660846661404	0.3775977726326517	0.01775116416603767	0.1841163816278974	0.18822070524346973	0.004104323615572336	0.2970476221653866	0.29917135085243834	0.0021237286870517402	chord_invariant	witness-191ebf2a73e2d771df76
16	20	1.8077527169247658	1.8077527169247658	0.0	0.5951085701587978	0.5979842699144251	0.0028756997556272923	0.8589181038058117	0.8589181038058117	0.0	offline_greedy_max	current-baseline[delta=0.2]	20260720	8	20	0.895786510234759	0.895786510234759	0.0	0.41166329713975464	0.4179159422438351	0.006252645104080468	0.6619585958199167	0.6619585958199167	0.0	frame_geometry	witness-5ec4e4c04bca0cc1c5bf
16	20	0.5055768128352194	0.5055768128352194	0.0	0.25916980059704653	0.25916980059704653	0.0	0.3751115424797157	0.3751115424797157	0.0	offline_greedy_max	current-baseline[delta=0.2]	20260720	8	20	0.34706249643087295	0.35984660846661404	0.012784112035741091	0.1802050054489125	0.1841163816278974	0.003911376178984904	0.29342747777827427	0.2970476221653866	0.003620144387112334	chord_invariant	witness-5ec4e4c04bca0cc1c5bf
0	21	1.8077527169247658	1.8077527169247658	0.0	0.5901592478981235	0.5951085701587978	0.004949322260674349	0.8397556655831717	0.8589181038058117	0.019162438222639966	offline_greedy_max	repulsive-gap[alpha=1]	20260720	8	21	0.895786510234759	0.895786510234759	0.0	0.38780971015634874	0.41166329713975464	0.023853586983405894	0.6308910899214498	0.6619585958199167	0.03106750589846685	frame_geometry	witness-23bfce81c20eeb227d1c
0	21	0.5055768128352194	0.5055768128352194	0.0	0.2567431541289003	0.25916980059704653	0.0024266464681462208	0.3751115424797157	0.3751115424797157	0.0	offline_greedy_max	repulsive-gap[alpha=1]	20260720	8	21	0.3324400055930311	0.34706249643087295	0.01462249083784184	0.17175617023454184	0.1802050054489125	0.008448835214370648	0.28643353101029356	0.29342747777827427	0.006993946767980708	chord_invariant	witness-23bfce81c20eeb227d1c
0	22	1.8077527169247658	1.8077527169247658	0.0	0.5831159414204095	0.5901592478981235	0.007043306477714006	0.7897499869967651	0.8397556655831717	0.05000567858640659	offline_greedy_max	zonogon[lengths=uniform(0.5,1.5)]	20260720	8	22	0.8686216214163044	0.895786510234759	0.02716488881845458	0.37807290026249263	0.38780971015634874	0.009736809893856113	0.6301626321480909	0.6308910899214498	0.0007284577733589481	frame_geometry	witness-d4480c3a2a8670393b81
0	22	0.5055768128352194	0.5055768128352194	0.0	0.2552131519177542	0.2567431541289003	0.0015300022111461309	0.3751115424797157	0.3751115424797157	0.0	offline_greedy_max	zonogon[lengths=uniform(0.5,1.5)]	20260720	8	22	0.3324400055930311	0.3324400055930311	0.0	0.16828531091023222	0.17175617023454184	0.0034708593243096275	0.282147438927866	0.28643353101029356	0.004286092082427584	chord_invariant	witness-d4480c3a2a8670393b81
16	23	1.8077527169247658	1.8077527169247658	0.0	0.5831159414204095	0.5831159414204095	0.0	0.7897499869967651	0.7897499869967651	0.0	offline_greedy_max	primal-hull-uniform-disk[points=n+4,origin=interior]	20260720	8	23	0.708107969929469	0.8686216214163044	0.16051365148683538	0.368631360899272	0.37807290026249263	0.009441539363220619	0.6300347384380769	0.6301626321480909	0.0001278937100139821	frame_geometry	witness-79af58787abcc0d6b092
16	23	0.5055768128352194	0.5055768128352194	0.0	0.2552131519177542	0.2552131519177542	0.0	0.3751115424797157	0.3751115424797157	0.0	offline_greedy_max	primal-hull-uniform-disk[points=n+4,origin=interior]	20260720	8	23	0.33024732428629516	0.3324400055930311	0.002192681306735944	0.16467183258856882	0.16828531091023222	0.0036134783216633937	0.27775816047828533	0.282147438927866	0.004389278449580647	chord_invariant	witness-79af58787abcc0d6b092
0	24	1.8077527169247658	1.8077527169247658	0.0	0.574652377773932	0.5831159414204095	0.00846356364647749	0.7897499869967651	0.7897499869967651	0.0	offline_greedy_max	repulsive-gap[alpha=16]	20260720	8	24	0.708107969929469	0.708107969929469	0.0	0.3581484614151654	0.368631360899272	0.010482899484106634	0.6300347384380769	0.6300347384380769	0.0	frame_geometry	witness-93b65526579d71e0e8b3
0	24	0.5055768128352194	0.5055768128352194	0.0	0.24562132340073506	0.2552131519177542	0.009591828517019119	0.3751115424797157	0.3751115424797157	0.0	offline_greedy_max	repulsive-gap[alpha=16]	20260720	8	24	0.29371309814987	0.33024732428629516	0.03653422613642515	0.1535124896598129	0.16467183258856882	0.011159342928755922	0.27386033524733905	0.27775816047828533	0.0038978252309462835	chord_invariant	witness-93b65526579d71e0e8b3
3	1	1.8727367468438032	2.3782161242367583	0.5054793773929551	0.7138294888984406	0.764750702363058	0.05092121346461742	1.110043100735158	1.162758403457701	0.05271530272254288	offline_greedy_frame	primal-hull-uniform-disk[points=n+4,origin=interior]	20260720	8	1	2.0526480343607365	2.8395320367877503	0.7868840024270138	0.7147125437855933	0.8052622068142368	0.09054966302864342	1.0763816675260776	1.3948863912187774	0.3185047236926999	frame_geometry	witness-d7ec766adf6c6b5bc864
3	1	2.0684783765412975	2.0684783765412975	0.0	0.46231591747011097	0.46355095500688703	0.0012350375367760624	0.604367993929195	0.604367993929195	0.0	offline_greedy_frame	primal-hull-uniform-disk[points=n+4,origin=interior]	20260720	8	1	2.5996865102723223	2.5996865102723223	0.0	0.4700862130717378	0.4745199316502227	0.004433718578484902	0.6043679939291953	0.6043679939291953	0.0	chord_invariant	witness-d7ec766adf6c6b5bc864
0	2	1.8727367468438032	1.8727367468438032	0.0	0.7005637798017573	0.7138294888984406	0.013265709096683231	1.0024584936369736	1.110043100735158	0.10758460709818451	offline_greedy_frame	repulsive-gap[alpha=4]	20260720	8	2	1.892437244484183	2.0526480343607365	0.16021078987655346	0.6970788398339319	0.7147125437855933	0.017633703951661417	1.0763816675260776	1.0763816675260776	0.0	frame_geometry	witness-c98cb2fae4c2b3be45c9
0	2	2.0684783765412975	2.0684783765412975	0.0	0.4211451495844897	0.46231591747011097	0.041170767885621296	0.5564869088931969	0.604367993929195	0.047881085035998194	offline_greedy_frame	repulsive-gap[alpha=4]	20260720	8	2	2.5996865102723223	2.5996865102723223	0.0	0.4293701773856411	0.4700862130717378	0.04071603568609672	0.5875481483501952	0.6043679939291953	0.01681984557900007	chord_invariant	witness-c98cb2fae4c2b3be45c9
0	3	1.8727367468438032	1.8727367468438032	0.0	0.6857925142631266	0.7005637798017573	0.014771265538630729	0.9957220113310112	1.0024584936369736	0.006736482305962355	offline_greedy_frame	zonogon[lengths=uniform(0.5,1.5)]	20260720	8	3	1.796031662749555	1.892437244484183	0.0964055817346281	0.6720581587631154	0.6970788398339319	0.025020681070816564	1.044559947518106	1.0763816675260776	0.031821720007971566	frame_geometry	witness-c1f19659a8390934946f
0	3	1.929973819531461	2.0684783765412975	0.13850455700983644	0.40460633534093954	0.4211451495844897	0.016538814243550137	0.5564869088931966	0.5564869088931969	2.220446049250313e-16	offline_greedy_frame	zonogon[lengths=uniform(0.5,1.5)]	20260720	8	3	2.4184424701338663	2.5996865102723223	0.18124404013845608	0.41148224821529	0.4293701773856411	0.01788792917035109	0.5564869088931967	0.5875481483501952	0.031061239456998457	chord_invariant	witness-c1f19659a8390934946f
5	4	1.8727367468438032	1.8727367468438032	0.0	0.6857925142631266	0.6857925142631266	0.0	0.9957220113310112	0.9957220113310112	0.0	offline_greedy_frame	current-baseline[delta=0.2]	20260720	8	4	1.7049023919828576	1.796031662749555	0.0911292707666973	0.6578974981176839	0.6720581587631154	0.014160660645431422	1.0432096984102834	1.044559947518106	0.0013502491078225543	frame_geometry	witness-e56626446d17f6ae479f
5	4	1.7120640029986096	1.929973819531461	0.21790981653285146	0.39243609075790464	0.40460633534093954	0.012170244583034895	0.5564869088931966	0.5564869088931966	0.0	offline_greedy_frame	current-baseline[delta=0.2]	20260720	8	4	2.2418857648029453	2.4184424701338663	0.17655670533092094	0.39529725811320326	0.41148224821529	0.016184990102086738	0.5564869088931965	0.5564869088931967	2.220446049250313e-16	chord_invariant	witness-e56626446d17f6ae479f
0	5	1.8727367468438032	1.8727367468438032	0.0	0.6857925142631266	0.6857925142631266	0.0	0.9957220113310112	0.9957220113310112	0.0	offline_greedy_frame	repulsive-gap[alpha=1]	20260720	8	5	1.522985494412708	1.7049023919828576	0.18191689757014973	0.6393659503787398	0.6578974981176839	0.018531547738944165	0.9588760857559737	1.0432096984102834	0.08433361265430972	frame_geometry	witness-318bb4b3f19aa7b82ffc
0	5	0.6137783027056793	1.7120640029986096	1.0982857002929303	0.37807314801786424	0.39243609075790464	0.014362942740040407	0.5564869088931966	0.5564869088931966	0.0	offline_greedy_frame	repulsive-gap[alpha=1]	20260720	8	5	0.9395690911335024	2.2418857648029453	1.302316673669443	0.34996791249904785	0.39529725811320326	0.045329345614155414	0.5564869088931965	0.5564869088931965	0.0	chord_invariant	witness-318bb4b3f19aa7b82ffc
0	6	1.8727367468438032	1.8727367468438032	0.0	0.6277091051059313	0.6857925142631266	0.05808340915719534	0.9957220113310112	0.9957220113310112	0.0	offline_greedy_frame	repulsive-gap[alpha=16]	20260720	8	6	1.472798411071392	1.522985494412708	0.05018708334131583	0.5725936140802006	0.6393659503787398	0.06677233629853918	0.9588760857559737	0.9588760857559737	0.0	frame_geometry	witness-d96a45eed5088d010656
0	6	0.6137783027056793	0.6137783027056793	0.0	0.3602296464073283	0.37807314801786424	0.01784350161053594	0.5418526124630917	0.5564869088931966	0.014634296430104943	offline_greedy_frame	repulsive-gap[alpha=16]	20260720	8	6	0.9395690911335024	0.9395690911335024	0.0	0.3327460880165534	0.34996791249904785	0.01722182448249443	0.5418526124630917	0.5564869088931965	0.014634296430104832	chord_invariant	witness-d96a45eed5088d010656
0	7	1.8727367468438032	1.8727367468438032	0.0	0.6277091051059313	0.6277091051059313	0.0	0.9957220113310112	0.9957220113310112	0.0	offline_greedy_frame	repulsive-gap[alpha=1]	20260720	8	7	1.4445993822438314	1.472798411071392	0.028199028827560646	0.5565849356989898	0.5725936140802006	0.016008678381210784	0.8917821372966073	0.9588760857559737	0.06709394845936645	frame_geometry	witness-0277a3850e390549bab3
0	7	0.6137783027056793	0.6137783027056793	0.0	0.3602296464073283	0.3602296464073283	0.0	0.5418526124630917	0.5418526124630917	0.0	offline_greedy_frame	repulsive-gap[alpha=1]	20260720	8	7	0.9395690911335024	0.9395690911335024	0.0	0.33057159135969644	0.3327460880165534	0.0021744966568569835	0.5418526124630917	0.5418526124630917	0.0	chord_invariant	witness-0277a3850e390549bab3
0	8	1.8727367468438032	1.8727367468438032	0.0	0.6201661946484144	0.6277091051059313	0.0075429104575168715	0.955719033201045	0.9957220113310112	0.04000297812996623	offline_greedy_frame	repulsive-gap[alpha=1]	20260720	8	8	1.4090763943264817	1.4445993822438314	0.03552298791734976	0.5355602342692953	0.5565849356989898	0.02102470142969448	0.8603057394053376	0.8917821372966073	0.03147639789126966	frame_geometry	witness-f17126c32f4613f91ec2
0	8	0.6137783027056793	0.6137783027056793	0.0	0.3591947190121556	0.3602296464073283	0.0010349273951726912	0.5418526124630917	0.5418526124630917	0.0	offline_greedy_frame	repulsive-gap[alpha=1]	20260720	8	8	0.9395690911335024	0.9395690911335024	0.0	0.32306728184245803	0.33057159135969644	0.0075043095172384056	0.5418526124630917	0.5418526124630917	0.0	chord_invariant	witness-f17126c32f4613f91ec2
0	9	1.8727367468438032	1.8727367468438032	0.0	0.6194469506802315	0.6201661946484144	0.0007192439681829033	0.955719033201045	0.955719033201045	0.0	offline_greedy_frame	repulsive-gap[alpha=4]	20260720	8	9	1.3805743022247656	1.4090763943264817	0.02850209210171606	0.5228729158750675	0.5355602342692953	0.012687318394227876	0.8603057394053376	0.8603057394053376	0.0	frame_geometry	witness-d157c9022faa07b7a375
0	9	0.6137783027056793	0.6137783027056793	0.0	0.35901052251606813	0.3591947190121556	0.00018419649608747424	0.5418526124630917	0.5418526124630917	0.0	offline_greedy_frame	repulsive-gap[alpha=4]	20260720	8	9	0.9395690911335024	0.9395690911335024	0.0	0.31946257072436596	0.32306728184245803	0.0036047111180920743	0.5418526124630917	0.5418526124630917	0.0	chord_invariant	witness-d157c9022faa07b7a375
0	10	1.8727367468438032	1.8727367468438032	0.0	0.6147052137842286	0.6194469506802315	0.004741736896002879	0.9501962422520486	0.955719033201045	0.005522790948996437	offline_greedy_frame	repulsive-gap[alpha=4]	20260720	8	10	1.2654661260026276	1.3805743022247656	0.11510817622213798	0.5105037987851023	0.5228729158750675	0.012369117089965131	0.8603057394053376	0.8603057394053376	0.0	frame_geometry	witness-e4f9a4db7f1a2dbc1c48
0	10	0.6137783027056793	0.6137783027056793	0.0	0.3585859588343216	0.35901052251606813	0.000424563681746537	0.5418526124630917	0.5418526124630917	0.0	offline_greedy_frame	repulsive-gap[alpha=4]	20260720	8	10	0.9395690911335024	0.9395690911335024	0.0	0.31661920787972014	0.31946257072436596	0.0028433628446458137	0.5418526124630917	0.5418526124630917	0.0	chord_invariant	witness-e4f9a4db7f1a2dbc1c48
0	11	1.8727367468438032	1.8727367468438032	0.0	0.6047537595516086	0.6147052137842286	0.009951454232620005	0.8731035701293484	0.9501962422520486	0.07709267212270021	offline_greedy_frame	zonogon[lengths=uniform(0.5,1.5)]	20260720	8	11	1.2169318195658119	1.2654661260026276	0.04853430643681578	0.49374952162725366	0.5105037987851023	0.016754277157848663	0.7862223806656813	0.8603057394053376	0.07408335873965632	frame_geometry	witness-dc81961fa41431aeb90a
0	11	0.6137783027056793	0.6137783027056793	0.0	0.35850938334423205	0.3585859588343216	7.657549008954767e-05	0.5418526124630917	0.5418526124630917	0.0	offline_greedy_frame	zonogon[lengths=uniform(0.5,1.5)]	20260720	8	11	0.9395690911335024	0.9395690911335024	0.0	0.309106361990265	0.31661920787972014	0.007512845889455166	0.5418526124630915	0.5418526124630917	2.220446049250313e-16	chord_invariant	witness-dc81961fa41431aeb90a
0	12	1.8727367468438032	1.8727367468438032	0.0	0.6027816095041161	0.6047537595516086	0.0019721500474925158	0.8731035701293484	0.8731035701293484	0.0	offline_greedy_frame	zonogon[lengths=uniform(0.5,1.5)]	20260720	8	12	1.1419585146743794	1.2169318195658119	0.0749733048914325	0.48052200184936433	0.49374952162725366	0.01322751977788933	0.7734581259566066	0.7862223806656813	0.012764254709074718	frame_geometry	witness-9b39e209169a7ebae07a
0	12	0.6137783027056793	0.6137783027056793	0.0	0.35728939995418957	0.35850938334423205	0.0012199833900424784	0.5418526124630917	0.5418526124630917	0.0	offline_greedy_frame	zonogon[lengths=uniform(0.5,1.5)]	20260720	8	12	0.9395690911335024	0.9395690911335024	0.0	0.3045461894591335	0.309106361990265	0.004560172531131501	0.5418526124630915	0.5418526124630915	0.0	chord_invariant	witness-9b39e209169a7ebae07a
7	13	1.8727367468438032	1.8727367468438032	0.0	0.6027816095041161	0.6027816095041161	0.0	0.8731035701293484	0.8731035701293484	0.0	offline_greedy_frame	current-baseline[delta=0.2]	20260720	8	13	1.0791147917267585	1.1419585146743794	0.06284372294762086	0.4681094092985559	0.48052200184936433	0.012412592550808454	0.7515059294029223	0.7734581259566066	0.0219521965536843	frame_geometry	witness-a8c7a27f61bba30aca17
7	13	0.6137783027056793	0.6137783027056793	0.0	0.35289209545853456	0.35728939995418957	0.004397304495655008	0.5418526124630917	0.5418526124630917	0.0	offline_greedy_frame	current-baseline[delta=0.2]	20260720	8	13	0.9395690911335024	0.9395690911335024	0.0	0.2988883122694801	0.3045461894591335	0.005657877189653382	0.5418526124630915	0.5418526124630915	0.0	chord_invariant	witness-a8c7a27f61bba30aca17
0	14	1.8727367468438032	1.8727367468438032	0.0	0.599678982442125	0.6027816095041161	0.003102627061991048	0.8645300011290886	0.8731035701293484	0.00857356900025974	offline_greedy_frame	zonogon[lengths=uniform(0.5,1.5)]	20260720	8	14	0.9917803667468034	1.0791147917267585	0.08733442497995514	0.45279489974284265	0.4681094092985559	0.01531450955571323	0.7257112666720525	0.7515059294029223	0.025794662730869722	frame_geometry	witness-42211577e50550fbc3ed
0	14	0.6137783027056793	0.6137783027056793	0.0	0.34980561696279	0.35289209545853456	0.00308647849574456	0.5418526124630917	0.5418526124630917	0.0	offline_greedy_frame	zonogon[lengths=uniform(0.5,1.5)]	20260720	8	14	0.9395690911335024	0.9395690911335024	0.0	0.2944094666603771	0.2988883122694801	0.004478845609102999	0.5418526124630915	0.5418526124630915	0.0	chord_invariant	witness-42211577e50550fbc3ed
0	15	1.8727367468438032	1.8727367468438032	0.0	0.599678982442125	0.599678982442125	0.0	0.8645300011290886	0.8645300011290886	0.0	offline_greedy_frame	repulsive-gap[alpha=1]	20260720	8	15	0.9660450366233065	0.9917803667468034	0.025735330123496825	0.4420146783651601	0.45279489974284265	0.01078022137768253	0.6991606422602749	0.7257112666720525	0.02655062441177769	frame_geometry	witness-97e467b5a2ff21ceba2b
0	15	0.6027308412758203	0.6137783027056793	0.011047461429859018	0.3482946862940235	0.34980561696279	0.001510930668766508	0.5418526124630917	0.5418526124630917	0.0	offline_greedy_frame	repulsive-gap[alpha=1]	20260720	8	15	0.5418526124630922	0.9395690911335024	0.39771647867041016	0.2841967591480564	0.2944094666603771	0.010212707512320673	0.5418526124630914	0.5418526124630915	1.1102230246251565e-16	chord_invariant	witness-97e467b5a2ff21ceba2b
5	16	1.8727367468438032	1.8727367468438032	0.0	0.5963916288256248	0.599678982442125	0.0032873536165002326	0.8532580697992076	0.8645300011290886	0.011271931329881024	offline_greedy_frame	primal-hull-uniform-disk[points=n+4,origin=interior]	20260720	8	16	0.895786510234759	0.9660450366233065	0.07025852638854757	0.42663864023756404	0.4420146783651601	0.015376038127596081	0.6650515360636876	0.6991606422602749	0.03410910619658725	frame_geometry	witness-c4d0998194e8f5e59a7f
5	16	0.6027308412758203	0.6027308412758203	0.0	0.3476497199384804	0.3482946862940235	0.0006449663555431195	0.5418526124630917	0.5418526124630917	0.0	offline_greedy_frame	primal-hull-uniform-disk[points=n+4,origin=interior]	20260720	8	16	0.5418526124630922	0.5418526124630922	0.0	0.2790621936907895	0.2841967591480564	0.005134565457266926	0.5418526124630914	0.5418526124630914	0.0	chord_invariant	witness-c4d0998194e8f5e59a7f
0	17	1.8727367468438032	1.8727367468438032	0.0	0.5901745749622733	0.5963916288256248	0.006217053863351474	0.8452921541717683	0.8532580697992076	0.007965915627439313	offline_greedy_frame	zonogon[lengths=uniform(0.5,1.5)]	20260720	8	17	0.8943555279499741	0.895786510234759	0.0014309822847848874	0.4169018303437079	0.42663864023756404	0.009736809893856113	0.6638097909519202	0.6650515360636876	0.001241745111767445	frame_geometry	witness-d4480c3a2a8670393b81
0	17	0.6027308412758203	0.6027308412758203	0.0	0.3472058682700805	0.3476497199384804	0.0004438516683998861	0.5418526124630917	0.5418526124630917	0.0	offline_greedy_frame	zonogon[lengths=uniform(0.5,1.5)]	20260720	8	17	0.5418526124630922	0.5418526124630922	0.0	0.27308451187277205	0.2790621936907895	0.005977681818017444	0.5418526124630914	0.5418526124630914	0.0	chord_invariant	witness-d4480c3a2a8670393b81
8	18	1.8727367468438032	1.8727367468438032	0.0	0.5872177272727949	0.5901745749622733	0.002956847689478459	0.8452921541717683	0.8452921541717683	0.0	offline_greedy_frame	primal-hull-uniform-disk[points=n+4,origin=interior]	20260720	8	18	0.8686216214163044	0.8943555279499741	0.025733906533669693	0.4071805746051212	0.4169018303437079	0.009721255738586732	0.6619585958199167	0.6638097909519202	0.0018511951320034914	frame_geometry	witness-191ebf2a73e2d771df76
8	18	0.6027308412758203	0.6027308412758203	0.0	0.34591924633848986	0.3472058682700805	0.0012866219315906258	0.5418526124630917	0.5418526124630917	0.0	offline_greedy_frame	primal-hull-uniform-disk[points=n+4,origin=interior]	20260720	8	18	0.5418526124630922	0.5418526124630922	0.0	0.26853927382056453	0.27308451187277205	0.004545238052207523	0.5418526124630914	0.5418526124630914	0.0	chord_invariant	witness-191ebf2a73e2d771df76
1	19	1.8727367468438032	1.8727367468438032	0.0	0.5872177272727949	0.5872177272727949	0.0	0.8452921541717683	0.8452921541717683	0.0	offline_greedy_frame	primal-hull-uniform-disk[points=n+4,origin=interior]	20260720	8	19	0.7873853995289044	0.8686216214163044	0.08123622188739998	0.3986145518892467	0.4071805746051212	0.008566022715874477	0.6619585958199167	0.6619585958199167	0.0	frame_geometry	witness-8cf0b8bdc6585d840795
1	19	0.6027308412758203	0.6027308412758203	0.0	0.3439302013414589	0.34591924633848986	0.001989044997030953	0.5418526124630917	0.5418526124630917	0.0	offline_greedy_frame	primal-hull-uniform-disk[points=n+4,origin=interior]	20260720	8	19	0.5418526124630922	0.5418526124630922	0.0	0.26525736672347927	0.26853927382056453	0.003281907097085257	0.5418526124630914	0.5418526124630914	0.0	chord_invariant	witness-8cf0b8bdc6585d840795
0	20	1.8727367468438032	1.8727367468438032	0.0	0.5872177272727949	0.5872177272727949	0.0	0.8452921541717683	0.8452921541717683	0.0	offline_greedy_frame	repulsive-gap[alpha=4]	20260720	8	20	0.7527843614960089	0.7873853995289044	0.03460103803289549	0.3900560149378456	0.3986145518892467	0.00855853695140113	0.6490271209279721	0.6619585958199167	0.012931474891944572	frame_geometry	witness-68de0d4f117f5462e248
0	20	0.5418526124630922	0.6027308412758203	0.060878228812728086	0.3410236529137719	0.3439302013414589	0.0029065484276870057	0.5418526124630916	0.5418526124630917	1.1102230246251565e-16	offline_greedy_frame	repulsive-gap[alpha=4]	20260720	8	20	0.5418526124630922	0.5418526124630922	0.0	0.2607279636947882	0.26525736672347927	0.0045294030286910925	0.5418526124630914	0.5418526124630914	0.0	chord_invariant	witness-68de0d4f117f5462e248
0	21	1.8727367468438032	1.8727367468438032	0.0	0.5827041988109822	0.5872177272727949	0.0045135284618126326	0.8310230318617907	0.8452921541717683	0.014269122309977567	offline_greedy_frame	repulsive-gap[alpha=1]	20260720	8	21	0.7400000405651419	0.7527843614960089	0.01278432093086701	0.38263250269829496	0.3900560149378456	0.0074235122395506226	0.6490271209279721	0.6490271209279721	0.0	frame_geometry	witness-db013e962de0bb82f392
0	21	0.5418526124630922	0.5418526124630922	0.0	0.33993304164369775	0.3410236529137719	0.0010906112700741488	0.5418526124630916	0.5418526124630916	0.0	offline_greedy_frame	repulsive-gap[alpha=1]	20260720	8	21	0.5418526124630922	0.5418526124630922	0.0	0.2577074138468554	0.2607279636947882	0.003020549847932763	0.5418526124630914	0.5418526124630914	0.0	chord_invariant	witness-db013e962de0bb82f392
0	22	1.6576224811748312	1.8727367468438032	0.21511426566897196	0.5670857723905014	0.5827041988109822	0.015618426420480835	0.8155278238223376	0.8310230318617907	0.015495208039453146	offline_greedy_frame	repulsive-gap[alpha=4]	20260720	8	22	0.7283886491531774	0.7400000405651419	0.011611391411964544	0.3709129032936942	0.38263250269829496	0.011719599404600767	0.6449403025786045	0.6490271209279721	0.004086818349367638	frame_geometry	witness-bdfa36cded6f051a9051
0	22	0.5418526124630922	0.5418526124630922	0.0	0.3386905151956136	0.33993304164369775	0.001242526448084147	0.5418526124630916	0.5418526124630916	0.0	offline_greedy_frame	repulsive-gap[alpha=4]	20260720	8	22	0.5418526124630922	0.5418526124630922	0.0	0.25497491886470786	0.2577074138468554	0.0027324949821475597	0.5418526124630914	0.5418526124630914	0.0	chord_invariant	witness-bdfa36cded6f051a9051
0	23	1.6576224811748312	1.6576224811748312	0.0	0.5158428039103786	0.5670857723905014	0.051242968480122775	0.7980630991623395	0.8155278238223376	0.017464724659998043	offline_greedy_frame	regular-mutation[steps=4,scale=0.03]	20260720	8	23	0.7107243741161656	0.7283886491531774	0.017664275037011734	0.3237108727447418	0.3709129032936942	0.04720203054895239	0.580608450715983	0.6449403025786045	0.06433185186262147	frame_geometry	witness-f55ae6537ad204fb0f8c
0	23	0.5055768128352194	0.5418526124630922	0.03627579962787286	0.2447969296117215	0.3386905151956136	0.0938935855838921	0.37933435207636895	0.5418526124630916	0.16251826038672262	offline_greedy_frame	regular-mutation[steps=4,scale=0.03]	20260720	8	23	0.4693101809493915	0.5418526124630922	0.07254243151370077	0.1675920037076117	0.25497491886470786	0.08738291515709615	0.2886800938190335	0.5418526124630914	0.2531725186440579	chord_invariant	witness-f55ae6537ad204fb0f8c
16	24	1.6576224811748312	1.6576224811748312	0.0	0.5158428039103786	0.5158428039103786	0.0	0.7980630991623395	0.7980630991623395	0.0	offline_greedy_frame	primal-hull-uniform-disk[points=n+4,origin=interior]	20260720	8	24	0.708107969929469	0.7107243741161656	0.0026164041866966192	0.31598560780869656	0.3237108727447418	0.007725264936045251	0.5788158919557883	0.580608450715983	0.0017925587601946846	frame_geometry	witness-79af58787abcc0d6b092
16	24	0.5055768128352194	0.5055768128352194	0.0	0.2447969296117215	0.2447969296117215	0.0	0.37933435207636895	0.37933435207636895	0.0	offline_greedy_frame	primal-hull-uniform-disk[points=n+4,origin=interior]	20260720	8	24	0.4693101809493915	0.4693101809493915	0.0	0.16374359668229954	0.1675920037076117	0.003848407025312167	0.28686470794665525	0.2886800938190335	0.001815385872378228	chord_invariant	witness-79af58787abcc0d6b092
0	1	2.3782161242367583	2.3782161242367583	0.0	0.7632845693046738	0.764750702363058	0.001466133058384167	1.1495870336533567	1.162758403457701	0.013171369804344302	offline_greedy_chord	repulsive-gap[alpha=1]	20260720	8	1	2.8395320367877503	2.8395320367877503	0.0	0.7829508151364025	0.8052622068142368	0.022311391677834247	1.3927315999643517	1.3948863912187774	0.0021547912544257475	frame_geometry	witness-318bb4b3f19aa7b82ffc
0	1	0.9732211449666232	2.0684783765412975	1.0952572315746743	0.4449449840103861	0.46355095500688703	0.01860597099650091	0.6043679939291949	0.604367993929195	1.1102230246251565e-16	offline_greedy_chord	repulsive-gap[alpha=1]	20260720	8	1	1.178936980758649	2.5996865102723223	1.4207495295136734	0.4213661220125735	0.4745199316502227	0.05315380963764921	0.6043679939291948	0.6043679939291953	4.440892098500626e-16	chord_invariant	witness-318bb4b3f19aa7b82ffc
0	2	2.3782161242367583	2.3782161242367583	0.0	0.7566754219339495	0.7632845693046738	0.0066091473707242665	1.110043100735158	1.1495870336533567	0.03954393291819858	offline_greedy_chord	repulsive-gap[alpha=4]	20260720	8	2	2.8395320367877503	2.8395320367877503	0.0	0.764374755001241	0.7829508151364025	0.018576060135161554	1.377945645960456	1.3927315999643517	0.014785954003895707	frame_geometry	witness-68de0d4f117f5462e248
0	2	0.6888248485434019	0.9732211449666232	0.2843962964232213	0.42737841083869155	0.4449449840103861	0.017566573171694577	0.6043679939291948	0.6043679939291949	1.1102230246251565e-16	offline_greedy_chord	repulsive-gap[alpha=4]	20260720	8	2	0.7607153271031528	1.178936980758649	0.41822165365549613	0.40340231846906505	0.4213661220125735	0.01796380354350846	0.6043679939291948	0.6043679939291948	0.0	chord_invariant	witness-68de0d4f117f5462e248
0	3	2.3782161242367583	2.3782161242367583	0.0	0.7566754219339495	0.7566754219339495	0.0	1.110043100735158	1.110043100735158	0.0	offline_greedy_chord	repulsive-gap[alpha=1]	20260720	8	3	2.8395320367877503	2.8395320367877503	0.0	0.7493685125857543	0.764374755001241	0.015006242415486648	1.3524586341583669	1.377945645960456	0.02548701180208912	frame_geometry	witness-97e467b5a2ff21ceba2b
0	3	0.6888248485434019	0.6888248485434019	0.0	0.42737841083869155	0.42737841083869155	0.0	0.6043679939291948	0.6043679939291948	0.0	offline_greedy_chord	repulsive-gap[alpha=1]	20260720	8	3	0.6903964755859351	0.7607153271031528	0.07031885151721773	0.3951336736092482	0.40340231846906505	0.00826864485981682	0.6043679939291947	0.6043679939291948	1.1102230246251565e-16	chord_invariant	witness-97e467b5a2ff21ceba2b
0	4	2.3782161242367583	2.3782161242367583	0.0	0.7557416588471568	0.7566754219339495	0.000933763086792716	1.110043100735158	1.110043100735158	0.0	offline_greedy_chord	repulsive-gap[alpha=1]	20260720	8	4	2.8395320367877503	2.8395320367877503	0.0	0.7383613343398205	0.7493685125857543	0.01100717824593378	1.3524586341583669	1.3524586341583669	0.0	frame_geometry	witness-f17126c32f4613f91ec2
0	4	0.6888248485434019	0.6888248485434019	0.0	0.42634348344351897	0.42737841083869155	0.0010349273951725801	0.6043679939291948	0.6043679939291948	0.0	offline_greedy_chord	repulsive-gap[alpha=1]	20260720	8	4	0.6440499073319254	0.6903964755859351	0.046346568254009735	0.38762936409200976	0.3951336736092482	0.007504309517238461	0.6043679939291947	0.6043679939291947	0.0	chord_invariant	witness-f17126c32f4613f91ec2
0	5	2.3782161242367583	2.3782161242367583	0.0	0.7440886886962486	0.7557416588471568	0.01165297015090827	1.0644898741225883	1.110043100735158	0.045553226612569775	offline_greedy_chord	zonogon[lengths=uniform(0.5,1.5)]	20260720	8	5	2.8395320367877503	2.8395320367877503	0.0	0.7180500249732432	0.7383613343398205	0.020311309366577324	1.3358964529423347	1.3524586341583669	0.016562181216032146	frame_geometry	witness-dc81961fa41431aeb90a
0	5	0.6043679939291952	0.6888248485434019	0.08445685461420671	0.42292186002132404	0.42634348344351897	0.0034216234221949304	0.6043679939291946	0.6043679939291948	2.220446049250313e-16	offline_greedy_chord	zonogon[lengths=uniform(0.5,1.5)]	20260720	8	5	0.6043679939291953	0.6440499073319254	0.039681913402730085	0.37628290094360334	0.38762936409200976	0.011346463148406427	0.6043679939291945	0.6043679939291947	2.220446049250313e-16	chord_invariant	witness-dc81961fa41431aeb90a
0	6	2.3782161242367583	2.3782161242367583	0.0	0.68929426242577	0.7440886886962486	0.05479442627047859	1.0592355957720516	1.0644898741225883	0.005254278350536712	offline_greedy_chord	regular-mutation[steps=4,scale=0.03]	20260720	8	6	2.8395320367877503	2.8395320367877503	0.0	0.6693348459258177	0.7180500249732432	0.048715179047425505	1.3358964529423347	1.3358964529423347	0.0	frame_geometry	witness-f55ae6537ad204fb0f8c
0	6	0.565299847521307	0.6043679939291952	0.03906814640788814	0.28538835878446867	0.42292186002132404	0.13753350123685537	0.45933082759658417	0.6043679939291946	0.14503716633261043	offline_greedy_chord	regular-mutation[steps=4,scale=0.03]	20260720	8	6	0.5152442321659227	0.6043679939291953	0.08912376176327252	0.24836446518548658	0.37628290094360334	0.12791843575811676	0.4057101821944135	0.6043679939291945	0.19865781173478098	chord_invariant	witness-f55ae6537ad204fb0f8c
0	7	1.8727367468438032	2.3782161242367583	0.5054793773929551	0.6314748045178765	0.68929426242577	0.057819457907893446	1.0211023561008317	1.0592355957720516	0.038133239671219954	offline_greedy_chord	zonogon[lengths=uniform(0.5,1.5)]	20260720	8	7	1.796031662749555	2.8395320367877503	1.0435003740381954	0.5915737141711983	0.6693348459258177	0.0777611317546194	1.0418590867221211	1.3358964529423347	0.2940373662202136	frame_geometry	witness-c1f19659a8390934946f
0	7	0.5265819821414754	0.565299847521307	0.03871786537983157	0.2782283613991484	0.28538835878446867	0.007159997385320249	0.4345634006541994	0.45933082759658417	0.024767426942384763	offline_greedy_chord	zonogon[lengths=uniform(0.5,1.5)]	20260720	8	7	0.4693101809493915	0.5152442321659227	0.04593405121653127	0.24196936808649835	0.24836446518548658	0.006395097098988223	0.39696394156600723	0.4057101821944135	0.008746240628406288	chord_invariant	witness-c1f19659a8390934946f
0	8	1.8077527169247658	1.8727367468438032	0.0649840299190374	0.6239055628287092	0.6314748045178765	0.007569241689167283	1.0176753224663686	1.0211023561008317	0.0034270336344630614	offline_greedy_chord	zonogon[lengths=uniform(0.5,1.5)]	20260720	8	8	1.796031662749555	1.796031662749555	0.0	0.577485760038484	0.5915737141711983	0.014087954132714353	1.0418590867221211	1.0418590867221211	0.0	frame_geometry	witness-da74f621bfd5262fc44a
0	8	0.5265819821414754	0.5265819821414754	0.0	0.27277044779521314	0.2782283613991484	0.005457913603935272	0.4258421519158716	0.4345634006541994	0.008721248738327803	offline_greedy_chord	zonogon[lengths=uniform(0.5,1.5)]	20260720	8	8	0.45565529682847566	0.4693101809493915	0.013654884120915811	0.23410087158269308	0.24196936808649835	0.007868496503805278	0.37076453263537207	0.39696394156600723	0.02619940893063516	chord_invariant	witness-da74f621bfd5262fc44a
7	9	1.8077527169247658	1.8077527169247658	0.0	0.6239055628287092	0.6239055628287092	0.0	1.0176753224663686	1.0176753224663686	0.0	offline_greedy_chord	current-baseline[delta=0.2]	20260720	8	9	1.796031662749555	1.796031662749555	0.0	0.560931569881824	0.577485760038484	0.01655419015665993	0.9748640795180608	1.0418590867221211	0.06699500720406038	frame_geometry	witness-a8c7a27f61bba30aca17
7	9	0.5265819821414754	0.5265819821414754	0.0	0.26889461170247025	0.27277044779521314	0.0038758360927428903	0.3848778716404242	0.4258421519158716	0.04096428027544741	offline_greedy_chord	current-baseline[delta=0.2]	20260720	8	9	0.4195358728641007	0.45565529682847566	0.03611942396437495	0.22847129601346533	0.23410087158269308	0.005629575569227746	0.3578213208389194	0.37076453263537207	0.012943211796452692	chord_invariant	witness-a8c7a27f61bba30aca17
0	10	1.8077527169247658	1.8077527169247658	0.0	0.6219334127812167	0.6239055628287092	0.0019721500474925158	1.0174273797361684	1.0176753224663686	0.0002479427302002346	offline_greedy_chord	zonogon[lengths=uniform(0.5,1.5)]	20260720	8	10	1.796031662749555	1.796031662749555	0.0	0.5477040501039349	0.560931569881824	0.013227519777889163	0.9290203923036057	0.9748640795180608	0.04584368721445509	frame_geometry	witness-9b39e209169a7ebae07a
0	10	0.5265819821414754	0.5265819821414754	0.0	0.26767462831242783	0.26889461170247025	0.0012199833900424228	0.3848778716404242	0.3848778716404242	0.0	offline_greedy_chord	zonogon[lengths=uniform(0.5,1.5)]	20260720	8	10	0.4181619008030928	0.4195358728641007	0.001373972061007922	0.22391112348233377	0.22847129601346533	0.004560172531131557	0.3544745566997935	0.3578213208389194	0.0033467641391258796	chord_invariant	witness-9b39e209169a7ebae07a
3	11	1.8077527169247658	1.8077527169247658	0.0	0.6213750469667729	0.6219334127812167	0.0005583658144437953	1.0174273797361684	1.0174273797361684	0.0	offline_greedy_chord	primal-hull-uniform-disk[points=n+4,origin=interior]	20260720	8	11	1.796031662749555	1.796031662749555	0.0	0.5406496324232478	0.5477040501039349	0.007054417680687042	0.9290203923036057	0.9290203923036057	0.0	frame_geometry	witness-a12701bd6eff7164119d
3	11	0.5265819821414754	0.5265819821414754	0.0	0.2675662688701409	0.26767462831242783	0.00010835944228693162	0.3848778716404242	0.3848778716404242	0.0	offline_greedy_chord	primal-hull-uniform-disk[points=n+4,origin=interior]	20260720	8	11	0.4167050786395788	0.4181619008030928	0.0014568221635140044	0.219162525260143	0.22391112348233377	0.004748598222190786	0.34664892584653817	0.3544745566997935	0.007825630853255328	chord_invariant	witness-a12701bd6eff7164119d
5	12	1.8077527169247658	1.8077527169247658	0.0	0.6213750469667729	0.6213750469667729	0.0	1.0174273797361684	1.0174273797361684	0.0	offline_greedy_chord	current-baseline[delta=0.2]	20260720	8	12	1.472798411071392	1.796031662749555	0.32323325167816286	0.5253227928119817	0.5406496324232478	0.01532683961126613	0.8956434120062805	0.9290203923036057	0.033376980297325165	frame_geometry	witness-e56626446d17f6ae479f
5	12	0.5265819821414754	0.5265819821414754	0.0	0.2667543776926831	0.2675662688701409	0.0008118911774577797	0.380837197116771	0.3848778716404242	0.004040674523653198	offline_greedy_chord	current-baseline[delta=0.2]	20260720	8	12	0.4120537960374799	0.4167050786395788	0.004651282602098905	0.2146331222314519	0.219162525260143	0.0045294030286910925	0.3428591396904536	0.34664892584653817	0.0037897861560845514	chord_invariant	witness-e56626446d17f6ae479f
0	13	1.8077527169247658	1.8077527169247658	0.0	0.6158887284252699	0.6213750469667729	0.005486318541503055	0.985530018835495	1.0174273797361684	0.03189736090067341	offline_greedy_chord	zonogon[lengths=uniform(0.5,1.5)]	20260720	8	13	1.472798411071392	1.472798411071392	0.0	0.5014338857121539	0.5253227928119817	0.023888907099827827	0.8604508329771775	0.8956434120062805	0.035192579029103	frame_geometry	witness-42211577e50550fbc3ed
0	13	0.5265819821414754	0.5265819821414754	0.0	0.26366789919693856	0.2667543776926831	0.00308647849574456	0.3791710828891599	0.380837197116771	0.001666114227611093	offline_greedy_chord	zonogon[lengths=uniform(0.5,1.5)]	20260720	8	13	0.3993117733134638	0.4120537960374799	0.012742022724016089	0.21015427662234884	0.2146331222314519	0.004478845609103055	0.34159262878555324	0.3428591396904536	0.0012665109049003753	chord_invariant	witness-42211577e50550fbc3ed
0	14	1.8077527169247658	1.8077527169247658	0.0	0.6095093665180029	0.6158887284252699	0.006379361907266956	0.985530018835495	0.985530018835495	0.0	offline_greedy_chord	zonogon[lengths=uniform(0.5,1.5)]	20260720	8	14	1.472798411071392	1.472798411071392	0.0	0.49294476676082366	0.5014338857121539	0.008489118951330199	0.8604508329771775	0.8604508329771775	0.0	frame_geometry	witness-75c103da69f76f73a635
0	14	0.5265819821414754	0.5265819821414754	0.0	0.2631279713663944	0.26366789919693856	0.0005399278305441846	0.3791710828891599	0.3791710828891599	0.0	offline_greedy_chord	zonogon[lengths=uniform(0.5,1.5)]	20260720	8	14	0.39778019233729306	0.3993117733134638	0.0015315809761707322	0.205813931260246	0.21015427662234884	0.004340345362102843	0.3351311104024397	0.34159262878555324	0.00646151838311354	chord_invariant	witness-75c103da69f76f73a635
0	15	1.8077527169247658	1.8077527169247658	0.0	0.6036950890430444	0.6095093665180029	0.005814277474958551	0.9854282096021308	0.985530018835495	0.00010180923336411407	offline_greedy_chord	repulsive-gap[alpha=1]	20260720	8	15	1.472798411071392	1.472798411071392	0.0	0.469340298272483	0.49294476676082366	0.023604468488340635	0.8525702562676217	0.8604508329771775	0.007880576709555775	frame_geometry	witness-36441f312cb9e0e48270
0	15	0.5265819821414754	0.5265819821414754	0.0	0.25820050276358864	0.2631279713663944	0.00492746860280574	0.3791710828891599	0.3791710828891599	0.0	offline_greedy_chord	repulsive-gap[alpha=1]	20260720	8	15	0.3849230902840073	0.39778019233729306	0.012857102053285774	0.1964528694157953	0.205813931260246	0.009361061844450708	0.31828343709220197	0.3351311104024397	0.016847673310237732	chord_invariant	witness-36441f312cb9e0e48270
0	16	1.8077527169247658	1.8077527169247658	0.0	0.6019606142501962	0.6036950890430444	0.0017344747928481619	0.9210755418089458	0.9854282096021308	0.06435266779318505	offline_greedy_chord	zonogon[lengths=uniform(0.5,1.5)]	20260720	8	16	1.472798411071392	1.472798411071392	0.0	0.4523756293886624	0.469340298272483	0.016964668883820644	0.7245417966245663	0.8525702562676217	0.12802845964305543	frame_geometry	witness-12e3353712339a7ad493
0	16	0.5265819821414754	0.5265819821414754	0.0	0.2576794714573804	0.25820050276358864	0.0005210313062082306	0.3781895032324864	0.3791710828891599	0.0009815796566735036	offline_greedy_chord	zonogon[lengths=uniform(0.5,1.5)]	20260720	8	16	0.3775977726326517	0.3849230902840073	0.0073253176513555784	0.19226892278227345	0.1964528694157953	0.00418394663352184	0.3151079300219383	0.31828343709220197	0.00317550707026365	chord_invariant	witness-12e3353712339a7ad493
8	17	1.8077527169247658	1.8077527169247658	0.0	0.5990037665607177	0.6019606142501962	0.002956847689478459	0.8629403088877273	0.9210755418089458	0.05813523292121847	offline_greedy_chord	primal-hull-uniform-disk[points=n+4,origin=interior]	20260720	8	17	1.472798411071392	1.472798411071392	0.0	0.44265437365007565	0.4523756293886624	0.009721255738586732	0.70582134923788	0.7245417966245663	0.018720447386686323	frame_geometry	witness-191ebf2a73e2d771df76
8	17	0.5265819821414754	0.5265819821414754	0.0	0.25650120896807665	0.2576794714573804	0.0011782624893037497	0.3751115424797157	0.3781895032324864	0.0030779607527707253	offline_greedy_chord	primal-hull-uniform-disk[points=n+4,origin=interior]	20260720	8	17	0.36085005182450225	0.3775977726326517	0.016747720808149458	0.18816459916670117	0.19226892278227345	0.004104323615572281	0.3110839326929822	0.3151079300219383	0.0040239973289561415	chord_invariant	witness-191ebf2a73e2d771df76
7	18	1.8077527169247658	1.8077527169247658	0.0	0.5984517659436606	0.5990037665607177	0.0005520006170571801	0.8629403088877273	0.8629403088877273	0.0	offline_greedy_chord	primal-hull-uniform-disk[points=n+4,origin=interior]	20260720	8	18	1.472798411071392	1.472798411071392	0.0	0.4333701061951451	0.44265437365007565	0.00928426745493055	0.70582134923788	0.70582134923788	0.0	frame_geometry	witness-eb210a0b67eaa7ebe1b4
7	18	0.5265819821414754	0.5265819821414754	0.0	0.25520969976183927	0.25650120896807665	0.0012915092062373845	0.3751115424797157	0.3751115424797157	0.0	offline_greedy_chord	primal-hull-uniform-disk[points=n+4,origin=interior]	20260720	8	18	0.35984660846661404	0.36085005182450225	0.0010034433578882118	0.18159998729094645	0.18816459916670117	0.006564611875754717	0.30409967730124354	0.3110839326929822	0.006984255391738636	chord_invariant	witness-eb210a0b67eaa7ebe1b4
16	19	1.8077527169247658	1.8077527169247658	0.0	0.5955760661880333	0.5984517659436606	0.0028756997556272923	0.8629403088877273	0.8629403088877273	0.0	offline_greedy_chord	current-baseline[delta=0.2]	20260720	8	19	1.472798411071392	1.472798411071392	0.0	0.4271174610910645	0.4333701061951451	0.006252645104080579	0.70582134923788	0.70582134923788	0.0	frame_geometry	witness-5ec4e4c04bca0cc1c5bf
16	19	0.5265819821414754	0.5265819821414754	0.0	0.25520969976183927	0.25520969976183927	0.0	0.3751115424797157	0.3751115424797157	0.0	offline_greedy_chord	current-baseline[delta=0.2]	20260720	8	19	0.34706249643087295	0.35984660846661404	0.012784112035741091	0.1776886111119615	0.18159998729094645	0.00391137617898496	0.2930919178728444	0.30409967730124354	0.011007759428399155	chord_invariant	witness-5ec4e4c04bca0cc1c5bf
0	20	1.8077527169247658	1.8077527169247658	0.0	0.595036902049158	0.5955760661880333	0.0005391641388752255	0.8629403088877273	0.8629403088877273	0.0	offline_greedy_chord	repulsive-gap[alpha=1]	20260720	8	20	1.472798411071392	1.472798411071392	0.0	0.42357475578417597	0.4271174610910645	0.0035427053068885495	0.70582134923788	0.70582134923788	0.0	frame_geometry	witness-23bfce81c20eeb227d1c
0	20	0.5265819821414754	0.5265819821414754	0.0	0.2540203094777891	0.25520969976183927	0.0011893902840501847	0.3751115424797157	0.3751115424797157	0.0	offline_greedy_chord	repulsive-gap[alpha=1]	20260720	8	20	0.3324400055930311	0.34706249643087295	0.01462249083784184	0.17313556645503003	0.1776886111119615	0.00455304465693146	0.28747647214545985	0.2930919178728444	0.005615445727384538	chord_invariant	witness-23bfce81c20eeb227d1c
16	21	1.8077527169247658	1.8077527169247658	0.0	0.595036902049158	0.595036902049158	0.0	0.8629403088877273	0.8629403088877273	0.0	offline_greedy_chord	primal-hull-uniform-disk[points=n+4,origin=interior]	20260720	8	21	1.472798411071392	1.472798411071392	0.0	0.4141332164209553	0.42357475578417597	0.009441539363220675	0.6811840178679882	0.70582134923788	0.02463733136989177	frame_geometry	witness-79af58787abcc0d6b092
16	21	0.5265819821414754	0.5265819821414754	0.0	0.2540203094777891	0.2540203094777891	0.0	0.3751115424797157	0.3751115424797157	0.0	offline_greedy_chord	primal-hull-uniform-disk[points=n+4,origin=interior]	20260720	8	21	0.3293185757962587	0.3324400055930311	0.0031214297967724347	0.16952208813336664	0.17313556645503003	0.0036134783216633937	0.28721343284617656	0.28747647214545985	0.0002630392992832853	chord_invariant	witness-79af58787abcc0d6b092
9	22	1.8077527169247658	1.8077527169247658	0.0	0.5940542558237142	0.595036902049158	0.0009826462254438617	0.8629403088877273	0.8629403088877273	0.0	offline_greedy_chord	primal-hull-uniform-disk[points=n+4,origin=interior]	20260720	8	22	1.472798411071392	1.472798411071392	0.0	0.4088545406139961	0.4141332164209553	0.005278675806959177	0.6811840178679882	0.6811840178679882	0.0	frame_geometry	witness-d656ba68b0d136dd32e5
9	22	0.5265819821414754	0.5265819821414754	0.0	0.25269350333918134	0.2540203094777891	0.00132680613860775	0.3751115424797157	0.3751115424797157	0.0	offline_greedy_chord	primal-hull-uniform-disk[points=n+4,origin=interior]	20260720	8	22	0.3155223234335564	0.3293185757962587	0.013796252362702266	0.1636932144270257	0.16952208813336664	0.005828873706340942	0.27409632440492915	0.28721343284617656	0.013117108441247416	chord_invariant	witness-d656ba68b0d136dd32e5
0	23	1.8077527169247658	1.8077527169247658	0.0	0.5782511836171992	0.5940542558237142	0.015803072206515	0.8629403088877273	0.8629403088877273	0.0	offline_greedy_chord	repulsive-gap[alpha=4]	20260720	8	23	1.472798411071392	1.472798411071392	0.0	0.39653429015822356	0.4088545406139961	0.012320250455772563	0.6811840178679882	0.6811840178679882	0.0	frame_geometry	witness-3f75f59675ef439f1ebd
0	23	0.5265819821414754	0.5265819821414754	0.0	0.2433072672730506	0.25269350333918134	0.009386236066130732	0.3751115424797157	0.3751115424797157	0.0	offline_greedy_chord	repulsive-gap[alpha=4]	20260720	8	23	0.30525374165139607	0.3155223234335564	0.010268581782160335	0.15380577384479113	0.1636932144270257	0.009887440582234563	0.2682439338084264	0.27409632440492915	0.005852390596502721	chord_invariant	witness-3f75f59675ef439f1ebd
3	24	1.8077527169247658	1.8077527169247658	0.0	0.5748905801159485	0.5782511836171992	0.0033606035012506696	0.8589181038058117	0.8629403088877273	0.004022205081915642	offline_greedy_chord	primal-hull-uniform-disk[points=n+4,origin=interior]	20260720	8	24	1.472798411071392	1.472798411071392	0.0	0.379294796560806	0.39653429015822356	0.017239493597417554	0.6308910899214498	0.6811840178679882	0.05029292794653839	frame_geometry	witness-d7ec766adf6c6b5bc864
3	24	0.5055768128352194	0.5265819821414754	0.021005169306256066	0.24231141612367132	0.2433072672730506	0.0009958511493792788	0.3751115424797157	0.3751115424797157	0.0	offline_greedy_chord	primal-hull-uniform-disk[points=n+4,origin=interior]	20260720	8	24	0.3052395308612101	0.30525374165139607	1.42107901859867e-05	0.15048779839205856	0.15380577384479113	0.0033179754527325744	0.2668731806254008	0.2682439338084264	0.0013707531830256525	chord_invariant	witness-d7ec766adf6c6b5bc864
