arm	bucket	poly_id_low	poly_id_high	sys_low	sys_high	sys_gap	metric_a_distance	metric_b_distance	combinatorial_distance	ridge_compact_distance	ridge_full_pca_distance	ridge_mean_low	ridge_mean_high	selected_q10	selected_q25	selected_q50
generic_caliper	generic-F10	0c99d41c986074ea91adbeb540c01a740a79f4c583ed42d8f4a0a37fb6e24fd0	ad5a9eb3ab3aa8cda5dee8c579245e73e3499e6e006f45da675f3908f6798a81	0.4417349375985003	0.5541575241989724	0.11242258660047205	0.6279937613519968	0.5458267530959562	1.2212453270876722e-15	0.6279937613519928	0.5458267530959562	0.5182920905803814	0.3836105822397637	False	False	False
generic_caliper	generic-F10	10123cc6def9cc03adccda83261427dfc1bafdebc3ee34de47fc0b79caa0ce80	244c7ccdf5dd86e7a85df9e2bb115becd34be93c1054723583dc59007f463b5a	0.06401865726028828	0.07038699960437282	0.006368342344084538	1.1866158801258482	0.5514791003184175	0.8627829271933434	0.8146550604461549	0.3121646965334137	1.2977086622739593	1.1841396001598818	False	False	False
generic_caliper	generic-F10	21c1a7ef4148238477172e54db24434fddacb2c66f34e361b20b2c89085a0d65	c756fd669f3ae9dc24f80c2327ac86ba6fb5c143c1585eee8d9415bcbd2d861d	0.5463236861534482	0.5557983875449215	0.009474701391473328	0.6123131934798847	0.40174254804707094	0.0	0.612313193479889	0.40174254804707094	0.4014259932543298	0.3658847411345963	False	False	False
generic_caliper	generic-F10	25ceec1da11aafca48fecabf96b28858b5765ccb1be7dc88a632950186344982	90b8c11b1bac0d58c2b69441593efc7dcae9fe3ccd4b0be6c25a54846187d179	0.17295854873284291	0.21432207764433794	0.04136352891149503	0.9116795810392982	0.6508469442556292	0.5567382595035532	0.7219433280313241	0.6067169133867933	0.553654613405461	0.6491868743964424	False	False	False
generic_caliper	generic-F10	334c4119b36e79c2048bd423a4cd3491a7ef9cc475b9134e388d73eb97881c36	25b893aec9a5edfcdfbb0a98df0cc5c257ed2acafeeddda45c9f24739e5856dc	0.35343973895812225	0.4162760547760721	0.06283631581794985	0.5830662353943257	0.6022293153129672	6.106226635438361e-16	0.5830662353943293	0.6022293153129672	0.4955732577225915	0.47825099922859615	False	False	False
generic_caliper	generic-F10	41e77023699e4474bb94008055b14e7751a9afdda263457361e4521e18d10d0b	bfbd5cf6aa584eadcf2ce5bf7fb0eed74ef891fab7fd31f126205db606f3a544	0.4745404990283402	0.6342016188324596	0.1596611198041194	0.258320168399473	0.27169132113981287	0.13537349257747056	0.22000756102759472	0.2555751198267541	0.4029101031579628	0.3719619217267006	False	True	True
generic_caliper	generic-F10	541eda885bac7c1fa3ee2265987c107a7e09761457397c69471474aec16d7fac	45cbaea7edc315337203fb58d70f4b68bc4dc3167a4973c28c031dc849c8156f	0.18286635576818527	0.24960083667968153	0.06673448091149625	1.4863807675473362	1.2529057536672352	0.5030338895905893	1.3986724749053967	1.2051721308870913	0.6729603280065292	0.592657781737283	False	False	False
generic_caliper	generic-F10	5685348f21fbdb0fb5feaa698edb9bcc160e08c6d380f86fe008f55b7fb1ec42	a98d71072592e63574960a3921f618d1fc031fdddf2ab035b5078cb5e6468f04	0.44107354085841644	0.7459714935308657	0.30489795267244924	0.6974405460507572	0.3908320584666862	0.32960247945717036	0.6146425959948308	0.31996201684036457	0.39992197098846904	0.3453312447547059	False	False	False
generic_caliper	generic-F10	58ab28b943b4feb5b95c97a546a746a2e911c9959857df8e2823c652a83fafe0	fcb68b3192f68670c8c52280a187a341b77a4003378a43d05fb48d87152596fe	0.10795893272710405	0.15584214007413058	0.04788320734702653	0.9102267307843447	0.6695571849375419	0.0	0.9102267307843459	0.6695571849375419	1.0118052943905484	0.814604022768291	False	False	False
generic_caliper	generic-F10	60588e17c1e6ac3b64b77513fe56f295d7452da5eb9a235a9807683f4a0bdb55	15e3864e9ad9f23a2c23fdd0da935ac53870f844f2bbf53d76a516aec092824d	0.41296105011126527	0.691564933523804	0.2786038834125387	0.2664887135123579	0.6656514174801047	1.1102230246251565e-15	0.2664887135123697	0.6656514174801047	0.4398109062543369	0.42093812816841814	False	False	False
generic_caliper	generic-F10	6064fb028b2fed99d488677a0ab31bc25adb4c43f89b3fcdb0dfbf171b634182	eaf3a6e1b987372e3467ab7b0b6a9c248be5f586595efec5f6eadc22fdb35f45	0.23223457268970504	0.4452696189043711	0.21303504621466607	1.8097614753614324	0.9298927137638657	1.6778741076048693	0.6782146243863745	0.7359404857519718	0.5057699832458952	0.4575949035856928	False	False	False
generic_caliper	generic-F10	63cc79c9e5d6d6f4dd15039cc19f1cdcfdd5f84b5b0bc54bc70524de9d3a10c5	666802a5844f42a30e59ea3be9c06c4f1849e0f6838edf42f90d9714f494ca49	0.3739643062852334	0.5628448404332378	0.18888053414800438	1.2368039275120948	0.5356600127732959	0.4707917673730633	1.1436953558020102	0.47475420875609103	0.4820232953020735	0.3793870021484473	False	False	False
generic_caliper	generic-F10	7b3cb98d24b9605d8f7f748547859c8c5fcfafbb0888060ad7fb070149dc9ea3	63def6f6f3ee8843b9265e9e0ba2064de3bb7463b19f356fa4a293501337c800	0.3009211603569633	0.5641562453878461	0.26323508503088283	0.5120419875590201	0.3546902436868088	0.4178706997711739	0.2959241039458306	0.2780696911712936	0.5355469217565334	0.47491237702295386	False	False	True
generic_caliper	generic-F10	8aff5594ed4b203846049eb0da3ebfd2c4c2e1f915b47188096d222d76f5a3fc	59ab5ed28d275b16f8e1cd868494e1aca62acc34eb8b741176a8c133371126c2	0.2876773224593315	0.349683942833142	0.06200662037381055	0.5834537186703351	0.31194283738158873	1.2212453270876722e-15	0.5834537186703552	0.31194283738158873	0.44526678083562904	0.43172519237889734	False	False	True
generic_caliper	generic-F10	8c347f9fb2977e7b90bce2d23168074f6965c0fd527b2bb884dadcc23c6bc098	69686b27e05959b988f5622c944ffba9867c00cb9687c2ae2fa7902e87f21138	0.4853531458422137	0.5154351116715874	0.030081965829373725	0.32701820544357174	0.610947984630431	0.17646776146578652	0.2753180630739047	0.5990140249677806	0.3811926733512274	0.4386634019287108	False	False	False
generic_caliper	generic-F10	925569bb868d2918789822ade30fea6946b2d13b364a4943d6398f56e83c15ce	776b5233464a0027da1dd8977b0f0ac2ed3c886e157eb61b0c55946489ddb566	0.2501495758187735	0.29695734336091384	0.04680776754214033	0.8994604969169618	0.5141710919127734	0.20915019794327327	0.8748059100248458	0.4940530828123422	0.5824356357270634	0.5790447457846574	False	False	False
generic_caliper	generic-F10	92ea59c999e7f526d022bbbcae50c36a5574daaf96c4615a6e0747b79b8b7260	78da60031224a987acf11b81f45796fabe55c59398209222319557617f01657d	0.41311939630919714	0.4625437858266921	0.04942438951749495	0.5529572543823484	0.8902063286654358	1.2560739669470201e-15	0.5529572543823436	0.8902063286654358	0.5343783000367156	0.5062255014991166	False	False	False
generic_caliper	generic-F10	9be74815b2eba4f0aba732181fd030744d71ca50c14b22c83fde9f80b776e262	b1e7ffd610ec55623667b5e310ecb6e108e9a3873f3e6c606416d62a00a410cd	0.22091574772554273	0.4264389681482237	0.20552322042268095	1.234322160126908	0.8067072500717302	0.4228842624338327	1.1596206688250044	0.7753217525961368	0.6226737923377877	0.485677729072122	False	False	False
generic_caliper	generic-F10	b45503b4de87166abd8d4c3db1a64a74d6ebdf794882e7eb9d02fa7bfcfc8489	c6d301cb62ddd74e11a66bfadcfeeb2e8f119a1942c85ddf7ee68896ba26d5c4	0.6168192331451379	0.8595596058028344	0.24274037265769655	0.7534772567339925	0.33514324381451066	0.6853705803245433	0.3130417608578505	0.177294550777909	0.4423284890901801	0.3896458519587565	False	False	False
generic_caliper	generic-F10	bcb616d0c2eba02e406b1253fd4f7a7ba6cfe4e393b96914c2925b2b4afce0ff	d67c5020a271fd881833dc8b02aaff1706bbdc0956acda3e0459d35e5a536332	0.4460676480165908	0.4654548501686876	0.019387202152096772	0.2511983940770026	0.38423219257628866	0.1486517451285605	0.20249269581172452	0.3706590254057546	0.46268598998827765	0.4574954868036295	False	False	True
generic_caliper	generic-F10	be5a9542afd0956df80758f80564a0bd3e6c3739624dd63d5ccd240d6c879591	a27e1ccd59d647cc8a6fa320a8eabe686b9a26ba7c22063c38ac171e529456ce	0.5008686123985524	0.6985632713040625	0.19769465890551008	0.5679668958268657	0.675082296264803	0.0	0.5679668958268794	0.675082296264803	0.42506281775566646	0.38246599062916886	False	False	False
generic_caliper	generic-F10	c6053eb84bb2a5550197c4273b2d14a821ceec22539a15d3a475184ae9585dda	16ded4d05a193cbdc6157904d7b6907df7bc4b8f641f568eb8d55db60f4c962f	0.5740478120457169	0.6099521576051152	0.035904345559398365	0.6837336820746988	0.5905691393035096	4.440892098500626e-16	0.6837336820747013	0.5905691393035096	0.39478967247574026	0.3942062415075521	False	False	False
generic_caliper	generic-F10	c69f9ef960586d6d305348ecc36d20ae4a0f13753f2607d05b3572e5f56cf690	207684365747df043ed964f5e6328c4c5d74ebb409d4bd3d95a65ff8a9aaf80b	0.16331253349342062	0.1765375821230914	0.013225048629670777	1.2689115113403584	0.8574267833969617	0.19806570944794644	1.2533580487446323	0.8467527442591938	0.7488883739005832	0.6349351604775056	False	False	False
generic_caliper	generic-F10	c95c2f1785edbc46ac7c68b7b1895bdf3e10112a73d363d5a4d10162d05c4cc3	51044ede508a16c278ee0a919692b35d2eb6fb4757d035fa6ba8fb9bdfeef053	0.4658660586597779	0.4905169948973004	0.02465093623752246	0.22868007566266021	0.2967375225928061	0.0	0.2286800756626513	0.2967375225928061	0.4855666286266617	0.5209194390311388	False	True	True
generic_caliper	generic-F10	cab5c6af62143bdee907863b9663272045feeb1b10b1dafff3240c062c0114a3	ac75862076902d40621612a74a5121630d962a4300dbe5ab9fc2920348a1e429	0.5197726295632852	0.6885030752158804	0.1687304456525952	0.6324181659132473	0.5751109778821838	0.14865174512856116	0.614699434884491	0.566132822033278	0.41722663897459555	0.4034557309338763	False	False	False
generic_caliper	generic-F10	e24b437595471c04e6b3d6e72c673302e32a50e5cceddee49d91b323e220b609	d39c9ba91c91da3d5001f7e91b0e0f3eb4569c76c96ddb4a1763fe15bbd48b82	0.31868103300710726	0.4245667569266624	0.10588572391955514	0.7778236949249595	0.3892363565141454	0.0	0.7778236949250068	0.3892363565141454	0.5259233059160925	0.47505739824996646	False	False	False
generic_caliper	generic-F10	ee5b3e92f4b4dec2fe0f0fa098754d36ecda3e42fe84fe69808260aede61c232	dfbe66cfd7b055062483f8e5a94fda8850cbdb226d777e44531a87edb3f75283	0.5067633643946893	0.6647960870145644	0.1580327226198751	0.6392491479462031	0.3926243929584655	1.1102230246251565e-15	0.6392491479462017	0.3926243929584655	0.3593156065439558	0.4137863700529747	False	False	False
generic_caliper	generic-F10	f790ab899028b6af1748b8bdc60d6be2d677dde2f01f45d8c4c996bb17a55333	72706cc4da603d564a034d0191cdb4a12c8ede98c1dda242d46e5d901c47c777	0.6092002539018969	0.656054285997421	0.04685403209552408	0.6201637392535202	0.4425600758374461	0.1486517451285605	0.6020844809120588	0.4308284531318792	0.3478315862904793	0.39498918445298037	False	False	False
generic_caliper	generic-F11	00e79aaa2d9c69d1d205a0305f8043d0fb495fdb35b61d4327938ff9de604525	a08e2b78674a6bc6917f4b1a70969ecfe6191dfe1d6b5fd8d84242ed6be3e8a6	0.2326088587039391	0.26720952894605965	0.034600670242120546	1.005785050478844	0.6202884895993241	0.4459919300193232	0.9014958491997423	0.5295739393263681	0.49192298337162577	0.5019797585512459	False	False	False
generic_caliper	generic-F11	05c13e54c0f0bcf02799e59311865e157b9720b92c54a68a6dae97b6b2f90619	8a485817b913dc2beb2103c1043301d7a694074beb209b22f9db8a52a1762f52	0.3606053012516081	0.38749909735359217	0.026893796101984058	0.5046076379556047	0.5223297882820324	0.20808587886520535	0.45970548756789026	0.5047821322876638	0.3681936300506433	0.44371484152482354	False	False	False
generic_caliper	generic-F11	164c9943b7f92601f2e7984cea84e76140729f3ccbe3d115b4343339498642a7	3e0240a662599681c97b9e598a69deb95c8971fe15b4248e8b12bd471313ad79	0.05122946954289682	0.08974067353891042	0.038511203996013606	2.6220747935876934	0.8632356629967853	0.18258522243416342	2.6157100106312616	0.8551603445388084	1.0633459404693564	0.8727206455430907	False	False	False
generic_caliper	generic-F11	2bd48e5ed74e2a0879a6263116159fa966ee3d46526aa0c75135f7bf6abc8565	fc54478da27b0ddd3a3a0420465e328cc61f007f5852da47c50f45d488651397	0.12045513918933383	0.19799962537175297	0.07754448618241915	0.7868804820610248	0.624610761558249	0.34992697001236284	0.7047921741240891	0.5823826564330863	0.7708594925395349	0.5944985729221663	False	False	False
generic_caliper	generic-F11	2cd9efc7b92407697dca2d67b934985c6bf86ccb4a6eea2e7e18865b6d7bc5c5	a9b058a4fad0d88ec3d9849b0507db7052df4f09c19f84c2af9627b40ddcd7db	0.40886174659903807	0.6828084876852907	0.2739467410862526	0.5358814866406155	0.31818822881113124	0.0	0.5358814866406105	0.31818822881113124	0.3175233817242011	0.3572307892445239	False	False	True
generic_caliper	generic-F11	3a90faaf2c7fc8171fc67cd912a2009e8049546c9f470fefb799504483878344	f5f55a6fd2d31aafe3d1358dc78d16a64ab9233b3c52aa062d443566b8a0b68f	0.14779030712389177	0.20954035290233525	0.06175004577844348	1.6419336435586316	0.9314630023315245	0.4691973549622835	1.5734674867775693	0.8809018285470374	0.5613068174800921	0.4578224173306832	False	False	False
generic_caliper	generic-F11	575998f0ecf9cc0aa942e0481510807e08717b046dc40209e8345ea2a8fbb02d	4b675313327caff47ca5c6dcb9aa706c2d6befa923d5a514b151521390fd5047	0.008519945566919387	0.017360528601488498	0.00884058303456911	2.6088676474996175	1.4827349838263177	2.4238300607618486	0.9650068594146873	1.1503895990040311	2.2440891407101384	1.9792671499385428	False	False	False
generic_caliper	generic-F11	59bbb581dff767ec1c6f209de6ee9e0308b4e5ec049f582ce9c4c28a04004c8a	a25561e5436768d77c52eb2f303b240c49e2ea5e55d8e71a779d2c75c0035ac8	0.33824268760301424	0.38482043661898274	0.046577749015968506	0.6995589394791896	0.7031480978300263	0.42831397798195964	0.5531092532859329	0.6631676047624252	0.45206024398670563	0.4265421154317837	False	False	False
generic_caliper	generic-F11	60f1de1ef6ac7a96c588bbbf9b27f7b0f7652f20c88eb7087e7363181928b61d	33ab653fb4fdc3bba52d7fdb62b08e6b704c8af685913065bfaa99903828d34c	0.5951306904409761	0.5961250728497386	0.0009943824087624842	1.1922962243377566	0.3788804337636551	0.580076329423007	1.041672567850949	0.2977548635767277	0.33752604502325495	0.3343525173342022	False	False	False
generic_caliper	generic-F11	62323e8dbefad4eb912e5022cd6d05b898f7f6ce4881108516918d8d7edf55c0	fb33d840c44f3d67e2336461b6499bd0dda71f1c546d1805d235300f52e1345e	0.28435347265318484	0.4609065791564376	0.1765531065032528	0.5924144459127165	0.7955676677447883	0.21277835592271233	0.5528835745226118	0.7836341377441145	0.4892679459267822	0.39505180281495944	False	False	False
generic_caliper	generic-F11	62db41f14764c78e168ff3163860948ad1a88f5f411eebe25348b3ccbac6dd14	61d8a7cf27c4e1d7d2f61d75238f69a993538e3935fc0b5db5dd16ebe163195e	0.20886383233463515	0.3089678546277127	0.10010402229307755	1.21256845178144	0.4043578396613391	0.6057452811347099	1.0504260586251029	0.32958321920223854	0.5437109917508428	0.45043339874283767	False	False	False
generic_caliper	generic-F11	65742d9c1e6819896860c406c7d322776c27d915ed62fbf1e4d39f0b375fadde	5c90675aef57a9033a33ad82a1c9341796273a6fafa41e22daddb218ba12b714	0.2503237253466236	0.38600936192875734	0.13568563658213373	0.7567963852880873	0.46367938607110615	0.19843635526056214	0.7303175896115436	0.4456545743999414	0.49807081310143464	0.49318723335635983	False	False	False
generic_caliper	generic-F11	68ff0f0f05f3ad9b505f97b3be66dc827f2024418bb1876b4a6ca90426e06a38	a074861e7c74bcae481f2a5c0e44c61186d21727d80b814f89c770b2ffd0696d	0.5564923748831891	0.5732437550311711	0.016751380147981942	0.3939356494739303	0.3577986688629832	0.21277835592271233	0.3315277773841474	0.3304155494482708	0.3672186650189147	0.38660531041833707	False	False	True
generic_caliper	generic-F11	6c8a5a6b7bf63e86043a031b6d9f42f81fc758ad342f4fb667354d47fb3fa2a4	e7b2193b3e951ba8d096a75ab74ca7a7e2518ec35185410a8428a143ccc2d95b	0.42303588636910594	0.4803936487076262	0.057357762338520246	0.7935922160232384	0.38783737099234816	0.2712833276485318	0.7457841252484605	0.34609859583938957	0.4142022488992233	0.331049960770936	False	False	False
generic_caliper	generic-F11	708d3f13124a0da8a2043eaeca3cbc8a9f4ed8356b14e1a4708e9b6ac8261d8e	c1673baf611687f8ea2277fcd7865db5d09a16d9b6b6f3fa89fd0bc2a0a4ace7	0.3315000168467788	0.3610718175748214	0.029571800728042552	1.5112765391648249	0.47663255574988794	0.5646813321362818	1.401817310125258	0.30733015400535063	0.4019020929551361	0.47884660092867387	False	False	False
generic_caliper	generic-F11	7cbb86859c8cc81c7ee011a328555691a26d77e1f847e5dc5b7b23899211fcee	a19d80f405d0efa0caa738c50e96ad2f9b360c46231b379009659b0ae824c370	0.10129117631890182	0.12211938210370032	0.020828205784798506	1.8127475088311273	1.284199913520125	0.7541690413945166	1.6484182077905933	1.19173127901841	0.7801999179123043	0.6710836802323622	False	False	False
generic_caliper	generic-F11	8264c9ce9baeec1f5e75dcdb763cd93a437251a96a77234436c6385b113c69f4	4a721068f6284a8eb9b8a5c8f7b9940240fa84654feff58d2b0d7f7cebe19c17	0.4436994220246668	0.5094840633589791	0.06578464133431233	0.8096947978726381	0.6153506761321204	0.5096645137640318	0.6291643260005215	0.58184241311689	0.3344578744192165	0.45518322196302896	False	False	False
generic_caliper	generic-F11	8e52b379f237a88bfffc1dc1b6bb14cdd1a58b6f6c1eadd696179289a367a44a	2b3519bce8fa01dcda410ccba946ab4642f7fc0b3164086c9a301c5b96768033	0.41293573173412734	0.45120423815903093	0.03826850642490359	0.5542716263370777	0.44031211605007103	0.0	0.5542716263370766	0.44031211605007103	0.42011273953915784	0.33984163059111416	False	False	True
generic_caliper	generic-F11	8ffc03c88e28415d37f9bd18ed788ae0323739a36143db97694a69d1fb19f0b1	cf99afe85abeb5f1f8388aca10d2ed3d710c96f222b78abd66d6f193725aa795	0.33838376415450977	0.35725513087610256	0.018871366721592786	0.9926560193174726	0.7410477586718632	0.18517900685165567	0.9752305922747929	0.7313536262659447	0.358819698702039	0.4084360594353993	False	False	False
generic_caliper	generic-F11	92729d567ee39e0ae3b220de59c1e87c3ee0a1c78e86a534a2914ea628ba1573	f94c9a5c57a40ec08f7c0fabfaedcf6f65986eeb86f8934dcdb4d69bea9060d6	0.13529520809629952	0.27682937831674526	0.14153417022044573	1.4698871444638855	0.9009237478455953	0.09705012781480837	1.4666797503720188	0.8987452795477396	0.7877892556576676	0.4598213345373364	False	False	False
generic_caliper	generic-F11	95c44a03cc2c7182f263b0741a8eb8cb6c6b975b9ec82601ddb988eae859fc4c	f8857c4223c1e3ff6911b0c6a0ed7afc6159444643043835591ba7df8bcc3188	0.10255911253290804	0.12523252810646646	0.02267341557355841	1.1779114278160538	0.7429159585305957	0.45806738669913744	1.085195651033615	0.720992611387762	0.8638632611156596	0.7075027344994528	False	False	False
generic_caliper	generic-F11	a3e28b64ba68d1c1b75b6bc62c3648fe0ed5371749197339b9914ff5f6040eaa	271cab46f07e565315578a96c99e015e1d4fc1168245061524841914566819f2	0.39911511471053956	0.45100424232086084	0.05188912761032127	0.6181870150713508	0.38713031523482205	1.2387820549587201e-15	0.6181870150713515	0.38713031523482205	0.4647370396665273	0.3850144507531875	False	False	False
generic_caliper	generic-F11	a6c082ba3b8a373367cdd8f17b28d998e3b996d00a91cd5c0833fd2bb887e0a9	2229e239891d07f7b37a2b0ab56be599275a8b75a46043a313bb533990c446e0	0.3871411955793435	0.4723242071852858	0.08518301160594227	0.7359132164912405	0.5165121654426638	0.43118674772520466	0.5963608394190932	0.45980823613660365	0.36018777192515533	0.3780386010825643	False	False	False
generic_caliper	generic-F11	a847af6ef10bfe243efedee48d0517cd5535405afda8705268693bd54932a808	8c2066780b9f5880cda6a08a252b417de129875d48ae9057bef12293e795ae97	0.2557953517918614	0.33354241621855857	0.07774706442669715	0.53887647830029	0.6632969533415543	0.3571674072798606	0.40350873849558994	0.6340168011600752	0.5466145291933885	0.532687928503902	False	False	False
generic_caliper	generic-F11	aa528830161a2360477c1bec953afccbe703dfdfcff32fad8da355ad74ee23df	db11fcc3c50302d36e2884ba045347d893276bf790a4d9a2bf92ca6666231168	0.2062808606790705	0.2247495027484712	0.018468642069400687	1.801586717146797	0.7067057243298956	0.9301507433390181	1.5428980180380174	0.5313602139526621	0.5492529780533087	0.5740491238174416	False	False	False
generic_caliper	generic-F11	aa88e5b0b52c6b8ddfdbf30ab559019602a22099649cf6c613d40757d3df8282	da701ae79784ff25af0a5bc1030e31ddea4c0e7698bc1e4a70ea2707615e0694	0.015557077810084498	0.016953067411391406	0.0013959896013069073	3.304588577152136	1.3534587309230743	2.46361962364011	2.2024722505084524	1.0366466509463044	1.941598739741711	1.9891287016897825	False	False	False
generic_caliper	generic-F11	b4971866c37556f0d5ded95ce1c8a2c456a097b1c8bbaf39d5458ab4008e0038	0b9f0ddc508f8ba500570ae71e9ec4787042850e114c69f4b8701fdf6a478838	0.4314417106770989	0.46545641393070136	0.03401470325360245	0.781941757026246	0.7652274398402312	7.364386412590295e-16	0.7819417570262357	0.7652274398402312	0.3943170224038264	0.3725234861799457	False	False	False
generic_caliper	generic-F11	b6c7e68c6a2611628cce3e921d8b8117c9b8c66b268585cab41c6287356cd3a3	735b7807586fee1edc1c0f6c8015c293e2884e8ea9f3bcf754b6997759f5ab02	0.0025336082365968408	0.0053633891735993516	0.002829780937002511	7.059867991337716	3.381522999186328	3.425073658801612	6.173378854962509	2.853577553035542	5.098727556818887	3.9409777748011043	False	False	False
generic_caliper	generic-F11	bdef9d7d4ed0ca4e5f267a9c0abe373db6b5f7f14be318dff948ada483d362f4	5feb658cd9e662b66f29e2a43f9d9652243cd3975cbec0b526352602fef780b4	0.26232025315518726	0.5720249925330647	0.30970473937787746	1.0800230667236117	1.5629553144795012	0.0	1.0800230667236186	1.5629553144795012	0.46225167591988664	0.35708851783387896	False	False	False
generic_caliper	generic-F11	d02edd507082c4e849024ee358033c393553ac35396f5526b964bc392f7c793c	59d7ca0744c91e4212fcee36351d5fa83fbdd044f45186f3f1d6d66a63809588	0.4711101341984342	0.641347028340662	0.1702368941422278	1.0574982808494755	0.5530862917975679	0.4328703509292092	0.964844999617042	0.4505082775151618	0.3165261254751155	0.3826479695942647	False	False	False
generic_caliper	generic-F11	e5ebb4391e234b62999bebdbd959f0335751d994ba141d7ba1ac02e7ce4f261e	66acf3cd0d402c2ae1532587ce6eaba79b9b69a13648a9432c5e9930a27fd331	0.4121206222038776	0.44462860644678187	0.0325079842429043	0.7486615908156437	0.4200598739666866	0.5286236716125333	0.5301426141836596	0.3625319283629135	0.4051618540308087	0.4460355100391006	False	False	False
generic_caliper	generic-F12	02e96645a7f3ea524adb65ce1abfed531c1b90508169e5a707c641f806b19985	ddbecbf958e0d1b019685082aa7d9914e7c533f92aee8396a592f852cd08fec8	0.5775865229624066	0.5808216147704883	0.0032350918080816804	0.43570187448603337	0.344888727838725	0.35340074077620515	0.2548412051640671	0.28211994561924714	0.35804355562973	0.2951213242740287	False	False	True
generic_caliper	generic-F12	02f61632471aa4a51c6be77a9df522df626e77047133a19c396ee7bcc32997f2	ebe3c2c15d3e943df66690286e0f981130225395b909521efa4a05854b01b631	0.47819404696980927	0.6586772783981075	0.18048323142829825	0.6284574408956428	0.2785692214623173	0.3800386837345662	0.5005290739631496	0.1610931356263752	0.34696234953358257	0.2902473218993573	False	False	False
generic_caliper	generic-F12	081be548db9ad7946e7e75e1b5808696628ea3990825ea6762e87b7de8c2ead1	7360bd43ddf1131ab9930c1b7aaa8642331094dcb86c1ab6074d7fe2299f6ab6	0.22853706463678222	0.3161460101904988	0.0876089455537166	0.5835861383653511	0.2590059259447382	0.26408024221766035	0.5204175309906889	0.20529181525288862	0.4682598729026275	0.3813255978637153	False	False	True
generic_caliper	generic-F12	0c6138e520257b5627ff89ac229610a35108ac3152f1c72d9dbc98b96de6cf83	c72e53b72aeba60494d8743fef25d56dea88f934583bf3b1c4e8d2142b91a652	0.06665520382936503	0.16139355930718705	0.09473835547782201	1.9033029172432478	0.7373903560640915	1.8125150307023874	0.5808194713201233	0.382131028447133	0.743026810059451	0.6502858625068312	False	False	False
generic_caliper	generic-F12	0de98c31d460c53f4e10e5da717d923020531a440894e8b8af8d56ef97d67f7b	0e897a02cbd1ff247266ba4bfcbc18b06546d6714b862613e2debdd06ccf7626	0.3698870578608831	0.41182940516375166	0.041942347302868555	0.5310625878429217	0.27607063915257346	0.48985199217634	0.20511581598525597	0.19604481179824876	0.4032537266515019	0.3916958977822253	False	False	True
generic_caliper	generic-F12	135f6be7445717c20192872a4129d8bf2463730c1dc1e78944798c30bc58a1bb	ce32113b013cf67db7eb898df6614991644a6e0ea24ba3725797b2cf6d553003	0.6057757713274498	0.6482550046878456	0.04247923336039583	0.48626635784506955	0.3357286840114728	0.44203889246042377	0.2026242540375331	0.22613913300667812	0.32037909923397245	0.2855859994857401	False	False	True
generic_caliper	generic-F12	228021861d581e0720d0f38fb64d84bd4a486bcbe1e965facf5598b4f088e533	569ab5edc6eaa92af3b21e5d132a161a616812592d891526570cecd5c24b9407	0.37477613083156075	0.5122645465229627	0.13748841569140197	0.6491625896113489	0.44652979501076023	0.3645267034458491	0.5371520736493742	0.39688182978745723	0.3751949278802004	0.3234228527705165	False	False	False
generic_caliper	generic-F12	2e14aa30bd3321a85ccdcdd695524a4fa5700f8e19a100f6d42ebba27e893a16	e667b6283c58629e2e07b91caaf060ad2e53c0fb6b43c0afc91a56fa835cc6a3	0.3628653286854159	0.3917415218514994	0.02887619316608353	0.8363424834928119	0.39383103350949633	0.0	0.8363424834928116	0.39383103350949633	0.3298407092568852	0.3547916075343625	False	False	False
generic_caliper	generic-F12	33db22c665857c59a604a9e2ac6d0f3a9b564bbb35c370adac10ff748af2adbc	1163bba6b3d72b2de7e6f906210d1fd74325bb63b8cc3694705bf5979009744e	0.14648924984721984	0.14837987647828285	0.0018906266310630138	1.001293424587099	1.0129426172024347	0.41210040330584974	0.9125578226701699	1.001673743418535	0.5665446128637782	0.5079916740779318	False	False	False
generic_caliper	generic-F12	3f7bb230e93e0f24bfd6fc3f999162c798687914ed609c040838394abaf2f4fa	7ade927bed6300678da65a134786c9078fec8d6b6db94bf632c2189fe3b931c4	0.359510324269203	0.4286786893235767	0.06916836505437374	0.37499399555108265	0.5151048477553437	0.0	0.3749939955510834	0.5151048477553437	0.3345451605472135	0.30881889165944143	False	False	False
generic_caliper	generic-F12	3f9ec85c942cdfc161d1752cd0e8cce50049f607361f7fd042d0955210129570	5c7bbe942e86f44e14d078a0b9d2dd024fa500f7b90f7182597dd00e95a548b5	0.4908879806281075	0.5807764388192426	0.08988845819113506	0.593361505589459	0.48743612570496897	0.4515571036086353	0.38493383651735774	0.4559822395588576	0.3523087497214607	0.3619063239551941	False	False	False
generic_caliper	generic-F12	445bc46ee8fd1ca66897587a98a5b63b799e6f1fa0b5442274040b2e26cd90f6	e33ce6822ca4fa3eea208008de29251e8aa55fd61e28428961f926836c805f75	0.6457804716436768	0.6669863066110526	0.021205834967375825	0.6774886569535472	0.33417679406779577	0.27875944101417094	0.6174820275491267	0.2896293641287075	0.26351632658783075	0.26582753002901294	False	False	False
generic_caliper	generic-F12	4cbe4c9595de03263a22ed6a455a996704a061ce573e77d46751447d7ea6a5a5	90e92f206951d8d097e2d6d339df754ae7f0d247756c1dbb632f27f60af307b9	0.5173030436360092	0.5546981939532268	0.03739515031721763	1.7254026615228233	0.6710169998066182	1.6254738770833408	0.5786614029894059	0.38700070590488855	0.29053720911482994	0.28004950588293803	False	False	False
generic_caliper	generic-F12	6181d8e3e9b7d01adfd606139aa16bb388c316e6dca26b82c77ac86bf983005d	539da402198725b2df4812e9ef4a26078bf0395738166e549f0c4cf4358a2481	0.5139324051324562	0.5839277392921977	0.06999533415974146	0.6128084842510348	0.3445536638874611	0.5601104210820178	0.24861728533103464	0.14090837239925078	0.3242566179794821	0.3137084539739621	False	False	False
generic_caliper	generic-F12	61c07f965a15e87c007df0a91409f3e5508996b7ad614a210318721976475ab8	c07006e202026a491b69a19a88f344545b5d1a1c3e7d8c14088301803a4af9a9	0.278424244139448	0.3939116990833611	0.1154874549439131	1.1850264473709076	0.5224169233644345	0.6069043563507281	1.0178186396460935	0.43283945415084774	0.35042083619253034	0.35243292471023874	False	False	False
generic_caliper	generic-F12	8aaa3be14da7e263c1e0042b697a46c88ff0a7ce3927812e65c6501f7d82eae8	dbc3d1a5a6a9795f126c18b5127dec73715efd989df4044125ee3696ba8a54b7	0.29594520255661855	0.42198606928295196	0.1260408667263334	0.8351959776210736	0.5348099444072698	0.7165204624269205	0.4291278923094276	0.4554447061996625	0.34978414747835423	0.34652096601778093	False	False	False
generic_caliper	generic-F12	9f2694d0d3967dfe454449c1a3322d3c1c49666bd1c73973870094d4934ad6ce	be8c8a51b52ad23ef98fb7a5ca300402802cc68f629fd94260a5fb1a543dc11b	0.21006993878636152	0.27293991895180475	0.06286998016544323	1.2612750036968992	0.7063234016931726	1.0749622431268953	0.6597505671101813	0.4480934690276231	0.48427749033866224	0.44703551389873863	False	False	False
generic_caliper	generic-F12	a4077ea6958ab5e5bd5fc01a5f3733a1ceb872c69a5e831cad3ba011ccc37042	74e4fbcdaf3fe1ac62bee836b0e4de9e49e27b741941be3ff49c769e291f48bb	0.36274471626718385	0.5140500694818648	0.15130535321468097	0.5945103826394442	0.46134090453149407	0.37677599899596714	0.4598722014284949	0.4100003539394136	0.41318349358707573	0.3812660045241072	False	False	False
generic_caliper	generic-F12	acfee1eca37d70a78cf8b3bffa6f9823e639ea00f8d7c504c39b132f82523c30	605346e4035e758871b29a5682ad8a75143af27e9fe3eaa5996e8ad66de87246	0.41732348983392964	0.6450411564496649	0.22771766661573523	0.865521993260236	0.38459103656602817	0.7370844234658421	0.4536902836751074	0.2295110088330828	0.41034781685114335	0.27327703159188693	False	False	False
generic_caliper	generic-F12	b132111be8bde1219ec2c416ecffce5b3d65f5d01c59bdb304831a9059dc91b6	f5301ec7b8b673e7f022e158670989a7d47f2546659c9d855f9b943128753484	0.5401325866736308	0.5698207212116436	0.029688134538012778	0.7706227389878277	0.7029971535731341	0.6488277110008817	0.41579082154666946	0.520268566354766	0.3349204824768005	0.3292569927994081	False	False	False
generic_caliper	generic-F12	b1534e2a53e23027da02c1be313f0dd4bb3fc2dc3b2067b6d229cc38423bcf77	a72f57a0ef64443bc256dec8576b6ee0b893b7e9aab8bf1914666ba89395c3d5	0.37575493362489387	0.45892872610431923	0.08317379247942536	1.0424019047868114	0.5484614760782084	0.6605109312880477	0.8064285713887864	0.3648627208476285	0.2692894166763615	0.3078387020827944	False	False	False
generic_caliper	generic-F12	b6870e2e6853d957ecbaa3f052039d5f951e4d06c2743d861587b354aa66bb38	bf15fbd0f334f58098d3800f408bf9d5f31b9f0abc3e71f8df58b206121d84d5	0.2750336863077323	0.2983299360471627	0.023296249739430397	0.5415602609531047	0.3759236150049235	0.12905554323054638	0.5259583472149292	0.36791629860752656	0.4006989755025522	0.38659819344447743	False	False	True
generic_caliper	generic-F12	c7811affd564eb57007a83f99664a50703e0754f9b6f632489493e8c57d81cc3	0893da4666fbaf039dfa825caa92b09bb35be87a8929a6d803a127d9b07a90c9	0.28399326421674576	0.4090750799459359	0.12508181572919014	1.1006714575511338	0.63540895979486	0.4352610837370389	1.0109527419478106	0.5865522052067773	0.3482850927192312	0.3870601651790294	False	False	False
generic_caliper	generic-F12	cb4087668a341a4fc08160f00350afc25dce7ee1db59e5d551b0e334bc8203a6	126a51837de3b4ba0669ce4d3d75e19ed1bc7440bdd1d3b3922ef42be47bab9d	0.3743936267544956	0.4267939822350961	0.05240035548060051	0.7543398880458025	0.396914768213219	0.39044432382063404	0.6454315584887376	0.371188145093547	0.2950873663971245	0.329994060305617	False	False	False
generic_caliper	generic-F12	cf047fb793e6931a76a2ae6879ef1932aca465b0c4a0853f86e03d197d159574	d0f56a0ec87ac4b0a039c629006894c8d77e41bf83f505159bdffaa6b5dc5fc1	0.2466756297685709	0.30050613357610456	0.05383050380753365	1.9069270832197556	0.9361838526759108	1.8142051923586406	0.5873929015028612	0.8890565309316897	0.4048394626694775	0.40900744847315323	False	False	False
generic_caliper	generic-F12	d6d284b6cbbe950894929f9fe8b36db2e93e467b22cf5212c32f277e49e6e65a	f3c82c63761c4a39c53129d2af6b4603a682107480aa2e8c30e8e4ffc7eb4dd5	0.23405272332294805	0.3592421208810806	0.12518939755813255	1.0769720064522397	0.8835660628612776	0.17109276343484126	1.0632948645516813	0.877622174457242	0.49393481119127314	0.4373426726764933	False	False	False
generic_caliper	generic-F12	fb8a11db6de42dbae8f3112686a4dc078e8dbd9b79fe60963bc7ebe11c1a0608	d3d38cd53b5e0cd4f9b30d6e9c03b844fb0a5d3c852b3d27b30500c6539cd114	0.5151022492894167	0.6031584752333305	0.08805622594391382	0.5292368349510739	0.489169320775021	0.0	0.52923683495108	0.489169320775021	0.36679751954475864	0.32089756136828956	False	False	False
generic_caliper	generic-F12	fda2b736251e73809347ced37e01fd283684f95a2fe0800518ea9506c8222a80	82612212101a67810ee6ed9b6aa7adf8d4855ce6448428e4f0bb3d9f580f2116	0.4075072891563003	0.5405877964562914	0.1330805072999911	0.7530844968534448	0.32326590027162017	0.4938757211760808	0.5685270718565789	0.2681169158286396	0.3170376134675426	0.3506306833493937	False	False	False
generic_caliper	generic-F12	fea57400770f571b9d8f8cd10c91b65149975fed5098d9cb3702bf5e485d303c	ea92c59fdc30d25893d906e5611b78d42df770a5305a1f266f6d96506a103081	0.4726728868581863	0.5071484235618636	0.03447553670367731	1.7085883853866788	0.7573326113371487	1.6581827356031869	0.41195180060995434	0.3051526214728677	0.2542533044695522	0.3288427778131112	False	False	False
generic_caliper	generic-F5	065ea218c4d8686377fc9b0353245b7a0e36fadbef97952833c7bcbe68705d35	d2baf18a0f23f78a5b7a50f424916c82f9d3ae48b1cfc097176095a2616f507a	0.08560346609995532	0.10975997569611	0.024156509596154674	0.1616335391713275	0.16096902218270903	0.0	0.16163353917132736	0.16096902218270903	3.2164001709370647	2.9754075237429474	True	True	True
generic_caliper	generic-F5	1af49b5c7eefe3ed3b4a9e6af6ce5987ee73fcac8ba9b5d8531056497aae6685	81acb39cfa87710a80dcc61bee7cc95f74c4f3abe3c7f7686d4f2a98a75fe899	0.051797534930619005	0.05337587759820771	0.001578342667588703	0.18937324929904245	0.25217458705699747	0.0	0.1893732492990409	0.25217458705699747	5.333696590477735	5.401781125910839	False	True	True
generic_caliper	generic-F5	24ad2da0d43eefd00fe52318b2c224b8198371e1f4c8b9d772423d2c93397455	295986740d027f1ef734162ac030684e8a4c7ba2f01bff4d86f706d8467c562d	0.04327174990095533	0.045509036863955826	0.002237286963000497	0.16547597362239436	0.11301710438583527	0.0	0.16547597362239427	0.11301710438583527	4.475716462590186	4.454635450260939	True	True	True
generic_caliper	generic-F5	29283455974c0dd95dc539aefcf565541670fa84697ada686b3969c3e97805b9	f8274a78482ec133eb88c0cc8696bdcd0cfbb3fb1c866397d5572b9b7ce01c09	0.013143422536435242	0.015883950355841038	0.0027405278194057962	0.2240807062728922	0.35913205309169094	0.0	0.2240807062728929	0.35913205309169094	9.138803603468379	8.73752067034597	False	False	True
generic_caliper	generic-F5	30fd4a9ec610a91c1aec76f95301ef422fe541d85b7caec561144d9816d77c64	91fa0a55c90c2edcbdaf2c5e603abf652ce21264af12d36455f9e411ccaf3707	0.01626852868811527	0.017761256448071375	0.0014927277599561042	0.24931295038482587	0.31941908494115084	0.0	0.24931295038482626	0.31941908494115084	7.762961273166373	7.6049563688056265	False	True	True
generic_caliper	generic-F5	530bd39c9b1965040dcdd85ac482b1f13005d5093bfd697c750e4b74e0efdc83	29652013a4e29f0e9781c5dd7b07df3b49e23139bb854f0d80c60838464c2579	0.011571794111534155	0.013534365620883039	0.001962571509348884	0.20552238932337533	0.27543884391048173	0.0	0.20552238932337732	0.27543884391048173	9.706097081992416	9.504059360909718	False	True	True
generic_caliper	generic-F5	5b4d39e8f579434b2762242863861b2342fb3ab786aa17624d24e0c51c5bfca2	ac8034dbf0b87f4faf2ea7a8bfd705e3830ca0d7d7046fde764bddacfca50c06	0.035875114282185636	0.041510858350768474	0.005635744068582839	0.12255053535299082	0.28221263792870577	0.0	0.12255053535299161	0.28221263792870577	6.320982777018384	5.960979302201302	False	True	True
generic_caliper	generic-F5	7062612c2c8d039771448b47534a3ef0c7c5edc1e9ae722b862c29e17c1ddf21	dc706842b7564747082e5a43c2922fda0db82cf225beba7e03ab2586e08c7ac4	0.05109365899944487	0.06286757497152516	0.011773915972080294	0.3091364930864685	0.1672196752749789	0.0	0.3091364930864707	0.1672196752749789	5.480108266320988	5.008891724366518	False	True	True
generic_caliper	generic-F5	8267756cdabc367994e54611f9582e3054bb0214d27420f50fc8a585b346b1f6	ac94fdbb9affe447c4aa9e2a2292e4d7b130f52d3b409bb0ebf5e47933572bb7	0.01243153626295874	0.023925635263998463	0.011494099001039723	0.2597719740467967	0.25537817219386677	0.0	0.25977197404679714	0.25537817219386677	8.441077354111377	7.292037094283357	False	True	True
generic_caliper	generic-F5	a6d52ab246625f632fb42431e5f5ef52a8ee2c0dd9239e17e3c7ad343ff892c5	21930983ad490465755d97d74c606ba9ac02b21c8346767acd995c760e47f101	0.07248313278047598	0.08577739216184756	0.013294259381371576	0.13681634313525698	0.09193048963464502	0.0	0.1368163431352568	0.09193048963464502	3.9864630492391484	3.890080521766362	True	True	True
generic_caliper	generic-F5	b2f6a23e285441abaeca68535ec48fefcd64c6ca40ae014a6fa9d51275bb85db	4d9e6d12ff3eeeff4a1aeb9cdb93c629b9a72304547c69734be375c14a0e6cde	0.004083682983020047	0.0044054896118911864	0.0003218066288711392	0.3158025272428334	0.37975957575885194	0.0	0.3158025272428357	0.37975957575885194	19.053843140032612	17.95876798100304	False	False	True
generic_caliper	generic-F5	b50fd32ee37fdf470a4d757bff061b5dfaa85b9242612a6050e732d446325392	5bef5fddb12c0d3c2479652c193d7bb2d814e3e80195be3da720fe3938f2d32e	0.028549434219205312	0.03475071162864384	0.00620127740943853	0.1511632023859459	0.21438070042318397	0.0	0.15116320238594416	0.21438070042318397	7.023415604454062	6.614676634217009	True	True	True
generic_caliper	generic-F5	cfb88434769deb95753af666346d7e5e47effc900858b8bf59bf481a49e587a0	2477e3034366d99c5f0ac885a64dc2434e9d86c2735728d36248a6c1d67bc4b6	0.04480451680823782	0.054072412167254155	0.009267895359016336	0.1724668924951594	0.10831637788532615	0.0	0.17246689249515926	0.10831637788532615	5.1721182102661905	4.762534443199068	True	True	True
generic_caliper	generic-F5	e3587371e7c144a1ed48da5176516f73a9d61d502b90aaf7f8cc0ecd895b5e8d	6a5b29c8df602643d6bd069ea57e28258ea3dac729c3d6460fe6d2a7bed86701	0.007823236738071414	0.007847420843195771	2.4184105124357147e-05	0.3120159724843291	0.4346197963109583	0.0	0.3120159724843282	0.4346197963109583	10.135734342142104	9.883198691175501	False	False	True
generic_caliper	generic-F5	eac80891766e996daebafc074d5d28d7adb448007fd38d478c6a2fbf2de1747f	b6fe3584ec0c18d40d146e0e82712d39543d26cdeee206d1bae3b0ac5a13d8ed	0.004352160532267229	0.004998231005745111	0.0006460704734778814	0.38456324695675465	1.0724309981753397	0.0	0.3845632469567508	1.0724309981753397	16.820653411673273	16.297604393380684	False	False	False
generic_caliper	generic-F6	038f73926fdb51609eb791cb9a0481d04760145d8d81c40ee78eacd9367fb6d0	bdd80f3e168e864025b83fd266b944f4deaa50c22eda378d4477a71fb4029132	0.01191056164361577	0.015598150357603808	0.0036875887139880374	0.23081468065919705	0.47042513851791695	0.0	0.230814680659241	0.47042513851791695	7.170266646739485	7.035890071670782	False	False	False
generic_caliper	generic-F6	177e576b24dd44c45895751db2accc746793285305e903150e91a552efe91d22	1be76eefc73c2aa2420c79a442540acbc42bf66070a79544884618f6dbd643c7	0.14381838834519703	0.17337044084185205	0.029552052496655018	0.28883656618815495	0.19564609767120236	2.2870594307278225e-14	0.2888365661881684	0.19564609767120236	1.956365130262358	1.8611159418155427	False	True	True
generic_caliper	generic-F6	1f065556652107e3f259df5cac7a5e31fde92d409f7c0f8d2d5ef615c478d1d1	f7d3de2da5caba9e1a41d4849166be8392dbb56ad412568844a4cdf6ce366f6b	0.0923290716680261	0.09978676019332369	0.007457688525297587	0.22409340781074472	0.44841802336998454	0.0	0.22409340781074433	0.44841802336998454	2.4996972446462444	2.5857134243738673	False	False	False
generic_caliper	generic-F6	326b5899ee397a45e0424bbaca6a1a5cd70fe808ca0a427e20a31773907eddab	bec4924a5fa1ed1daa47c6bc6dabb8cbdea0b9adc6620b4682f99553e9111700	0.0008087863050938553	0.0011500217379848332	0.0003412354328909779	1.7274836753753477	2.566151862554439	0.0	1.7274836753753342	2.566151862554439	28.157762671818976	24.343430353410596	False	False	False
generic_caliper	generic-F6	43eb761a019f9968cb3b3a1afc949e3f5148b746ddf92d4c625ccf2ccfe87e88	dfd762bee7298d3d2fecd8c71c969f2ddf6fbcf4c80429c35b49973a962ee5bd	0.021230302628228222	0.04130018671802893	0.020069884089800708	0.49269579508847483	0.48472724280249363	0.0	0.4926957950884864	0.48472724280249363	5.2579895664288285	3.9643106484731487	False	False	False
generic_caliper	generic-F6	6e67707cc9334de17d8a49b54a2122cdae2f367d631eff81e9a84f60c1fae1e3	37ec2ba3e3a2f19057c89a0fac849f581cedda22e95043728d46c7b93120766e	0.0655372669216571	0.12313648049537984	0.057599213573722746	0.2161954547101742	0.40535504664648897	0.0	0.21619545471019871	0.40535504664648897	2.871786590071071	2.420344392601875	False	False	True
generic_caliper	generic-F6	98bd326873f3ce853ea7e9b57dc2dedf45ecd1ac27b227dca702442bde7221d5	7bad71d3cfbc2db8c7234b946142de73b735e692e7e0dddb14671646ce4e1153	0.17595364776930952	0.2760826065647647	0.10012895879545516	0.20221775498897732	0.39998007594441987	2.2870594307278225e-14	0.20221775498900968	0.39998007594441987	1.834870905743927	1.460653250156919	False	False	True
generic_caliper	generic-F6	9cdcbef3c57c375ae75415642ae6eeeb02d394a1e2b1ed562071b939f9c4e2bb	ffb9d198b913cff81fe8e572e8f7263a68eba0b77092f777a6859687b580029e	0.073983497012605	0.11370778481550328	0.03972428780289829	0.2382902594308892	0.22772050168418584	2.2870594307278225e-14	0.2382902594308966	0.22772050168418584	2.5109701026156945	2.0960991071057786	False	True	True
generic_caliper	generic-F6	a270397e554d806f1b2c6a42cc29de30da3a38f55cc76e9f4c92c9c1ad23a0bd	fdb646996672839e2e1261e3be1b2c219d9cea3ac8c49360f72f1d97bd540176	0.10214250414713785	0.14147517796106732	0.039332673813929464	0.24214324312117355	0.25561200678908014	0.0	0.24214324312117394	0.25561200678908014	2.465097793367189	2.118443282816315	False	True	True
generic_caliper	generic-F6	aa131db0760228684af53d6d19cf556dcdeda080ed5446695c89fc938988e2d3	ce94b6a027779b05312efa9684d96f3a371001f33a3b215c2dc1fae0c8c057ac	0.15970129551563939	0.22172537178053353	0.062024076264894146	0.18842418275329348	0.29662535070776935	2.2870594307278225e-14	0.18842418275331235	0.29662535070776935	1.7325234902317581	1.6540171431043722	False	True	True
generic_caliper	generic-F6	c3b6b286159aded219b34d74f5ab6a3198613ca89a863d4ed480b65ff49bb84e	4e86c6c68178676ae6466fb8f4ad3ccc8622945eb7d33f97d40d03b2a5f2c2cc	0.19888712909513576	0.4202327243214606	0.22134559522632483	0.15734477711917563	0.34052326913476105	0.0	0.157344777119168	0.34052326913476105	1.4814933827872434	1.1850087556897502	False	False	True
generic_caliper	generic-F6	d4834fc292bae65dea54daaaaaa26207510bd5eafb6ab77d3862d938e27f269b	3eb3a444fa65543f3c0e7e07d5674f4cfbf672c3e4a6c5c688aefdcc2c0d5934	0.03539577324005161	0.06221984008366207	0.02682406684361046	0.36956524307196736	0.6647459860245397	0.0	0.36956524307196886	0.6647459860245397	3.3636502596777325	3.0125555129443495	False	False	False
generic_caliper	generic-F6	d570dc492903e4e011ef43dda17be2dac0962e684d6fe5bf848f81c722cc5693	c03f06274fad0de4e93dda7454964dccc3ac8127eb13a53814019c20968f4e7c	0.44413169180796447	0.5262262476244166	0.08209455581645214	0.1961979768925573	0.2655412958715022	0.0	0.19619797689255736	0.2655412958715022	1.0523925119729305	1.0034644379033255	False	True	True
generic_caliper	generic-F6	f6b2dd149dfcb1276faa200753f78e7becd5200958a428a1649b6d59d65f0afa	d017c86e1066bb2b66900626971baf5f8f31c746ca1bf29bb6abea2a9592f7f4	0.0422796115231887	0.04769394121093823	0.0054143296877495264	0.14975323298933407	0.4253360106915146	0.0	0.14975323298935264	0.4253360106915146	3.8091643883207236	3.667183289743102	False	False	True
generic_caliper	generic-F7	193a29be4f536000d5f324cedc178eeb95433aeaf2b0644dc85dba08cd30b313	f54e49ef4818c3222e9b3bdb82c968138db8ae2e5e3297b489be69c0642a93b5	0.06473479838437171	0.12959104370604285	0.06485624532167114	0.5912545274805416	0.7262703923087664	9.42055475210265e-16	0.5912545274805429	0.7262703923087664	2.245307736353311	1.8685947032633958	False	False	False
generic_caliper	generic-F7	360d362bce5a8411710185c2181f6d063181cd5a8d61f8fb9417a468e78aaa0d	35343e536d2cec4f4a3dd2f69ebf78110abd91e2fe2a3a19f88b6ebf7e25f385	0.16024161861624855	0.1736719325704226	0.013430313954174045	0.2137632888884954	0.4764960121043041	3.7780349787078337e-16	0.21376328888850327	0.4764960121043041	1.4267375360318733	1.2595392033732644	False	False	False
generic_caliper	generic-F7	47b8f0efed09725327bc6fe88b941e91cc1275da9f0afbb3ebea96bdeff01504	f047273c8df4ef18d54c91a9fad2f38e2813ff9605494483a0168934036e7df1	0.17590672533406063	0.1803443112084928	0.004437585874432187	0.181791370259221	0.4092869455006024	0.0	0.1817913702592493	0.4092869455006024	1.154909067897571	1.210077674152503	False	False	True
generic_caliper	generic-F7	4ae4011af81056dd9d83774d2a5cbf75c4bc63c88b5411c476dc2eee172980e9	5ff8e61d69b40ececa18704804a255e5ea6e1bba77e20e2456a9bd79a921c2c6	0.04386440803896669	0.04390278810469497	3.838006572828151e-05	0.43402532001199273	0.3622730814908086	0.0	0.4340253200119901	0.3622730814908086	2.7860468204970967	2.8075626902022233	False	False	True
generic_caliper	generic-F7	4eba175385ff937191c104e296a80f2fc4b08eb8161121268f912ad4d749b3af	ef99c021f47da61bf0cb23815592d6f2c6e4fa33b5ddbf8b4f806b5fbaae4d54	0.17283786078711807	0.20941625106349582	0.03657839027637774	0.4815548984798214	0.4753068537691703	2.498001805406602e-16	0.4815548984798227	0.4753068537691703	1.04427592129312	1.0205732063571307	False	False	False
generic_caliper	generic-F7	51468c4c5f5743c7b43e1607e1bee30f44fd462aa66ee113fdf06b17916a4643	01b83ea1aff4d6b5f7a554ff8d646189ad3afff8e53f59c691386e89b016cad9	0.07363234332308254	0.07602414272477613	0.002391799401693595	0.27829910344262726	0.4872055665901281	0.0	0.2782991034426261	0.4872055665901281	2.0172230035584153	2.0487648169234802	False	False	False
generic_caliper	generic-F7	62eb394bb255e8e6a242bad8c68768056054baae5b70e19d9b4a68abbca15811	41d6f50e63063e60228c45468f2e8ce22d421959cefb74520149d6f56ebb738d	0.14114873209452825	0.255776849263773	0.11462811716924473	0.19642748317211436	0.3959295272252813	3.7780349787078337e-16	0.19642748317211367	0.3959295272252813	1.3094839931848732	1.0661815068848473	False	False	True
generic_caliper	generic-F7	87abba13bbe7ec28f5eda16ab23ace69a753d89f22cdcc8c11cf2bf99240335f	e5ab401d9bac0318fd2fbafb31ae2e313b7b5810f9a3814626a38371b8d70fa1	0.20257568136873175	0.25517945638199724	0.05260377501326549	0.11068045589416939	0.2452123093406664	0.0	0.11068045589417738	0.2452123093406664	1.0937873370532385	0.9497383474364024	False	True	True
generic_caliper	generic-F7	92574884eb7d84f90b9644bfdbe5b328f44f2f1f9383bca0279ee361e6756d85	e0233d6710e807a813ddc9b82e609d00c1a5c84324e7378293d2e18f9f2d00e9	0.26517947659741464	0.4130005991873384	0.14782112258992375	0.24087396805406114	0.34351701617602265	0.0	0.24087396805405975	0.34351701617602265	0.9895965768712414	0.8165480015953265	False	False	True
generic_caliper	generic-F7	b8f30da431642803718f8e45399b9fad60df25ddabefdf2d00f6c6bd3a1e2219	7273cb98dccb662d61a039a851abffe6c431cb80ffdca40be15b08bcd9a8fc31	0.02324321928636766	0.0482524725601172	0.02500925327374954	1.3975855990014243	1.4112085039534619	4.440892098500626e-16	1.3975855990014177	1.4112085039534619	3.896722277007405	2.899331999058401	False	False	False
generic_caliper	generic-F7	bdd4e25d2c88ec89c23ef95e7ff7a03dbae278eaa6e0d46c05e3b8d9440e3650	f4741a39a5f6204cf0c232aa57a0f5cc882ea0402f98814a16ff898cbd4f36f6	0.06719342851692706	0.18118962272394237	0.11399619420701532	0.4160626496972709	0.37796188401775593	0.0	0.4160626496972706	0.37796188401775593	1.6730617572579232	1.3303646829009554	False	False	True
generic_caliper	generic-F7	ca4397e0a9bb3608add08260272f2e0fef662d7c4e4b06ed9f051fcd21ebcca6	fa75f540a7d80b819e755799263947a1ea2a7191c3320d0649c6d6c2af1665b2	0.41920683982907236	0.42017530698607064	0.0009684671569982761	0.11597725223078517	0.32658350750103227	2.498001805406602e-16	0.11597725223079776	0.32658350750103227	0.8619181286391444	0.8531695087374016	False	True	True
generic_caliper	generic-F7	df23123b9573362e1d777fdbefdf3739afd2ff6e0ec53b6c7bc9acadf42c0320	aa692645a27902cbb8f866d65d3712925b4708fa0317372610a01499678c78b4	0.33576245145576433	0.3834890198136251	0.047726568357860766	0.4621223805987725	0.4530848493372702	0.0	0.4621223805987685	0.4530848493372702	0.9804367665095515	0.8635656863226923	False	False	False
generic_caliper	generic-F7	f38e7b59745c01e8e6ee478c64fbf8159c09b447ebac80331e1b57a60e29b5de	0afdb99038a03e5937f206b9af1dcf02d65c86594b109730b3d48e9788160e59	0.06704428780092894	0.08246821787270947	0.015423930071780528	0.37112097681958345	0.4284269344491424	8.145593532491709e-16	0.37112097681958506	0.4284269344491424	2.143623504704287	1.7916054809543087	False	False	True
generic_caliper	generic-F7	ffe284fa20678651ad936e18c084699dad46b205c1dcc190b599aa68c69272b6	c4746b2eee8dd3413a5d06a4132074ae88b0d111843cbd5cd49080eb684c95c3	0.06190557868744474	0.0839625634937932	0.022056984806348462	0.272529465333031	0.24791640321576325	0.0	0.2725294653330451	0.24791640321576325	2.1467847875280364	1.9522469801298028	False	True	True
generic_caliper	generic-F8	05719802e4067081b0d4db4bb25731679fb22005832c3c23f00b857642da3c03	bab282afc9b6069491fac524586649ed09a036db4f598f76c347d774b518166e	0.26413560341600184	0.40440872644499454	0.1402731230289927	0.2791407686652706	0.12308331475511548	1.0130785099704553e-15	0.27914076866527	0.12308331475511548	0.6903826742432725	0.5504857125690469	False	True	True
generic_caliper	generic-F8	1b92f8317cc0d9e7fde0f3da6805b47c7feb7e3e0acbbaff73653f6588cc18cf	de94c1e99d7e379fedbb65f97e53252a6a94d30bf68e5976b15bb3c620ef397f	0.12907912620548595	0.2072958422219982	0.07821671601651226	0.22090025556094686	0.12251327449447266	0.0	0.22090025556095816	0.12251327449447266	1.228376000027352	0.9328973917884471	False	True	True
generic_caliper	generic-F8	1c27d9719aaa7648175f87494cd0e53dacb1b036c1536ded9af33d5f8b27b420	69034aecb76c83b74cffd1d64a3078cecfaf150208e05ee8ce2e0432c36502cf	0.20483662353223112	0.3725358860510662	0.16769926251883507	0.5203178829485777	0.4090295529317402	5.551115123125783e-16	0.5203178829485844	0.4090295529317402	0.8779225604349619	0.7924852359291589	False	False	True
generic_caliper	generic-F8	20c1a39ae75c00768fbab3c75bce23b05234b38507ee055bb5eed87ae26e8348	f02838add116f77c0648e0d06b3faae68dbf54a37f86c9ea8db49dbaf22e39a7	0.26686011308800583	0.3974523138300231	0.13059220074201727	0.2305485622834847	0.16199189438351147	0.0	0.2305485622834907	0.16199189438351147	0.6345637916930207	0.6365419508473985	False	True	True
generic_caliper	generic-F8	221d6edfe9fdd65ddffea190c2ee21fb9f7bfd54196ed97c6deeaee5e99247d4	4aa6c79ec8ad383ae1abada0b48796bc875e3ba89831c7935e3149f4b5eac892	0.3075735348136226	0.37432063975534247	0.06674710494171987	0.30461833051795695	0.18839494193323122	4.996003610813204e-16	0.30461833051795717	0.18839494193323122	0.8880683602022093	0.5969308470897607	False	True	True
generic_caliper	generic-F8	2a91e31b7f5341ef9e4a8d082018d3780987b4653d625e843b89bda74739d0cb	5b4f9b696af89cd0751f36d27a9194a2ecc548207a17b9cf388dad3ad16e1b0d	0.04430098914257618	0.187008841882803	0.14270785274022682	0.3420256130496268	0.23584602656438455	0.0	0.3420256130496348	0.23584602656438455	1.913100458756442	1.0436553873292147	False	False	True
generic_caliper	generic-F8	396ef003dddfde8f589cec36c3477e761d393c8fe4aad18c9769106257a32090	25bf8fccfc68da191254fefe56759983cab6f457635964573c512ed6b4605c4f	0.0691825739956939	0.14380066231896446	0.07461808832327056	0.43424370109055166	0.16177997937510627	0.0	0.4342437010905539	0.16177997937510627	1.5103737071405234	1.205907365562397	False	False	True
generic_caliper	generic-F8	3f7c7051af0dceb6e94f84d6de7d66215dea5e0d8aa3279dad98cdc53c9c954d	29a710fd924630535648e774ea1a4188e551d945feb166ec3802fa84b3916c83	0.3412787335765114	0.47461755622990576	0.13333882265339436	0.8457888059728731	0.4675202421518499	0.3272271914705691	0.7799237587555	0.38263042845220957	0.7254622642130449	0.64239647688264	False	False	False
generic_caliper	generic-F8	56ce2cf58f8c329ab6d93e579660390db1896b2cb9f2be94a3545325babdfb30	e6cd951e8505b42c3a3a193a5de71473d951e8c2f8d0eda207a00cad63d2f899	0.035098225895940575	0.16644819087575902	0.13134996497981843	1.178264635842901	0.4537067248169025	5.551115123125783e-16	1.1782646358428976	0.4537067248169025	2.337730601944067	1.2194999378810933	False	False	False
generic_caliper	generic-F8	6f1fa37dbf8e943b30ba4d3edf076bbc5219daf15db1622bba5484e4002544aa	2d71aecdeea1d6c57d1ad50448a7cae7217e5fc917d7f58f2f8292964e522ec5	0.08215105002948403	0.11718610739594754	0.03503505736646351	0.9237743240405969	0.19880087812646355	0.0	0.9237743240405956	0.19880087812646355	1.6494862042362584	1.2412295497701444	False	False	False
generic_caliper	generic-F8	8daba1d5be28109cdd5e563b827e6cce54169ca06fb942858d4b3b409f9da663	a46101a8a26dba492c75b94b7d5b04706ddaeb6897418338aa8ea26170d084d4	0.17245100655353693	0.3242725302718255	0.15182152371828858	0.3438355054816017	0.17952709112639542	0.0	0.34383550548158737	0.17952709112639542	1.153715633001959	0.7174579167384433	False	False	True
generic_caliper	generic-F8	a558d6e27a654d31f10cfa498cf86a3eeb62b259bda031bd1b0ec4c34a72cca1	9abb4d0c2a26732a0db7823a3446cbd0881f8a3a37b7caf2b2d015d86d5c2a65	0.18687650972393036	0.2717470030660929	0.08487049334216254	0.17805596706083004	0.1990951387614145	0.0	0.17805596706084015	0.1990951387614145	0.9118250396144912	0.8717811957992206	True	True	True
generic_caliper	generic-F8	b81b8a258ab947590fc38b48e2093c28704b6bf24bbe366a0eb2ab756affc5f0	696b5f025342162a411ce522344298ac51d68acba1d87c3b147ee6aab6b3e26d	0.5241506766183065	0.6075185431299683	0.08336786651166184	0.17469527715824495	0.10747986389738998	0.0	0.17469527715823963	0.10747986389738998	0.5256602071795505	0.5309606675236921	True	True	True
generic_caliper	generic-F8	bc8533d6dbef4699409f1186f8703234f17ab1437646ef9b3b0ab8a45ff88f40	611942f4273c36fc9ce932ea00813e380adebd7cbc091fcd22a5e01d45768e28	0.518206061640158	0.6865018486822891	0.1682957870421311	0.9121485040267813	0.2363401492405469	0.0	0.9121485040267787	0.2363401492405469	0.6412660401145793	0.5872708731258529	False	False	False
generic_caliper	generic-F8	c65df35184d17cab058a2678fd950181724ea70c399a1313f52d9ca2caf599c1	f16bc267012d40d6526e4b5d39a82df3ae9e7792c72ac338cadcee4febe51df4	0.37471324187339194	0.376988196637277	0.002274954763885062	0.38387092083914914	0.2352496680622924	0.0	0.38387092083913754	0.2352496680622924	0.7009997522199766	0.6154747867973455	False	False	True
generic_caliper	generic-F8	cfde589024b86121d7f75877ece5fb43f1f235ea6331f16c5a36346ba8b9a309	491033ef4fd7265aefcbb478635bfbb266c8b27f8657ae60c3bb1389ae790837	0.3832112469070907	0.4581396799706689	0.07492843306357821	0.1486998256342963	0.1331402160067615	0.0	0.14869982563429898	0.1331402160067615	0.7245844520967704	0.6563126462941051	True	True	True
generic_caliper	generic-F8	d7c0a441e16ccda68958a40f0c03a93f7cc454c3b456255a2caf4d12fea8fb8a	0bd9772ffaf0ebc7c787a5f87c2fe079fed65863fa40dd8a0940f702d47deb1b	0.43015835329951435	0.44353013623173626	0.01337178293222191	0.1273608747930496	0.15450996912904807	0.0	0.12736087479304342	0.15450996912904807	0.6066800642916947	0.5537087474585695	True	True	True
generic_caliper	generic-F8	e1e956265d7f0ca2cc033c1a36d434885384887488fe4178b558b7f1932d7293	32065fba97340e9389fd5e1581d8964afe09ba2c539cb024d76495bf2a1ffde8	0.03233024056060108	0.09847881018741866	0.06614856962681759	1.3493665135383224	0.44390001079302627	0.36931890506340714	1.2978418756617995	0.3242183377758146	2.261442328846835	1.3267030432159554	False	False	False
generic_caliper	generic-F8	eaa9cf3e68a6f689557289b9c3156cd24c20eae91c8c50ee5a91602c387b0cae	a20488a2c90aa3b56ad47674d59acee6b934ce72246be9fc0a67018c23fe8636	0.20588089908817486	0.5654928509977896	0.3596119519096147	0.402856899850297	0.23228999803288558	0.0	0.40285689985033696	0.23228999803288558	0.838770425105684	0.6594468872745012	False	False	True
generic_caliper	generic-F8	ebf594fa7cd37d720012946af8a7e8fbea16f1f8296839a9b2671b2bd51758b0	aafefaf97921d86b9d3869e62f6363541eaa0f6b42a854fa0ce98531773f7e18	0.23679517343259113	0.2854771467238209	0.04868197329122978	0.4206456470886124	0.13470964640019714	5.551115123125783e-16	0.4206456470886064	0.13470964640019714	0.9994371506947198	0.6266116990536614	False	False	True
generic_caliper	generic-F8	edeb88ffbc317f7154585f73dee0769584174e06c0ea27ba0a71528615e0a8d9	3bf609224695ed39f6d3796bedf67aa78991bdef97086097b382fb81ebe1b167	0.10463095109338759	0.1691508247989246	0.06451987370553701	0.7206372737511229	0.33134860398186	0.0	0.7206372737511454	0.33134860398186	1.357042993799562	0.9532412431843527	False	False	False
generic_caliper	generic-F8	f7b9d65ea98d8544883d37b67083ead9f55c0da7171aa01ad94b8dc0bfffb8ed	0525a1d68a7535ee47615dcbf7c5994a356aa2f2afbd8adf36cdd4ca5ebd2c9e	0.023250253077319618	0.1308127731203795	0.10756252004305988	0.6741293090332335	0.4933334677463686	5.551115123125783e-16	0.674129309033238	0.4933334677463686	2.6137836655431714	1.2492893395431988	False	False	False
generic_caliper	generic-F9	0482da43c21e4e27106a501805e7b1337c67ed1ace348c6d32ce8f366386a83e	357872e7f7f356916188219639b8bc06e5c047244004f74fa6e6614635772355	0.06215974471048085	0.10470487169210357	0.04254512698162272	1.3886574715499518	1.1097137035637177	0.2956798099921548	1.356813555082097	1.0906449577378408	1.356093718410958	1.0671555393855077	False	False	False
generic_caliper	generic-F9	105deea7be28a711fa1e76c6c2df13a859cf841ef1cd7690ca72ad6eacaefab5	b6f504009f1f3644f240c4b9da7697ba8b75e8b0af8fe715b5c8eee0347dfcd2	0.08381469349447553	0.20593499109477897	0.12212029760030345	1.045653402018583	0.6542100252442067	0.18745314781327393	1.0287139323096244	0.6411917559296834	1.1739693037665466	0.8361436714278153	False	False	False
generic_caliper	generic-F9	25cc0d433aaf2ec6227b564c9c4ca59d402bbd1c7ac532753d05a174ff1aa617	06b396eaf4c4cdefae63940482c5560d2fffb1f79ccaa16718a810d97e16a406	0.1930797036658689	0.48969354596917164	0.29661384230330273	0.9634324935890762	0.6012659312343824	0.4768643971129677	0.8371394844763687	0.5023805527342285	0.7554699347987375	0.5033848711833647	False	False	False
generic_caliper	generic-F9	2ae4032ed77a6d62d2f81e1fdfeea112a4cf1b199001ed22cbe550f9af168c48	11ff85aa509344dc2383bfd751353813d3a3543cb78434538b992eb85995e7f4	0.011306312552652064	0.012244085364086724	0.0009377728114346607	1.2901388749533105	0.9004006593287117	1.0912592577390807	0.6881944122590357	0.5905282269881763	2.8514249958785616	2.740069767464918	False	False	False
generic_caliper	generic-F9	2bc5702024bfae67b29b6c15480b91fc2e5360757277db5d8293092b43011a64	7be250e3fac1a61ac2365da91488b7f983f88ed4e2e03bce09e4cafd64e90cb8	0.05846689220994965	0.15429065387365956	0.09582376166370991	1.0233271765225087	0.6288389937722605	1.2212453270876722e-15	1.0233271765225103	0.6288389937722605	1.4141447898148043	0.7991924924796003	False	False	False
generic_caliper	generic-F9	3279befd5a7be7625f7271139f7872b614d5a1800f14979e5d2ffdb2837418e0	48693fdcd2b23c39edc72457c71f1fc3556ede6e60ef4df8b8a2a9544cab1afb	0.28744421486148314	0.45258048173391324	0.1651362668724301	0.3946632917253023	0.412509665295662	9.945640348601413e-16	0.39466329172530223	0.412509665295662	0.6675327198564635	0.4831751551858781	False	False	True
generic_caliper	generic-F9	340009a8ea594b2d2676adf8fecc26abb1bf987d523af886dcb42516dbb9e5e3	b498bc679b357fcc540e9dea1c33d2f1f59aad6b8458879e8409e490537180d2	0.21579412351406746	0.21793696352271477	0.002142840008647312	0.6490907552352345	0.5275250485138094	0.17578323659974782	0.6248352280900642	0.5132768783948183	0.6192089739837099	0.7099200621828758	False	False	False
generic_caliper	generic-F9	4345a6e98025462534d1884cef48c35dae819d06bf050ad2662c0aea57c1124d	7e4dc346d6e68aabbf6b737fca7281279023943cdfb062b7b9d345ce957f7229	0.03501924988815509	0.09763647645677834	0.06261722656862324	1.5234652690432355	0.6740438995639547	1.3574477632645	0.6915793490187448	0.399398699325426	1.0877256137076687	1.1292798974117957	False	False	False
generic_caliper	generic-F9	526f3d173a2c9c9cf6d776c8dc7c63e3b2ea72a520a337b5c5d8d6cd95e26d0d	ef14b49d4db2b5f3352dc6afc6b92110736a345b87ea7d65896318cd3bbbcbc3	0.05029920630775638	0.0752043889384547	0.024905182630698318	1.0120606829251417	0.6277990152279828	0.24301048074057757	0.982452407077884	0.6048058695531228	1.3258932512414294	1.2980091582238917	False	False	False
generic_caliper	generic-F9	52d305be879e620f1385dc970130bd7d08f2d2c75316ad5c3316db4c7314d0ff	7c46cb20d24fd9b3c97d7b14b6c84567828bae2634bdfd629efdadb90e5c6222	0.33410470362554806	0.38737868203469367	0.053273978409145606	0.504123461607244	0.2710624554441864	0.20180652918710817	0.46196816916355155	0.23222734318681132	0.629187341725992	0.6264436696537992	False	False	True
generic_caliper	generic-F9	573a818a876bea302c73c7a5709191bb12608f54019b056d847140835ba417e4	e5179c5b6b3c07c188046b8716502099be6bc2f2877a1da8bca0f3cfef6fee1f	0.4507015564066513	0.4861310001011123	0.035429443694460994	1.016188569643788	0.6628818401099115	0.0	1.0161885696437905	0.6628818401099115	0.48753222584830586	0.5325869962159927	False	False	False
generic_caliper	generic-F9	6927b3c294775eb90951bbc641b014a6b7a31a36eacb293ad6ea83040f3f18df	2493dc25d98d19c16a022b9864170bc7be1321c7a9d6cc0398c3907d3fd64284	0.2547730237028088	0.3266163737656498	0.07184335006284098	0.7923322478250123	0.3255194029806521	0.0	0.7923322478250137	0.3255194029806521	0.5897798695020189	0.6743032277571538	False	False	False
generic_caliper	generic-F9	70e8c7f6a6d90c280652caa259589b0cfdbe9d2ee53b4199dc0b341cfd8e74e8	853bdbad38b8501ff7bb66890551d4ca8015a7afbd4e42ac39899da598eb6d85	0.28544481529400956	0.41362207633080655	0.128177261036797	0.843598105948507	0.44321039487190483	0.7403940437565342	0.4043197055916975	0.3145747549697776	0.7756456030311989	0.5622897421956672	False	False	False
generic_caliper	generic-F9	78c97cfe86551f1ccc051c8da27a3ea0aa5c0149c016d1fc08622fb615788975	9e01a84a8ef37ad04db35be96c109451bc88400c13ea52a39b24603f38660b6f	0.31057212442817594	0.35022963269348345	0.039657508265307506	0.30507970460324274	0.33778428834951524	1.1102230246251565e-15	0.30507970460323613	0.33778428834951524	0.5739505532765032	0.5244820043106834	False	False	True
generic_caliper	generic-F9	81cf0fa714fbd20150963b08e38a46f8e2d336d2ae967b72e9d25fde4dd6ab78	c47f0d030b85daf210da7ad30878f13d928833591858472a69f412e37fff9131	0.4876166090960846	0.6504105928385056	0.16279398374242093	0.6146907656537209	0.37477064690411316	0.18128903454731105	0.5873491494272037	0.35310055251492367	0.4873761944793172	0.42451612386560084	False	False	False
generic_caliper	generic-F9	86a7f0a971fb6447b836df670799c387d6a0757143ca2999fed9e5c0a3d032af	d048a36ee879e68d192cd09a38fdd66a343961b3ec2533b235a5315de93d70b2	0.0032564119037668234	0.005486737406656057	0.0022303255028892337	4.811122035948353	2.7558171377977296	3.772784039411121	2.985464090682145	2.01898788057228	6.076565313733202	4.637582007560387	False	False	False
generic_caliper	generic-F9	87a4cc3960fbacfb9f22fc910ed92d8fe765282bcd6dae0276816dec6ccb082e	2793c0d2d27261a2ec36881a638cf296ad3f0b9a31862ddd1d76c3a4999a9cc5	0.1885724296175848	0.3347469815311719	0.14617455191358708	0.1463855145462181	0.25831264728841413	6.280369834735101e-16	0.14638551454621646	0.25831264728841413	0.619025175033343	0.5567674348122006	False	True	True
generic_caliper	generic-F9	953d24add15c21b948fd33f8488296c853b865fa8121f5d8d2f7db3beae5cf05	f57edb336e037b85936db9bd93ba61501729ee453e658694152f50ebc9bde989	0.2564380400229003	0.5837057090705134	0.3272676690476131	0.663029901827742	0.7299695750032231	0.5947531762796626	0.29304830663724796	0.6901629983731195	0.6938094892587768	0.5707738104308988	False	False	False
generic_caliper	generic-F9	963e55e628d6938b829106b4ec20db2fbdd472c32e107b4485580e797e69adf3	054a6a33405452a1155413b91bf7a59bb72c15956270430ebcea4cf92280b66c	0.35703558437855915	0.4856165940460066	0.12858100966744745	0.5132194099593852	0.4928989401152294	0.2956798099921548	0.41948493741975595	0.44832051606924045	0.5865599844234417	0.6270394305737571	False	False	False
generic_caliper	generic-F9	a2e23d3c42287cf10ea2e3746af19af8b33fe2fa94ce98f8b7c4edd444e5202a	6711431e2cb66caa58a4da9e67f484609980588dc0d63840476da3d56f6bd51d	0.17044150952133683	0.3742349879129959	0.2037934783916591	0.6252389336273516	0.47142337556521946	0.29567980999215415	0.5509057760511002	0.4245961834392529	0.9515649774125567	0.5997711598991132	False	False	False
generic_caliper	generic-F9	a93b8e0e33b45c5be8247bf16deea8eff4e86f5626e1a2930d63d1d645a8fa99	fa5ad43d619af25833740a8ca598a09c97ca911814b166214a4f584d1e24103e	0.1550145091408822	0.3442274911791932	0.18921298203831102	0.4835194654555652	0.4850877275195307	0.0	0.4835194654555723	0.4850877275195307	0.9031718194126155	0.598881500114621	False	False	False
generic_caliper	generic-F9	b6cc4562b29f243d95c38ed699be01f9fe6c65e143d3a831232ba7bf4e047843	748e71bb55adf3c54c74a53759dfd219966b6ebc66dfe6e9ddd072020ebb8a48	0.29804082316265024	0.5115060802193578	0.2134652570567076	0.3413491729794294	0.43689566390709145	0.20180652918710756	0.275305980086147	0.41392330849203435	0.5883933070234086	0.4634055655652422	False	False	True
generic_caliper	generic-F9	bf09b1f94790ae55bbc16f15c903b83b53052ff54de7595e78019d7bc67f8cbf	f48f105b06a85694d879b3af1eae3fecddcf5c208c6a81f3ba546dc6e2f5cd07	0.20553730622189123	0.31886164528534827	0.11332433906345704	1.44723616664809	0.5711142990642659	0.9437395269803139	1.0972001764806776	0.41749313454931475	0.7126256351025867	0.6346566843680763	False	False	False
generic_caliper	generic-F9	c13186500284c786fdf2c1f3e7e4aaf5249896ebb92ed311bad7cb89e1708299	28206197560737ab5bacccae24e82ecf42e5083db2741a0a96793c9c47dd9b4c	0.2960330068502777	0.3784024405098989	0.08236943365962118	0.3117441118734315	0.38779002921300504	3.1401849173675503e-16	0.31174411187343665	0.38779002921300504	0.5475543706138357	0.5618913552531599	False	False	True
generic_caliper	generic-F9	c2e3863e7dad61fbe70ca6874affc433cfe43615eb318c8af56f30160fcad49c	647cd20ed299935eddac33bc2ea37a9bb9a85ecdf9c97e44846e289c8063423b	0.4418057245958093	0.4677449809095041	0.025939256313694814	0.6025632603761233	0.7559399487592857	0.0	0.6025632603761455	0.7559399487592857	0.5017369905253501	0.5159461828309916	False	False	False
generic_caliper	generic-F9	c357009953064856c1090e99ea63a9b61beef5e3d850a1dd76b3b6f9ef875b47	6b09b05cebf6bc32ad081b3d220c57a54f9e88c4e0a69a43558443025c6a9ae3	0.30790766341638964	0.3089386947778675	0.0010310313614778632	0.7376427205058298	0.58794385626069	0.19429235722712812	0.7115948728302975	0.5723295256125026	0.6069658442177547	0.6233849937280822	False	False	False
generic_caliper	generic-F9	ca7bba32defa785efb1f0c1f56b33e406918f4f060e66de3065d08f3678ef753	b787e5881e51eae940f759ecc653381f61aaaa743f0adadd5acab3bc0f2c5283	0.32679506661152846	0.3616244023402206	0.03482933572869212	0.45708055221967014	0.601537853114843	0.0	0.4570805522196741	0.601537853114843	0.4491761414903082	0.5449694229512422	False	False	False
generic_caliper	generic-F9	d01619306eefddde082163b04d3d43c4c7c9763f5e77967747ad981a0fd67c61	331a39c78bb1cad789ed58e2b25fdf058ec7e5f51bc7a960cb8a64f9ae941dbf	0.06134603971562888	0.13511097596064026	0.07376493624501138	0.9339409659418139	1.2538842164266546	0.0	0.9339409659418206	1.2538842164266546	1.3454440518566904	0.9023915772105393	False	False	False
generic_caliper	generic-F9	d2dcd8ae8373d8d98413f7db6af07e2077ff137711065accf42dabdec4bd58a3	e5e1b5226176d0dd26346316df13ddba4b5cd8e155298e11953e241de18084c7	0.07780909994284894	0.13885606518413274	0.06104696524128379	1.2200303015884022	1.0978927401825638	0.9477157402539728	0.7683155682847973	1.0267011839307416	1.069245734507988	0.9032425489149217	False	False	False
generic_caliper	generic-F9	db753de61b001ede8af9948e5fa977a01cbe0d8d2d874ceefed428612ddf4bee	c5c93e53ebae7bd42a8b73d0fcd79c62e496364e68b6fcd155578e9e0419cd8e	0.3250608632249135	0.4295661013063556	0.10450523808144208	0.5863484851348003	0.4661442056359668	0.33620235149359823	0.48038789001186516	0.40378665904258354	0.5428956820106919	0.5905661440048537	False	False	False
generic_caliper	generic-F9	ef3182cfc03a4dbff3548f868151237962565f9d47a3540ba68f716415bc4fe9	cf85c4ef202e71767fa208317fa9e7372aa71797e848402e2a63807c48d42d70	0.1473726511706685	0.2637651934763795	0.116392542305711	0.24597706632955232	0.41012881205081503	0.0	0.24597706632956576	0.41012881205081503	0.7655560962605769	0.6346056226660032	False	False	True
generic_caliper	generic-F9	f9f6be33be7f95ab28411b8fa3d201e2988005e453fce0ec8fb297d1b8bedcd2	6a9d95b8696545dc085aff08be16990eb3751c34a5af4b9157aa0adfa00ace67	0.4623952243733702	0.4630410727645545	0.0006458483911842561	0.3424849220179126	0.46118212082119564	0.2019396998383698	0.27661576137090443	0.439451736376677	0.524119751286066	0.5592939932719984	False	False	False
generic_caliper	generic-F9	fd68ef8b6ccf6b7b8e16827b0b7fae4c9f079117fd141891c6456a95e14d7d03	b889d30d6ab7905bc3bd467efbe0e5c9ecf8b68ade78fc32746150ed037d388d	0.23655383862360868	0.5182611150413713	0.2817072764177626	0.45277909983829917	0.41768421068862005	8.831770080096235e-16	0.4527790998383002	0.41768421068862005	0.699482717653786	0.4961787287449453	False	False	True
product_exact_summary	product-3x3	004a917243cd3739098ff2fc7c992397e3db82b4eea5c879f8ddd584065af35c	ac5133eb90196c1b920dff26fc91a5fe31588abbeeffa722cd419e2c5f657f33	0.005958873288935235	0.008406532593280185	0.00244765930434495	0.446324745468714	0.6783031459062672	0.0	0.446324745468714	0.6783031459062672	9.77083434898861	8.226313859966032	False	False	False
product_exact_summary	product-3x3	00c91494ecfaad6f17d745354d032e1270f1d708969cee9a96d64ec06f27cd36	f01091025e32749eb1b09e673e3eda003f57bb18e7d87f36cc2ef3109d225e69	0.024149594811523165	0.02699302740094037	0.002843432589417206	0.20430159374357748	0.1860885688477262	0.0	0.20430159374357748	0.1860885688477262	4.853542105241509	4.569989082913764	False	False	False
product_exact_summary	product-3x3	070f500bf8dbe078aba9eee619adb322a97614453be1683854acffd1aca64eb6	f08ac67bb5c90da810e290782e86dffb5cd17ba2e19d232e6e6a50e11c314650	0.03723070436082984	0.04962469636173032	0.01239399200090048	0.2444583071210459	0.14810403957311855	0.0	0.2444583071210459	0.14810403957311855	3.908976859172606	3.385827238738491	False	False	False
product_exact_summary	product-3x3	07115525322dd66fb5cd34aa744d63291f9d7ceae503005d96c6b8265a67c86a	8aa175b864dcf93cd089e4cbbcf0f3c871173e9a5c9d1649b385f863cd67c067	0.013771421415129307	0.016720544498893763	0.002949123083764457	0.13766771828866098	0.2869374795556961	0.0	0.13766771828866098	0.2869374795556961	6.427237401717138	5.832953547061681	False	False	False
product_exact_summary	product-3x3	10c4b5f11da178acc1b2561d4dfad3d1080dc41fba162fa1b429f778469b966f	aa5c8930aa48eeaa9a23df24651e5bf26659ba4abc78a41463a113b06a663a89	0.11276513488320343	0.11565872685972092	0.0028935919765174928	0.07839429539102653	0.030589741216066276	0.0	0.07839429539102653	0.030589741216066276	2.183660130339814	2.152288073202127	False	True	True
product_exact_summary	product-3x3	13622e5f182b8b548f1e050fa3c5db20b1f673e7855030a13484eb12100ba630	f9da667e72c4dd9f4573a8f307d140c8b049054bc471f18cf6fb8598d2777ff8	0.029085727139169352	0.030407091236493516	0.0013213640973241646	0.0670561700660878	0.10748783724226828	0.0	0.0670561700660878	0.10748783724226828	4.422560299111903	4.325400112062067	False	False	False
product_exact_summary	product-3x3	19cfaf97c32c8b98a07caf0dab24a150f0649d8aa2394448a02a92bd6c659214	e67940a51f7a744ebee83b1fb6c79119cfeb6077e1f20ae8984ab68d5b03888d	0.02551811079226301	0.0258679458135365	0.00034983502127348964	0.03030257476500575	0.028266767672538717	0.0	0.03030257476500575	0.028266767672538717	4.703685934451704	4.670602226713637	True	True	True
product_exact_summary	product-3x3	2831a4f3287784d4fab412928375df45f7853c1d13be9daa45000015cc4aa920	ede27d3d9d25e645267ce2bc7b4cde482b6f2a4441a7caec446ca00e719a93ba	0.02228796268502769	0.022333009456945933	4.504677191824458e-05	0.09344458580425274	0.07912773676079306	0.0	0.09344458580425274	0.07912773676079306	5.032838016095756	5.029383249793571	False	False	True
product_exact_summary	product-3x3	2a4dd21fc2b77f80a4a75b629bd337306a008723f01ba1cab5e0c94c2027440f	f38b7640b1848258281146737b479468434602a98641aeeeda2552095b5aa98e	0.22538034821603153	0.23571576554537907	0.010335417329347535	0.11060026533669914	0.035607478508491594	0.0	0.11060026533669914	0.035607478508491594	1.4861818541474061	1.4596626696200492	False	False	True
product_exact_summary	product-3x3	2ae5e632577e0c644361a04486e7aa96d8f23767e50bc8d236d399949c925be4	aa1c2afa1b1f6a6b53dc328ab88a358071dceadaa31feddd45c428ab84dc0914	0.06445170265518146	0.06571608840658588	0.0012643857514044177	0.07774996408962902	0.059275325180439785	0.0	0.07774996408962902	0.059275325180439785	2.92645230780255	2.89707136919099	False	True	True
product_exact_summary	product-3x3	2cf868ffba5ed62733b54098b82a8c53e05b101e17475855cf1552253bee8db9	607d3487a3db48ea7a9e89066e5aa056464a4a14ff382b0283a236e46c58746a	0.02554387974327666	0.026421666350072783	0.0008777866067961222	0.17477050280264633	0.07877813422040986	0.0	0.17477050280264633	0.07877813422040986	4.6890516887936045	4.6141373818122355	False	False	False
product_exact_summary	product-3x3	31aba5fc90b7f47d5b1896adb581efcc7cbeb1ed3947e2fa6fe984a8d50777ac	bb579890518c21ad00e05d6062abea012eb9bbbd16fbb90e00e60f6f6f7ddfee	0.011824719680648122	0.012971864065158498	0.001147144384510376	0.07569209630871214	0.15977239977674632	0.0	0.07569209630871214	0.15977239977674632	6.916791305932121	6.6045032935070696	False	False	False
product_exact_summary	product-3x3	34755201bc0e55a9ff8852c89a165ea2d54805054c7639d7d26bc887115dcb33	680581e42576bb32043f9e7084dce9bf631d6670bd5b13283ed0401ece4e972e	0.2751915842897498	0.30591018763232913	0.03071860334257931	0.28585059187264844	0.2556453768217475	0.0	0.28585059187264844	0.2556453768217475	1.4365307160029244	1.3631006403130839	False	False	False
product_exact_summary	product-3x3	34847f2c0d15898cd0960b8934a0450554ec685f9e4c1b03543d33da30b5b0ad	f7291b18027901fea4669ad08f4e7acf7c3c3d099b286333d440bf45e63879ad	0.14453240683612675	0.15404332129384027	0.009510914457713515	0.09103966498037948	0.051970018694677066	0.0	0.09103966498037948	0.051970018694677066	1.9839517614138673	1.9217296413247738	False	True	True
product_exact_summary	product-3x3	34d72dd7b746c96f38da7eb4243038afe64ee87df1de9a23f2af7efd21a73843	ee76d32e4d3237b082320f4c1b7c183297a9205c4b7a289a6335db4393f48189	0.058770258281071824	0.0649714129590173	0.006201154677945478	0.06426421827227148	0.07070891787847645	0.0	0.06426421827227148	0.07070891787847645	3.0689647080943563	2.9145026270209597	False	False	True
product_exact_summary	product-3x3	35cf2fffd7fc4dd038623e87e971faea2f53d03b3f027bf06ce69c8921fab996	5d54660d7c7619393a0834cae7184260e306e8c49c003671c8253429cfaa6736	0.03852629366970639	0.03895285290671421	0.0004265592370078161	0.09411832708145801	0.13429598543962465	0.0	0.09411832708145801	0.13429598543962465	3.836798648344547	3.8159188929362937	False	False	False
product_exact_summary	product-3x3	3646251101a01863e340b887658dace61a7592ee09157735aa99d334d4d25dea	060c2b4b3f51e530efcdd52bf164d242536b65c020d509d124f5aea810423b8c	0.0577110525299381	0.05891692404282363	0.00120587151288553	0.09101586788011418	0.08202301480144725	0.0	0.09101586788011418	0.08202301480144725	3.118138989611613	3.0756022166261037	False	False	True
product_exact_summary	product-3x3	38346ccdcbcdb702944cd570a35017d9904208c91afa92df3cc3511892ba0987	87b4bd857d9b30ce8ac220d0a34ada4973020f5c8783a33292a5e78ab0ec8876	0.00019185378973742608	0.00023623097431940115	4.437718458197507e-05	2.9383909927841994	2.846473933169382	0.0	2.9383909927841994	2.846473933169382	54.45192124389919	49.07163819910452	False	False	False
product_exact_summary	product-3x3	40a8f5752577ace923525276ed0cc8ca7d4ab32e29c4d563132de4bc68627d97	4885f06b0613dc6390d9190fe55f339f5c973a7716e4ff4a378667f899ed060d	0.377032385433943	0.3806611467694475	0.0036287613355044934	0.0848100344343561	0.07220612005139904	0.0	0.0848100344343561	0.07220612005139904	1.0757594113493556	1.0706067997816562	False	False	True
product_exact_summary	product-3x3	45a91a3a05394693b468aaea7e591d6d794649e6bace36b890b4c3bb6c2a7b38	65c35cc1c4cfa27afe00230811691d89c0be667a3b226bb5807cebbed2a8a3e1	0.008276187492477681	0.009541394004734182	0.0012652065122565007	0.21134890460975858	0.39902652297956903	0.0	0.21134890460975858	0.39902652297956903	8.274668975699882	7.703760783527267	False	False	False
product_exact_summary	product-3x3	4618e447945aeee5804e7792562dd24a3fe2ed336eaef50f5dcb7c3d29baf89d	08bac2319d87863c58b4d4ea99277b2a00adf03782d337fc0dce56e767b1c1ab	0.46609511166413764	0.4701601185912136	0.004065006927075954	0.0704840148065455	0.04407826068878456	0.0	0.0704840148065455	0.04407826068878456	0.9269024176526119	0.9225353819399474	False	True	True
product_exact_summary	product-3x3	494afda724efeb6ac1bb095b917f5ee3a37fa0ccae74fbb5b9e46847e164c652	1c8ea73ba02fcb23088e6f946d0473c1d0de52a02e9b0a0ac63128de034f8661	0.007218553434023961	0.007962015559629993	0.0007434621256060319	0.10815514179449572	0.18862254438653692	0.0	0.10815514179449572	0.18862254438653692	8.863283828815845	8.437984186776974	False	False	False
product_exact_summary	product-3x3	4d5a93e005aa784a571fc1868477addeb28315c1ce230522c34f2ed58dc71a18	321e9cde595c391f0eeda9572ac07f5a31bb6c6eb2370eea967b0f0fcd45fb9d	0.015860248200223047	0.016855173431601457	0.0009949252313784102	0.14023261442268087	0.06825343005270218	0.0	0.14023261442268087	0.06825343005270218	5.970100230463907	5.809611790842176	False	False	True
product_exact_summary	product-3x3	4e46188f2a696ed8e35086d2bb3984c0bcc357701ca00697ecff30423b57f543	ac31ecb696214f7b9a99ec32efaed568b97498b7ee59b8b932b5bc2f65309253	0.1398435509523239	0.15848847848927544	0.018644927536951544	0.05794233976829676	0.048273550362301104	0.0	0.05794233976829676	0.048273550362301104	1.987157237954903	1.8616652695747617	False	True	True
product_exact_summary	product-3x3	4ff8646a9ac58ad6991caaf0ab27096826bb7fb083242f4a9e83767f92f6695e	07a3ce08688ef88c0e3c3cf7856e9643073b519c625d6c2aff77c99f579079de	0.12067062994792478	0.13798257280474155	0.017311942856816767	0.11036994534249854	0.09535848666686432	0.0	0.11036994534249854	0.09535848666686432	2.1712655202160334	2.0304935138317286	False	False	True
product_exact_summary	product-3x3	5082206fc0abb94b51b34010be2cece5dca911778f1ba4529e333a057f3d40ec	84233f5a8d3e42bfdf8a74809bdc6c502042f6fc9acbb0ac5d9a26295146bd10	0.4141470682666157	0.47749078038531256	0.06334371211869688	0.9231885307793322	0.17986723356683687	0.0	0.9231885307793322	0.17986723356683687	1.0012944052273058	0.9352691917195841	False	False	False
product_exact_summary	product-3x3	51675880fe7d18f2a8c81e07398afb216765cb1c5e88efa58a2ceded66ecfe72	22e53d7fec5c80590e87c22c0f24a918ddd932a0b9b0f90fa523661c48487bfb	0.06647426997996746	0.07070638127420394	0.004232111294236479	0.06411807863602913	0.09479989336415932	0.0	0.06411807863602913	0.09479989336415932	2.9254113192139393	2.8365106621733394	False	False	True
product_exact_summary	product-3x3	53267a045f86cee4f580c24fe16908f2fc2efb3f55cf5ba844cb83c00a1e8c46	b5c5be303bef05ff0be466db690caed23a6a219a1c21e9f8c666d30d2c4823d1	0.14424193354576761	0.1478301202531132	0.003588186707345592	0.11536205488853458	0.05822905503811421	0.0	0.11536205488853458	0.05822905503811421	1.9095829569067584	1.8896849348816098	False	False	True
product_exact_summary	product-3x3	53908ecf0871adf11a29352a34d73364898d3ddae31ff5bf4929bb8fba1f5017	aa4cf7667b5627f00bfda6a367dd564f072201eaa8582d9d2ed5fa4401f3bfd0	0.04506547425858653	0.04805121736499865	0.002985743106412121	0.08943105593148522	0.07714749503788985	0.0	0.08943105593148522	0.07714749503788985	3.552971737397314	3.4408166281318113	False	False	True
product_exact_summary	product-3x3	54af068c025521bb478df5e7b98ab08e0e51930f6c69398db866291415366352	62992260bbe563fc8273258657608cc8e5d941616794fbe530656601957abed9	0.3486180578507554	0.35314123367612676	0.004523175825371373	0.0847400615522986	0.02854312274029375	0.0	0.0847400615522986	0.02854312274029375	1.1380731489824794	1.126469882939624	False	True	True
product_exact_summary	product-3x3	5553102d87d20ca153eeb76837a1600051b671ee5efcb139d7e4ef4b2d55975d	47a1a66378f69ed74fe936dc7658841a3040747cd5405090919b34fda9b545f3	0.0707583476217757	0.07160032331806465	0.0008419756962889519	0.07991834728175728	0.07597570775890887	0.0	0.07991834728175728	0.07597570775890887	2.7963953388804894	2.777231707715315	False	False	True
product_exact_summary	product-3x3	571cd485388fa98dad0e96d464c4844e07bceb0f78a5dc19199ad2af28bf953a	e412a1e51bdf5c668e3b761751011ea651277944647174f1c99c68ff46198ca3	0.11043996499968804	0.11963760491821691	0.009197639918528872	0.10321611089424094	0.06397163759758025	0.0	0.10321611089424094	0.06397163759758025	2.2284266153451004	2.133514244481356	False	False	True
product_exact_summary	product-3x3	594f8e2684b3a895a8585d3c4c968d3ce7c8675bc3c6d6eb5d4fd23c0793adc0	c84bd8fad5f39fcc5ec2896d5271ae973b6c3d130b9d3ea40f764e95b54f3590	0.013260608996284028	0.014845767868216425	0.0015851588719323975	0.09788382414122784	0.1650727559960321	0.0	0.09788382414122784	0.1650727559960321	6.533699339877419	6.174038067283427	False	False	False
product_exact_summary	product-3x3	5f45646ddbb278bd56325d3c12b18f00c25e84f57487d9d832919bb861703988	74541281ffd893f3c59e856b2d5c5a7139cc1a3483d948e25f73569c359d1443	0.6121876828106038	0.6222189836447218	0.010031300834118073	0.18111256477474263	0.04711443879267995	0.0	0.18111256477474263	0.04711443879267995	0.9543986767781933	0.9528947291077964	False	False	False
product_exact_summary	product-3x3	62f2b62e05bc48f1ab91488d259b9f69ba6f8cc6cec777a4ac8efe0ea40aa271	b28f5a9939b951cbf33b89266656ad4eb7320d83517e05af44aec2cc493dfccd	0.03805309851929035	0.03893390369403305	0.0008808051747427048	0.06873215829976773	0.0818168189622014	0.0	0.06873215829976773	0.0818168189622014	3.866506218764408	3.822519861304724	False	False	True
product_exact_summary	product-3x3	64f5c7b77259f521bedfe43b49c167b517cb675df83cd09660ebdcc5cf6097b1	4e900b628747e5aa2e5c7a8a8c6e525bc8aefa6433514eced6b48d739b9fddb1	0.014775445950248217	0.016625995624254517	0.0018505496740063004	0.1545170554250601	0.17203612098157234	0.0	0.1545170554250601	0.17203612098157234	6.184979965170955	5.849515482957742	False	False	False
product_exact_summary	product-3x3	65bd2baba964e2aad71a296fe57b959a8641b1092715c91f47b61f6925c3960b	128bd55e52521b77873ea9afd27be9e6bb53161503e5cd3933940fc9cf50dd29	0.09467844421409219	0.10446185545707631	0.009783411242984125	0.07978663974001776	0.038109462410539766	0.0	0.07978663974001776	0.038109462410539766	2.4446097085080627	2.3246354361001194	False	True	True
product_exact_summary	product-3x3	66ec260f57683383f96887490fe398edbb238e306f97e440633b2c53ffc07935	7dc116b3456155ce0c8f084cc28b69b079f49a724c5d6f63890963c498d7da55	0.4763005172923009	0.48464939852145755	0.008348881229156668	0.27492820898132553	0.05260535404578602	0.0	0.27492820898132553	0.05260535404578602	0.8868656534893963	0.8691132445614596	False	False	False
product_exact_summary	product-3x3	681f9d9bca1a86f9b97db57530525f193a04d8062a4f3be3cacda33c97ba4718	2032180399c8922e8e704e81a05b6ab906c399266cd809323cf8643f4db6e816	0.07938790436904536	0.08481458345247389	0.005426679083428532	0.11479630704479293	0.08503601678035723	0.0	0.11479630704479293	0.08503601678035723	2.676927177078817	2.589872946246782	False	False	True
product_exact_summary	product-3x3	6bb0ad833b8ee3923fc0f4a7d9788ba4e23e0e5a11920a47fb7f4a3abca8cee8	c9b55c2ff37cd2a53974f2cb36f264e8fd375c97caad98fcfafef8454a16f302	0.03415744255691383	0.0358679237456118	0.0017104811886979668	0.07676496643734429	0.045564194709447274	0.0	0.07676496643734429	0.045564194709447274	4.081041888278776	3.9825442218823928	False	True	True
product_exact_summary	product-3x3	6de6769a926e260a2fbedd4e9844fcc0f45e5057311770ea2e5723977d4363f1	7b97bf87d81985e069077e0da3de3752d0a522c64a5610107a4ae7fc390fb96d	0.10931036274143249	0.12098185738067244	0.011671494639239943	0.11735998567519708	0.06839967068920112	0.0	0.11735998567519708	0.06839967068920112	2.2635739578142773	2.1508318384852916	False	False	True
product_exact_summary	product-3x3	71b4ee2b8a4bf3783c4e867ac04eee3c01bd6f41dad0bd800033058e5fd29165	c39f6128e00a0e722812aa0ac446d2773d25e7885d357e4f96708b9ae5fa0ea9	0.24502386193718553	0.279059966528232	0.03403610459104647	0.0751777472703191	0.04617478407553422	0.0	0.0751777472703191	0.04617478407553422	1.4447220870264603	1.3582190052771235	False	True	True
product_exact_summary	product-3x3	722b59079360dd0f8f8927c58857792bec0b84399c9f1f3e95a7353aa0450bd0	740de6f387085e86acb4141d588cde0e486b8f61785f7bbcdf6de18348d2d138	0.11670622105336709	0.1196310437342932	0.0029248226809261146	0.1046140891648851	0.05687418653493778	0.0	0.1046140891648851	0.05687418653493778	2.1765477710224745	2.1446766650028684	False	False	True
product_exact_summary	product-3x3	76e7e8abfab4cc9aa12d4d3a4415b0b49ac754c38c4ca61b524555bec44bbbed	c0201e2a5bf21f2147732596d98466143369a191c64f983ae17556305a1d8c84	0.560182471419195	0.5735731712180663	0.013390699798871308	0.08476818672254835	0.05216413208399707	0.0	0.08476818672254835	0.05216413208399707	0.9500087466757041	0.9529838896537489	False	True	True
product_exact_summary	product-3x3	7939beb22a1aa2bc637a884089f098f63cb69b0c4d9c823a7dfea27619a03f8d	d78e4809c18a94bcaa4ce6e9adc01d46e474ed9a7366e510d70c3d531d5c8459	0.1338748859656128	0.13980600907357715	0.005931123107964342	0.02635134678769244	0.056118916397593116	0.0	0.02635134678769244	0.056118916397593116	2.0614090047159417	2.0172085791916237	False	True	True
product_exact_summary	product-3x3	7dffbe89e88b87e90819b0361e5068bbc1ee0ffa62dfbbf68ae20671b5b99b1f	34b5c1d8fc35191da5dc4cc2180454059b60f7c77a0fa73e1218ac4e24f9997d	0.03633428450206027	0.03901555932376183	0.0026812748217015583	0.05948182735605566	0.09145525413978123	0.0	0.05948182735605566	0.09145525413978123	3.949663001845413	3.807266261474546	False	False	True
product_exact_summary	product-3x3	80f833145652443330fb9714adf8f5189f72b65a19ca246e5a3eec251a0f0903	20a8baa4494b7a8ee5e0e514d5ac877baa7551bb27bcf7297fb2d444bfa26e2a	0.1483218117336656	0.16006786740299567	0.011746055669330069	0.07809855390200232	0.0973892632128701	0.0	0.07809855390200232	0.0973892632128701	1.8796992990397876	1.8027286057614547	False	False	True
product_exact_summary	product-3x3	82add950015af189fb33c507bddc9899684673f94658eaa299dbf2dacb85c23c	82b0881c143029152ec5b07b8d6f4ce042be450cfff1891f5e4ec8eb0a6b0c3a	0.086209116367881	0.09087191049530287	0.004662794127421863	0.027859498788093205	0.059474585467643525	0.0	0.027859498788093205	0.059474585467643525	2.5688404367049302	2.502066777560739	False	True	True
product_exact_summary	product-3x3	830eeda2bccdeca98c3653b76d7378fa03f2a2b74b15f578c2d8934c7466304e	d3b4d8ceeead582d83605f39c7b230802b4cbc07b744d2b45a67ba84299806df	0.200283399305059	0.20414680983214842	0.0038634105270894115	0.09106730632366629	0.024459940738408383	0.0	0.09106730632366629	0.024459940738408383	1.6151463667112909	1.6002327002753465	False	True	True
product_exact_summary	product-3x3	8696b2480e07bca78c8428a20793d33cdc98b03bf382abe81a2314e01956d014	f2075369edf0d4302ee842710ab637ec03debf04b935683f06fa1afe23d469b7	0.5854439006870071	0.5964201912372326	0.01097629055022542	0.12562804833752084	0.03797827713566472	0.0	0.12562804833752084	0.03797827713566472	0.9302673039149245	0.9350228390192946	False	False	True
product_exact_summary	product-3x3	86d4fe304b3fc33273f52277100766e03c7958677ff66042cf1740cbc4316f23	63699e6ae2422774106d163f7bbc3ae740bdc6b7549ef3dc1c7bff452544b2e4	0.06570352851514742	0.06992935981416723	0.004225831299019808	0.0549945096837421	0.03323729188792129	0.0	0.0549945096837421	0.03323729188792129	2.9073323848308563	2.8246661155397073	True	True	True
product_exact_summary	product-3x3	8c5efc34f9588d3653fd5308aa711acbe5dc1b2fac29a64b16123d03d13ad5f9	de3340915b728e6e585f4e92b25d29a8b06bab7cacceab91976f33b74aca8b3e	0.05729812931343699	0.05736755185173618	6.942253829918948e-05	0.18230902628279577	0.04134475950171269	0.0	0.18230902628279577	0.04134475950171269	3.1044977901950657	3.1363479791636073	False	False	False
product_exact_summary	product-3x3	9c19207c8a82f46d9affde72fef5d285a61abf1d7ca3ed481962f12a1e0d9502	d6c81ea4421b2ee32f406797d4493238583bc66a571dcba0f7493776d0f15d4e	0.23386019818063197	0.25293823909814533	0.01907804091751336	0.11049619757784918	0.05661163050441783	0.0	0.11049619757784918	0.05661163050441783	1.5431926980941528	1.4757877029250601	False	False	True
product_exact_summary	product-3x3	9d484dff7a57ae275c748c5776f6c54e889cb1e4f651db95d06211bb4381e8c6	d0cccd332891edcd5501bd1b10add12d839ab138f425077f292921b031d49280	0.002876657022640687	0.0034329902938086145	0.0005563332711679275	0.4739285699596931	0.8388047533480429	0.0	0.4739285699596931	0.8388047533480429	14.062731448483621	12.87293089915285	False	False	False
product_exact_summary	product-3x3	9f26e6e07546465f9e074cffd1385e6af76c91b26e89dcd659af2eb76afc3edf	f7cfe1d4f45682bbb59f934f0cfdc4fcdacf827b0621a1635852e16e27500576	0.02510932552470516	0.025817219951700617	0.0007078944269954569	0.12723921943806932	0.20501644668341878	0.0	0.12723921943806932	0.20501644668341878	4.759882172956481	4.6941718893598114	False	False	False
product_exact_summary	product-3x3	9fb06dbac75ed8efd8871642d2629abf28c6298fa3765c31d87e42e82d885901	f91daff51d4b50a678a397288acfa1f39104d5bcaeceb36604e6e7816004563d	0.45273440318920183	0.4575936528569093	0.004859249667707455	0.09843838395242901	0.027424553272361665	0.0	0.09843838395242901	0.027424553272361665	0.9365758985662	0.9274213073758434	False	True	True
product_exact_summary	product-3x3	a6813b62032746ec531df0e6a1b42df8819f8ba620e6bcc331b24f9879992741	4e00db95ecab9835ba8c36eea5a2df19a1c08f65ef16a2192044de8ed4da95ad	0.0562006283332924	0.06065805443619698	0.004457426102904574	0.12330855991968309	0.10794057767916405	0.0	0.12330855991968309	0.10794057767916405	3.181582141299496	3.062453389819972	False	False	False
product_exact_summary	product-3x3	a9fdedaa5e1bfb3d73a15ae6599ad35e0b0ded1de01d9ab2d805a968d2594376	dc1dfcdd382e4f4fef5663e3247b70714ea4383c11193ba937640bc5968ab63b	0.18959015334850265	0.1942859454351113	0.004695792086608641	0.08887878834407548	0.07061242234858804	0.0	0.08887878834407548	0.07061242234858804	1.7322311211677854	1.7111695098632806	False	False	True
product_exact_summary	product-3x3	aa8f7761ea04c29c5a41492e7ebe735320f32eda31c23ca14bd4ba1ca0a59161	f25086b8a4aa62f734f73ff10e90a8b9148b3a8b95ba97932d638053e7e79ca7	0.13980168642607302	0.15842955886419538	0.01862787243812236	0.11285474775499926	0.05251082549362975	0.0	0.11285474775499926	0.05251082549362975	1.9682894731321765	1.845815306702056	False	False	True
product_exact_summary	product-3x3	aead2a5341e71dde45de4a8eaa413f69458790ec8ab7ed326d18a97153972e4b	ef555147fbe9ed88ef2293649e352140219a17c9fb74f38b48de8feca6e00f55	0.050630626000308404	0.05232477396914968	0.001694147968841278	0.02526899297894102	0.03853029704581292	0.0	0.02526899297894102	0.03853029704581292	3.3130643377120244	3.2582153172663775	True	True	True
product_exact_summary	product-3x3	b1511895d8d3e60005fcd0f266975d8e3f8757b18c59aafdda52809dec7d9f40	08e7467549210283d8141a8a8feaa067adc62d20dbe9dfe4ea0d22b609fcfbd7	0.22560363720917745	0.23110315166451603	0.005499514455338583	0.061003288456124384	0.030679524309795553	0.0	0.061003288456124384	0.030679524309795553	1.517597498390681	1.4943823157366496	True	True	True
product_exact_summary	product-3x3	b1d90143f04565fdfa8ddc80ed489e0c2fe295fe6dc72543b09442c03070909e	a20a8b3704b179e0721d68636a441ee8b04db57020db4d50e27a11d4b566b03e	0.3043416898778075	0.3107335453239194	0.0063918554461118715	0.21065557086449405	0.04973899536314057	0.0	0.21065557086449405	0.04973899536314057	1.263899179197866	1.2446154680493924	False	False	False
product_exact_summary	product-3x3	b3d459de853d43e3f3131fa49fb666c3a1dd31aa8f9a7a31ccdfc955a2c81a40	6a5442c810dd834571f9b01b82a967a13bd83bbb39b8a2f186c8fcd1b4706582	0.03867084719783954	0.039156655572389225	0.00048580837454968717	0.042406358378411196	0.10064262743109996	0.0	0.042406358378411196	0.10064262743109996	3.835499075804527	3.81163170097344	False	False	True
product_exact_summary	product-3x3	b76656298ed7e08b33bf209d9767489912939cd36ba23f0193f274c02f7e8423	0bb324f6d49e565ea41b75283ce50ddd0d7f6ae5e5f84fbda5b77f97a468e7f4	0.38381264319587816	0.384681591837344	0.0008689486414658609	0.11265900297345278	0.057520946035792796	0.0	0.11265900297345278	0.057520946035792796	1.2144164936097122	1.2136147166350684	False	False	True
product_exact_summary	product-3x3	bb322fdc52f844c6a7252caa7131b6292cf374dfb5a65ac0e5334cf73663c810	2a288936c976557678224640c25bf1f9159128f98402d9c009ee8f22d5f8baf0	0.3575397304520814	0.36940369010022084	0.011863959648139466	0.08698471956428841	0.0489247314731545	0.0	0.08698471956428841	0.0489247314731545	1.2613963546297084	1.2409752243612753	False	True	True
product_exact_summary	product-3x3	c0a6ea76c45acfb9c7abc9e21515e9f4fd5cb637e06c1c4719a0d8c125fbd6a6	ced6a3b37bcd603932893a506d327c72e5c02e32743bdfb6565f2dade0981066	0.1153381692303954	0.11549267882607088	0.00015450959567547828	0.025670929412191474	0.007117900684321898	0.0	0.025670929412191474	0.007117900684321898	2.2208907690408672	2.2194046844516033	True	True	True
product_exact_summary	product-3x3	c49acc5bfd9447401873ce0a6117318d49376c10a655e470d8d71e17d5f684d1	1613021d40e0ec9bb5a985acd43f2e1f04a73ba455c3458b526c1ecedef64374	0.16296082763785366	0.16508491379120535	0.0021240861533516897	0.08011724766599178	0.040973344555153765	0.0	0.08011724766599178	0.040973344555153765	1.8136028628847725	1.8032130479119897	False	True	True
product_exact_summary	product-3x3	c80a9a8d7cd99ce13b7d7cd45d934f05cac987033ec8151413a414c71aa27735	3e77a857c6a6978094dbba54b0b1efe0dc32944accba320e509c3af25d027411	0.26551553441325754	0.2843417527075469	0.018826218294289376	0.12294113479577033	0.04810514978152549	0.0	0.12294113479577033	0.04810514978152549	1.463756235468476	1.405095098231371	False	False	True
product_exact_summary	product-3x3	c9c31285320257f3017c72efe57c5b83148ed7f7cdb22c5c31ee311238227b66	146de6a8b0a8646a7be18c72e4c6e01ce810f58ee16723f55f9826a3c998bb02	0.09768900244286725	0.10150510236063476	0.0038160999177675042	0.06359166042700988	0.09728015416050988	0.0	0.06359166042700988	0.09728015416050988	2.3854623581570404	2.3464961807132187	False	False	True
product_exact_summary	product-3x3	d083e87ca9d1c86b336dc05c3a4ea0eae20203377bc38df0c9b9bcdbcb2e29a0	ed39c33dbe39285b62e27d0477af7d7e03442b80accd2d7ec9cb9922ef0443af	0.05656354636920357	0.06645050373829822	0.009886957369094652	0.09939119154683104	0.12253827163006768	0.0	0.09939119154683104	0.12253827163006768	3.1427862798803905	2.8908353842344994	False	False	False
product_exact_summary	product-3x3	d0da0df8d37fe01dc61ba59953e22cd8a5bc378fbfc722929a7494d10aa40f0b	4d6c41040961f466c9fc26eb8f09cc2fa6dab65081239ef3e17551bfc136acf3	0.1909618810198446	0.19829795564490488	0.007336074625060279	0.10331635347784954	0.025820296660453917	0.0	0.10331635347784954	0.025820296660453917	1.6614802767099432	1.624832664135768	False	False	True
product_exact_summary	product-3x3	d2797a163c7bfe04d94573dab50495ac63684596e05846a108cd24d83495fb36	47f3b8af1fb5ed3fcb3acf6e8cffbdc24d6018353f8378fbc64891954a30460e	0.15761510109328147	0.1820217357296934	0.024406634636411934	0.12364917343899237	0.055914665425963454	0.0	0.12364917343899237	0.055914665425963454	1.8660720083538629	1.7312296146155062	False	False	True
product_exact_summary	product-3x3	d3945ef134eb3c215a41ff15797518138461564dc4a06eb9cfa24726d353c7fb	59ff409ff2dc1f1274cf173d8e37324bfbe38987d28c3af9cc13b914c560a2b7	0.5022095451336487	0.5040342626145905	0.0018247174809418176	0.20343098459801462	0.037925265845058925	0.0	0.20343098459801462	0.037925265845058925	1.0344030655335341	1.036070950463907	False	False	False
product_exact_summary	product-3x3	d44cb59b698fc6dea5ebfed4fb3feb5b6f5cc8ec852edde7bc5e15695973e458	480d9f46d37acae8158cdb98fe0702802ce088e6a3ec1e1c0ca109a103cc1b40	0.10995821875168048	0.1140038179658903	0.004045599214209827	0.033145974561046676	0.025077884378869233	0.0	0.033145974561046676	0.025077884378869233	2.22193055570201	2.1788097997672877	True	True	True
product_exact_summary	product-3x3	d5637260a6bca1b1040d8d1c7923fe1e702a77cddef34b7a02d68a4f5ab815b2	75e89d727a946a2553c3c6c2c6b557e166e6eeecaa093a304ab7905397947c41	0.18283596758162426	0.1979931017705386	0.015157134188914345	0.08671595080180312	0.036139247701821406	0.0	0.08671595080180312	0.036139247701821406	1.7004759644968699	1.6321049801145815	False	True	True
product_exact_summary	product-3x3	d5856feca0f38c4dbe1d92b89d8a585e65488d66985358505d2bfd01be679078	63ca8da572193a5cac0775a110e7632ceee1387a58bc7da05a5b048df3305dae	0.11381828365897453	0.16865134720880434	0.05483306354982981	0.3511879578624708	0.2578479988830381	0.0	0.3511879578624708	0.2578479988830381	2.235670053893964	1.8366179240487759	False	False	False
product_exact_summary	product-3x3	d5a68357eefa7573db25600691e3e1ab5d6dad5c5c0cdfd21a3600ba425162ad	f407ddedaf4b5d8f683d171d17caf8bf64c7b7b23ba3d1d2898aaef66eab6739	0.24161989280220733	0.2649703144714357	0.023350421669228377	0.1096534302949485	0.06373420342638447	0.0	0.1096534302949485	0.06373420342638447	1.5344310642230266	1.4652614210086203	False	False	True
product_exact_summary	product-3x3	d6e1c40a5fc9d2c3c85c801b97ece13d8fc9cc2c6e68888bdceff4d2e9835644	b36db6ae2fa339aae3f084998003b1a15c5aa53d24df0a5623c31aa3f8305bc0	0.07822180022529028	0.086987729226712	0.008765929001421716	0.05556005904149711	0.10522530900411778	0.0	0.05556005904149711	0.10522530900411778	2.696806724292802	2.557317960654768	False	False	True
product_exact_summary	product-3x3	d6ee76e62e14cce73cc969e94631f19888bb7dec88e172b2ab8953818ba2177f	35587b14e0730645442bf730dbfff6de5aedcba4f8ba5c12324049f7b30ee875	0.09643975249317518	0.11789477884843608	0.021455026355260892	0.14184324717661093	0.11993084202007442	0.0	0.14184324717661093	0.11993084202007442	2.3677848306242435	2.1277333376301284	False	False	False
product_exact_summary	product-3x3	d9007d3087e38dcccae509421b87e9029d999bfb040a8631856235315c0c3185	bc09d82b2094eddc3a2c0f50ddf415fc4747cdcfbb389e844e9ff859b6c838af	0.03648577193223126	0.03715685347474397	0.0006710815425127123	0.06327225311156195	0.05923156249780335	0.0	0.06327225311156195	0.05923156249780335	3.9319955513066724	3.8966057828785816	False	True	True
product_exact_summary	product-3x3	dc3b00cdc510ab0bea56e223864678acf11e5064d3be9b899d397012bcecc1cc	ba1afa0ef0fa7a468feaef0906e2aae80473fe922363d5491b3b974c14c9d5c5	0.03742438606593027	0.04275968836271163	0.0053353022967813565	0.08017856432609106	0.09144167755963242	0.0	0.08017856432609106	0.09144167755963242	3.8988487118107567	3.6475097384618747	False	False	True
product_exact_summary	product-3x3	df8d182843e3ba76b4ae9cec5b82689917fd93bdfdce490f2e595bd8b9a9bf7c	7fc08af294cd898a3608e3b7a4c328488712d79483315ed3f20d7b9bb018ea13	0.32501571672172236	0.3260130682443549	0.000997351522632528	0.01914161568795934	0.007113294602472264	0.0	0.01914161568795934	0.007113294602472264	1.204953476538864	1.2024703437158806	True	True	True
product_exact_summary	product-3x3	e034d610f13e1227fbd09ed9e152f0e8243750748a4466bd9b01de169a1382a8	180b14785ba802da2d4cea373f7c1a0c1d28517e9c09e577167848ecab5e794f	0.22062394613362368	0.2431132761449596	0.022489330011335906	0.049065037824087464	0.04569726834459032	0.0	0.049065037824087464	0.04569726834459032	1.5162598894692287	1.4473913745219003	False	True	True
product_exact_summary	product-3x3	e6be6d94c3773cd64c7ae074cf9d33fff429ce4e28a54cfec900e78a71d0f707	76564749fb1b93d17e756b505944013a256512a24e5e1932aad2447160c1c7a9	0.1927658879043024	0.23335141747749844	0.04058552957319603	0.09587192097891084	0.05371177530850934	0.0	0.09587192097891084	0.05371177530850934	1.6590641726522855	1.513437505346674	False	True	True
product_exact_summary	product-3x3	e82e51f83fac1c437a1bea5abd5c7c6f458d5b2fec1ab4fb7463fb684c800a86	91e2822af517d68edffa551736eccc11d394794822c29478f09f52aba2317087	0.5526149960742848	0.5639955698689426	0.011380573794657844	0.14238119683999517	0.07707219656221061	0.0	0.14238119683999517	0.07707219656221061	0.9067531257698498	0.9126537269891524	False	False	True
product_exact_summary	product-3x3	e890b961b99abea6c1b4067de0d41d3715c0e0dff5df225fe906578bd929c9d6	31f16267b1764f949cf43e25dc741db259e50f59367493d0224cba24a532bda5	0.31083952547770577	0.31506792557860896	0.004228400100903196	0.11674706803477972	0.026756021596302578	0.0	0.11674706803477972	0.026756021596302578	1.293840851267889	1.2983893293485653	False	False	True
product_exact_summary	product-3x3	f0fc1e24bb7cb28e981fda5fdf9dba10fcd5f4e2e65144f6c43d55194f0d594a	fa039422bf01080c0e9f023863f232c8c9ac340c3dc7a1ef054f04e38d01db9a	0.15269118080522975	0.17532524494771978	0.02263406414249003	0.1177837060704304	0.09255973787173986	0.0	0.1177837060704304	0.09255973787173986	1.9118575652953949	1.7812164258798757	False	False	True
product_exact_summary	product-3x3	f93bb55b31ebbbf429cdb47230d17ca14499aa414a8942e57c94f57a6e41b131	c607e684cf150d431e41b0b628ad7a85fbb3b557d63f1e4b480bff9e9d5b38ba	0.1793988095106455	0.18000024584260577	0.0006014363319602756	0.017989863417549087	0.04253884421319901	0.0	0.017989863417549087	0.04253884421319901	1.7807540772914099	1.7777765637414624	True	True	True
product_exact_summary	product-3x3	faaf2a8633f2f7911fe389c7130ea9a80d902cca86677a6bb47a690746e2868e	95e664ebcb6363a176d134bc793844ff95c8a999556669064006008e122e7033	0.2328357391366392	0.24315354131497555	0.010317802178336333	0.15794832034910983	0.04072773734494407	0.0	0.15794832034910983	0.04072773734494407	1.4700287016255105	1.4301330449857454	False	False	False
product_exact_summary	product-3x4	025548cb03d6076cf663803cc788311bef3d84762ea69b86545b3e3dd412a216	a1b2c4d9a080418d942e5c96f19b4ad50c42472b7b49bcd48101706b0d08d455	0.1012904305617517	0.12036656510786341	0.019076134546111706	0.10180355469092398	0.0920886264061196	0.0	0.10180355469092398	0.0920886264061196	1.7645648043613995	1.6780118436679945	False	False	True
product_exact_summary	product-3x4	0b1d3fc5ccef836230c7c7fd3ac9cc81f465726816c4eaba849846825ea70dd5	31bf83db92dc6a96a60b9eeb9596467d9a42522f19f70420428f9a8bad02f767	0.4076761014096327	0.4121360917575743	0.004459990347941645	0.05539929414651767	0.050781208046203494	0.0	0.05539929414651767	0.050781208046203494	0.8088121363606712	0.7937671448107422	False	True	True
product_exact_summary	product-3x4	181dc51c035f7076f421bb9eb177f36af203e7e2ff32d357ff20dab63cb07870	b55e6eb5269eb885bf846a74c44ad16fca0846a0e52801eca602284508a19006	0.028642978882851833	0.02883469326630667	0.0001917143834548364	0.14017144368077888	0.3589134083302244	0.0	0.14017144368077888	0.3589134083302244	3.4913588552568604	3.497827231912082	False	False	False
product_exact_summary	product-3x4	1ed11f7b775ce61bb13741cabbf58b66fa96a5003e947e247e79b5589cf85de1	0a8045f21a45797834c22217f64dc1ba1c26388920c5277c8a9af3c2b8d8825a	0.13304786733831253	0.16822153165264334	0.035173664314330805	0.1557252138463026	0.19199168392106641	0.0	0.1557252138463026	0.19199168392106641	1.5458407527001143	1.407362289425251	False	False	False
product_exact_summary	product-3x4	26247253e7db98f20c93970a0f7a076ba3c2579fcf1f4d253182e6d9b19693d2	4d81ad051be6cd464f3cdc6f361a765a71475f7fd03f87857fbd27552bbf758b	0.00755598764395349	0.008545254507603578	0.000989266863650088	0.28321757052712687	0.5628740186966441	0.0	0.28321757052712687	0.5628740186966441	6.828635453544731	6.3877375632886055	False	False	False
product_exact_summary	product-3x4	267334d0d2c9a9fccd4d20fa73fbc5f8d7c739df6f2884caa43ab72441101a68	c460db9bafb53004b9b76a699945b078791d84cfd148017f6b0bd71c9724fe67	0.24467770491260915	0.29434488463352104	0.04966717972091189	0.205368438971036	0.07361207893898074	0.0	0.205368438971036	0.07361207893898074	1.0439028683764693	1.0396308439462352	False	False	False
product_exact_summary	product-3x4	2973760603ae6dc87ea3d6d52038a329a2148b4775fdb19dfc854d192238899b	939be2c982ca74d9025ea8c16aa9e901782db29ade585ed0db6e54c1ad062395	0.038734334556087914	0.08098839743482762	0.04225406287873971	0.17090233069424354	0.09222690740932009	0.0	0.17090233069424354	0.09222690740932009	2.153879472391054	2.052407297316555	False	False	False
product_exact_summary	product-3x4	2b98d21e4e7d49a84fc83293246a853b2675a3fa017e272d896cc83b2fafc483	c50426e94f4557de42082ca65ed2bd5756a05cf8ed985f5441f6ef2dd27501bd	0.04316940685489441	0.05895268938889996	0.01578328253400555	0.29458910463006666	0.26246004352072516	0.0	0.29458910463006666	0.26246004352072516	2.7657287738499905	2.3135209677506947	False	False	False
product_exact_summary	product-3x4	39b44b3204859da1ed531f7e6473458d39f5327c6000b2718415a2bc305d374f	6fbdce0baff77a22d2397341cb6fdc6d7b5c1b6f23593757981fc409082867a7	0.12589543536750974	0.16556012134242845	0.039664685974918706	0.12176887951686677	0.14194256516102527	0.0	0.12176887951686677	0.14194256516102527	1.6397265293172794	1.4385478612953024	False	False	False
product_exact_summary	product-3x4	3a6b8ba48207fadd973f58c15504526af1a734baa100f3f860ecacce3a3d15e6	0ca0850cc1c64a0b01d53dff9357da4e9f26899ff0ba3058acca69283aa9a1e1	0.1288460202248724	0.1670135737648346	0.03816755353996221	0.1336961256671949	0.09005810341395386	0.0	0.1336961256671949	0.09005810341395386	1.2457590625272745	1.35808232573433	False	False	True
product_exact_summary	product-3x4	4e99f32e2c2e688177c7fe6785bb04328087562f6e2d4265e0970c0132571005	b629407dca7fe1e40c2d717ff69d830b229e207a3f1338c122d0c48ce62b39ef	0.0953848818132578	0.09600703130519478	0.0006221494919369797	0.09376917395546863	0.07841633094404837	0.0	0.09376917395546863	0.07841633094404837	1.9046996912653935	1.8911269344660753	False	False	True
product_exact_summary	product-3x4	5677b46286839eacbe212e1b6e511ac60cf39fb9b6b75e5893b5c3bed44fea63	b0836cf8c0055a99c6956ca866e6ac9b1a82239a6903c4ad7854b71588907a36	0.34908465535385447	0.3544098199500526	0.00532516459619814	0.27347776700972415	0.14840073655479663	0.0	0.27347776700972415	0.14840073655479663	0.7934380943432549	0.8769057253901004	False	False	False
product_exact_summary	product-3x4	6677d8202f1815a756b7727a8779930e229430502f96c201c64e9fbd82b6bf31	3de9f061ee46523dc1d60150541823cbf846f37bdacb6e4d2c5ec937e44d2318	0.14166342486948974	0.15586278280873966	0.014199357939249924	0.15696959543541486	0.09873853380184214	0.0	0.15696959543541486	0.09873853380184214	1.4577875580757136	1.4926811693164377	False	False	False
product_exact_summary	product-3x4	68dc0ba38df558b82e5ab860a22b1f5e8c5fcba2e9da53fc34911fb53f8e8146	3d940dea0da5e2e3034bccbcb07eb01adb5bd7ed589b30636f212e3af3fb44d8	0.045241744561400295	0.04791242519457875	0.0026706806331784558	0.10856601814802881	0.14279694664219625	0.0	0.10856601814802881	0.14279694664219625	2.739776754717018	2.6025006726967703	False	False	False
product_exact_summary	product-3x4	6c0fbc64ea12862b3b2d3e0a8bd12959405f3048141bc3ab0adfbca2e24527d4	502bcb174467933f67dcea86ff549adcdd51ee8cb481d3ef9ccc1909c0decf6c	0.16061338354816526	0.33292760315571224	0.17231421960754698	0.09853215423705619	0.07004077993643719	0.0	0.09853215423705619	0.07004077993643719	1.0205221988685544	0.9589707301162028	False	False	True
product_exact_summary	product-3x4	75ea34c391249c429090be51c8353edba44bb0590d1664e1ca00a0909c664399	6b0db2f04484797b8913fd52b907d2abb0735380b6901e514f2f46f44132bd2d	0.10819931616267262	0.15614827559184324	0.04794895942917063	0.19117744369905984	0.11658571861474563	0.0	0.19117744369905984	0.11658571861474563	1.4397228586724156	1.3403844504917632	False	False	False
product_exact_summary	product-3x4	795748eeb232a05278e2505126a7eda2d4fa52f6651aa5778b46cd943807838f	69bdabcaefe785abc822599626e447e2465e979e6d2b24a090e9056d08554589	0.3544462594922455	0.4162562389359858	0.06180997944374028	0.17825651580248253	0.18300398649177702	0.0	0.17825651580248253	0.18300398649177702	0.8677467199967801	0.8122873506901628	False	False	False
product_exact_summary	product-3x4	79dbb99c0b9e9299bbd8adc1d73be0c7020b5e0988c43ef58982fb14a76eb7a7	363b5155989219131fa0823d4af426a332f3e0e89f03d9e3db6ed259fb9cf7e2	0.35311438932229416	0.4071765929940508	0.054062203671756626	0.13488073212089371	0.12282181934956599	0.0	0.13488073212089371	0.12282181934956599	0.8947453901223118	0.8049650221350751	False	False	False
product_exact_summary	product-3x4	7be388ac8acc6caf0b75cff753f0c021af17e381bec09f707336dcfc90e5064b	fb471452b6c0b15b4bef8ffefccce4714ac9c2809b9d438f3d6797484865e640	0.09444868795000909	0.11640081508624592	0.02195212713623683	0.18722217429457558	0.24707071090777494	0.0	0.18722217429457558	0.24707071090777494	1.6685810679517783	1.6153374762590555	False	False	False
product_exact_summary	product-3x4	8b7ac0616dc8866fcf1b38360fc4887b397bd0498d19b9f556ed2be0d4e401c6	35c7126823c92d6eb4a25f25c8d77accc45b10c623ed5e46a36a5d6a5bd69fd7	0.33573521111058696	0.4531522877080105	0.11741707659742356	0.2360162827790995	0.16010857336490142	0.0	0.2360162827790995	0.16010857336490142	0.7302797881943659	0.8283430908978793	False	False	False
product_exact_summary	product-3x4	9b496ae56013dfff3b1d400349e408981a024bec64e3ff36b29acbb2765751d5	84b97b8259239fb20a5886dc1e9d888c5e134aea95f789b27cf27f073d707804	0.5341323962381281	0.5577968463553771	0.023664450117248936	0.16294857619629957	0.0364900489187882	0.0	0.16294857619629957	0.0364900489187882	0.6613497217532246	0.6459251405107017	False	False	False
product_exact_summary	product-3x4	a2dab2daa97613634e932a1cf0cd0c308788e3f630e1d7483f365fadee1deb51	5bb8172cc597ec624c1613e99512fa417e42fbfe3be083dfdf207dc7e54fb8fd	0.07577184240482232	0.08685173399831299	0.011079891593490668	0.26018102256463027	0.3214006897056148	0.0	0.26018102256463027	0.3214006897056148	2.1225762085768554	2.0171059655434846	False	False	False
product_exact_summary	product-3x4	aa71a69add0aefaf66605f505ae677c40a21783e59045edf4e1c55e66257b0f2	5b5f36d718b39544a51e5b2f1573e55f4b88fe046938b1ff5f7fcef5c3d44f56	0.014344303363761872	0.016811004306676126	0.002466700942914254	0.19204060660989883	0.35628507306575535	0.0	0.19204060660989883	0.35628507306575535	4.798296213595982	4.476523563544628	False	False	False
product_exact_summary	product-3x4	aafeb0f499cbfd36fb85251b8553ee86a4d5b6863be886473ba17209f4495d11	423b17d8682e004e96819f6f8938ad0af9a92066e6317359e417143c256b771c	0.24762142952093444	0.28164338578947407	0.03402195626853963	0.0966532232628366	0.0684526831557612	0.0	0.0966532232628366	0.0684526831557612	1.112589484535657	1.0252014761298427	False	False	True
product_exact_summary	product-3x4	adfcf987745de1d0c0a7640b488b8bdca096a9d1cb57fc5b03bc466a2bf72b23	3d810d6f901fccffa948fdf030e1675b821a5190fe15193f28b218f9397ef9d1	0.4398407204808889	0.4515147886985667	0.011674068217677802	0.13543312218643708	0.10734514173917863	0.0	0.13543312218643708	0.10734514173917863	0.7630448049418834	0.7446902490038714	False	False	True
product_exact_summary	product-3x4	bd7395b458b5f461ca08e9bab16302457600ddec399e11ef9fab81aba966927c	4252e358d1f9ca918b8b75c9d2d27d171ebf35148e67edca156a83f1646ce092	0.28699492437702945	0.2940031252685068	0.007008200891477356	0.04380776289617033	0.04530629466753047	0.0	0.04380776289617033	0.04530629466753047	1.0280122613008253	1.008074101856774	False	True	True
product_exact_summary	product-3x4	c05a352ab364c058915db28f2c276b237b15e83bb5d651b095f314fb2ec18dfd	83400de6a23ac946b344aa537d37455a5222d94025d9cb6a7517d3c65cae6bf6	0.09978540446814255	0.11488882258874346	0.015103418120600912	0.3505282003947897	0.24848472525088006	0.0	0.3505282003947897	0.24848472525088006	1.7354469114347453	1.698339482182182	False	False	False
product_exact_summary	product-3x4	d31f70b99c9f74f6a03667de5fa2ed5f5ad9ac7b8ab74e19c11fb32c8b1de0dc	2ed76d664b82ce555ccf5799397692a4488eb3c4509531a31388e1db01f1d2ec	0.0021591558349319637	0.003432227035201208	0.0012730712002692445	1.4500609245708513	2.6531884852184193	0.0	1.4500609245708513	2.6531884852184193	12.067671717020175	9.910055445045488	False	False	False
product_exact_summary	product-3x4	d80126c2ee1d71d9550e7aa7cf6bf03f22fced4502fbaa3582b99c3d90543d74	6e8ae9802d17f5cb2de16392c08d5d3ed169d2a33b975dd527dfabc398a79da5	0.16447805960978296	0.2372145733178562	0.07273651370807324	0.22230838290661437	0.32722507502804804	0.0	0.22230838290661437	0.32722507502804804	1.417503585858176	1.1957567955623003	False	False	False
product_exact_summary	product-3x4	db98b29613622629bdc2383e4994c12fc17d704694fca55b2d527e9bb6b93e52	b032579cf2fb9fc0b1e69e12b54a4aa079025e19a5a9de42a69860ff9173b2f3	0.1135561296064847	0.11563099852772192	0.002074868921237219	0.047060147086852744	0.12909082074236516	0.0	0.047060147086852744	0.12909082074236516	1.5755958733335613	1.6492897753394393	False	False	False
product_exact_summary	product-3x4	fe7c9cbbd51b06ec4f44c32e332704bdfc28c76de5a1cac2ca5ee7237c6da8d1	b84353e6d1df22334bf5ef5256d7df27d6b86296c693253b54be8c97a5694a19	0.5680806210669037	0.6181974865082049	0.05011686544130123	0.12567330559402703	0.1725991205119147	0.0	0.12567330559402703	0.1725991205119147	0.6664365247997871	0.7128652986354638	False	False	False
product_exact_summary	product-3x5	05b5464fef98523132bb5884459f7e129c08ffd15830167d932485480e2ad0ca	859cc33aed9979e95258573b5f62fd8a3a0176abdbfd3bcde1bd02943893b97e	0.3555472774252674	0.37986009647204616	0.024312819046778733	0.12852149627168474	0.028471992243671796	0.0	0.12852149627168474	0.028471992243671796	0.6766145905200082	0.6778148423260497	False	False	True
product_exact_summary	product-3x5	2913752ca3005e3c535ab45692a33aaf5247514511618c3f36b1c0902286bcc9	9c8a5c87fcc5bdd24a3ff2dce517fb88050b08d20d6c317fa7ceaad5ffd05571	0.2852431332269269	0.300574452347077	0.015331319120150122	0.18177074218816508	0.051178735452829985	0.0	0.18177074218816508	0.051178735452829985	0.8603526766579732	0.8440114448480969	False	False	False
product_exact_summary	product-3x5	2d6b9ba68913fe3b9e90353231c7003fa0e688d3d0c814f08bf90f1d06fac799	d1f4d84f4a09687c43d7aa0310b37f86076a78cb2bc60d4ecb9831ac4da468ab	0.1494313339126936	0.2178095489683809	0.06837821505568731	0.19755468357963227	0.06542773869640273	0.0	0.19755468357963227	0.06542773869640273	1.0164030970172415	1.0216332541593156	False	False	False
product_exact_summary	product-3x5	2f6d7797119fe0a3a775763c6ef9d3bda78ae59f30a7a4c3199988885b9abf21	a9a07a5fefb29de64325d839ff6f3a38291506d599a9f5af1667557731ff3277	0.2875393610460868	0.39796681234236864	0.11042745129628184	0.11393557381133225	0.0701923282358853	0.0	0.11393557381133225	0.0701923282358853	0.6710379547535764	0.7033899766698951	False	False	True
product_exact_summary	product-3x5	4d00b08ee55b995ef6f391280b11efa1a0780fa1592471d0cbc48423af2b273f	f2517e8cc8695356c4d0b51b24a7a0ff5dc86e2ce7e4aeea0be53723b2f6466f	0.49363927994230306	0.5813023709947707	0.08766309105246761	0.1265187210355281	0.0440597816873058	0.0	0.1265187210355281	0.0440597816873058	0.5458136140071833	0.5954914149410003	False	False	True
product_exact_summary	product-3x5	54c7fbb0bfbc823692e43e7c2184c00d29ab9d5534212ef3a7cbaf73cbeb9f45	efb9e5f3e2a6d54a7baca5cebdb0d35057e2c5b0b5d69be9d3222aa2d7293c7d	0.41735333553930826	0.5827146268560617	0.16536129131675342	0.12419394411901881	0.06878461436415761	0.0	0.12419394411901881	0.06878461436415761	0.6755577227161911	0.5383967437736495	False	False	True
product_exact_summary	product-3x5	58d138872cfae585f6ee976780e50dd36c9212ab1ddb6c83139989dd979eaf1d	bbbed89c2636ccafbcb930bbf6c2d090642baa984159f1cafa6869dec020a997	0.6398296448327215	0.6960159666735553	0.05618632184083372	0.15361407770263735	0.07885437291507061	0.0	0.15361407770263735	0.07885437291507061	0.509166861250897	0.5012448647188341	False	False	False
product_exact_summary	product-3x5	5993228df0343a4c44e9d7f14711a449ccff52841f1eceb66eb7fbadbcd86067	673113e7a065ca7ff9a6cb429ee0b98298308e52383bb6adacdfca76c4ea0ace	0.3516030831451132	0.41753287535444594	0.06592979220933276	0.1632025953097257	0.0275837183983071	0.0	0.1632025953097257	0.0275837183983071	0.6599306288532976	0.6057765068436253	False	False	False
product_exact_summary	product-3x5	5ed30dcb5a6c8d11278c5c51ea511c4c6974e58986c1ada210cef7cd390fb686	6593818bb6040e882dc7d7f326a8d1ced9f69b00ece16e88c77aef11ece66bc4	0.04761236576582909	0.051736649231737895	0.004124283465908804	0.14681197901633636	0.0670118898471709	0.0	0.14681197901633636	0.0670118898471709	2.234486282203546	2.144735062000631	False	False	True
product_exact_summary	product-3x5	7e2dde5e0987cf76532e762181bf8da15b738a3ffe5de885f1e3510843b63f30	f2e1c1a6134c72838a23117230f73db791a1254bc2884408be1e93980aecd7c0	0.20203541960510962	0.38241448127457495	0.18037906166946532	0.20157319181550673	0.15915458736384952	0.0	0.20157319181550673	0.15915458736384952	0.7334407964245824	0.6474447946042364	False	False	False
product_exact_summary	product-3x5	928ed8c9d4f6ef427f2c7e9121f13a4571a3b67377ca18d75b4b5f169ecbfe0e	6b68fe940054cf5f69b41be90d0e57f0d5a5e8d93d4b8bd6ee891b08b6d32670	0.2514816436257058	0.3504071498943757	0.09892550626866992	0.12086643759018421	0.01676434828196375	0.0	0.12086643759018421	0.01676434828196375	0.7818048251578625	0.7925522282438576	False	False	True
product_exact_summary	product-3x5	92c65238e9bde3c346c28bbe845384dcff1582e25972819379b6809c22ede838	134e35e6fed0a6cac0216bd79051c8a70073cb603cd6f6c678c66775c4b43054	0.40366169449755396	0.508688452250557	0.10502675775300307	0.1080323735192742	0.04632378155551885	0.0	0.1080323735192742	0.04632378155551885	0.6479441497193331	0.6258467556723377	False	False	True
product_exact_summary	product-3x5	9d3c470ffd36901fdc14811706dd9a4d47e5ca48fb58c7796884f30d62b0705e	890217278a1240494b0442ada5d14ba2749e7805f6ed87e16d5fac25f87e9435	0.0036898706735880795	0.006887627939801749	0.0031977572662136695	0.46944069010904355	1.5690490584819135	0.0	0.46944069010904355	1.5690490584819135	7.318050416268652	5.726365545248373	False	False	False
product_exact_summary	product-3x5	ae0083368e35cfa80b755c479f2b5f16c11a220f32db0f602b3fbf138d606b89	0c1e73ea8904ff2ce90c428488b99b34a8b80be659eaa506132b8d60afa42368	0.4558685532439306	0.48385525771523846	0.027986704471307855	0.057148354919817804	0.08882880181854427	0.0	0.057148354919817804	0.08882880181854427	0.6189756823579634	0.6311208983642854	False	False	True
product_exact_summary	product-3x5	b0de7be11f5809db4c87734f91fdb60121115a21a66646a34cab9727299864b8	07be3969e7972bcaadfac01600de99a90a8f5955d436d7f7f0f4a6401c430683	0.008229125209550537	0.012741309537867309	0.004512184328316772	0.38808859233451853	0.5891728613785102	0.0	0.38808859233451853	0.5891728613785102	4.375760592746605	3.6767210513646225	False	False	False
product_exact_summary	product-3x5	d060bb59c8a15e4773663e034ad799258547accdc5e8e15591e5637014d76b66	e3c1e6d68d573067d2c003e0b58459a0d0901febe8b455e28136225388c8354e	0.14497678592116778	0.1793517352908008	0.034374949369633034	0.3383672572689423	0.14491778462708355	0.0	0.3383672572689423	0.14491778462708355	0.9066297170573815	1.083943698988048	False	False	False
product_exact_summary	product-3x5	d4b4d3a4a699d5c090be56e4b3a5e97764fdfad04519d1fdc15df0053c4d7fea	31ca803c7d7ecc82650d8235f15901bc84e602f1496552599c8857e65a82e3a1	0.21357796333097645	0.24490015366845952	0.03132219033748307	0.3388558436529	0.26213166474817423	0.0	0.3388558436529	0.26213166474817423	0.8152031640304438	0.9633315674949371	False	False	False
product_exact_summary	product-3x5	de0288d237d0157c052543d32c1b65802dadf881af40318eb04e1c372fb9a1a8	adec05b412dafc2ab09044af713acecdad10ed32df344658ef521a8b2fbfaa5a	0.01923945564556784	0.038953584209908375	0.019714128564340534	0.14203144130838707	0.43005804739833997	0.0	0.14203144130838707	0.43005804739833997	2.323209050387273	2.2107584275319367	False	False	False
product_exact_summary	product-3x5	df4eb52f7fa4d6a7892ba660340512e64d1974aea72cc146bcf5f3f70acd01be	e499f9a4fd438ed80025c5105038c900f5e6960578f8a4d106d5f82a5e2977bd	0.10539219621291901	0.15066382194541936	0.04527162573250035	0.3618533893258285	0.06710130975204287	0.0	0.3618533893258285	0.06710130975204287	1.2135767617742796	1.1875511927520699	False	False	False
product_exact_summary	product-3x5	e9b29cdb3f56495904c806695e14cbd89be3bdf14032bae7663aada3d9e0c71f	b3cdee22dfdbb4f2b55ce921b997fb43be56c94dc9bb48ff3cc1d19a645b09b1	0.22816258626143365	0.39379425300216636	0.1656316667407327	0.1336475476531304	0.04283505463319048	0.0	0.1336475476531304	0.04283505463319048	0.792896216889594	0.6853196057559543	False	False	True
product_exact_summary	product-3x6	007aed629c8882d20ef3af1d0b496d771b7a62ea1c0374887038cd52b2c817eb	81fd1b5ee1f127851da015b9e9b036a39315cf018deccce8c8cd972341eaf96b	0.022855021324782347	0.02377223216622824	0.0009172108414458938	0.2983804601469516	0.1941133289172507	0.0	0.2983804601469516	0.1941133289172507	2.4135680381456206	2.5650384553433816	False	False	False
product_exact_summary	product-3x6	0a754fd61b8c6994bd0a43efbc514def3d64ee0cebef792b79f47287a5d0c4c6	961de7324e35cb2ff631660724e0691938fa289e6d3c782d84243c3c5a26b1e5	0.04904476588195642	0.05191949583821705	0.0028747299562606257	0.10127363457547206	0.087943835120977	0.0	0.10127363457547206	0.087943835120977	1.437815983650906	1.4019418139956317	False	False	True
product_exact_summary	product-3x6	14c4cdea1bcea81240e076c9b7526a1946ec3f5630a3cddaa7e4ebc07da06995	33fd3a92a0074b30b595410263e1cb17eda373e53a6d011d57789b10a1e6d405	0.12332040371677468	0.13836085611031798	0.015040452393543305	0.13493168397914018	0.1077454618060392	0.0	0.13493168397914018	0.1077454618060392	0.9553272330182709	1.0225378514064003	False	False	False
product_exact_summary	product-3x6	195db6dabc59a250731faa99039f2181297359d2d0ba93ac3196799c6595c813	c586948fb47ffd76e724e3b674fa920096edf3a2ca7f8b8e78793006fe6a5d65	0.4292599393367932	0.5007196864501431	0.0714597471133499	0.10169539139001957	0.09134465568735112	0.0	0.10169539139001957	0.09134465568735112	0.560173768989038	0.4779543446075296	False	False	True
product_exact_summary	product-3x6	2b3f2c1eb96985f551c257d73e2e756e89a24d47177c88f05cb102fc4ecbc635	8c0a0ef14cc6e349feed2bd4c00191577ebce5ab6df032b180167b746a882150	0.4327076508689915	0.5636739983221287	0.13096634745313723	0.09177868663005834	0.07822251835502789	0.0	0.09177868663005834	0.07822251835502789	0.4953925447538876	0.4464654604767011	False	False	True
product_exact_summary	product-3x6	30762bbffb418d34510eab9c89bf8263b71dcde6639190bf20edf919e240daf8	e75d5b86d859b8571b56fbe07444f4f84f52ad0d76b9d7bf9b9fd9a62196ab36	0.18736195446770035	0.24374164131227	0.05637968684456965	0.26030464966535	0.17846841896124943	0.0	0.26030464966535	0.17846841896124943	0.7122659011820535	0.704162021149586	False	False	False
product_exact_summary	product-3x6	36d9739da9c4f8d0d3f6ec243fd90efe17e74636a2415f2e814fd3cfb76cbbb7	b6a785cee2982cf96b5a6e5894a30b22738e88367befabfed5a6f559eee07488	0.04943193129309315	0.06530524473607888	0.015873313442985724	0.34684130034852173	0.30188791201703463	0.0	0.34684130034852173	0.30188791201703463	1.8575134871770331	1.5811324475808988	False	False	False
product_exact_summary	product-3x6	387f223d0088b6da2e9814724f504e4a1650bc84bb2003f948f5e7e417933b56	94bfa5525b94d207d4a692fa65c0fdec16f90a22f3c5b19333aa9f9942ee7a4e	0.01271610506022496	0.013027735746887304	0.00031163068666234355	0.19789409663041813	0.20262938403183942	0.0	0.19789409663041813	0.20262938403183942	2.584851983986279	2.808893635433238	False	False	False
product_exact_summary	product-3x6	3f37612d8820a68b9515add52ba2118fa9d522b3fa0bf8b189104e8d3413a55f	68b916a98575b517aa8f105ed95d6e0b15c723c9634d361cabdb983f98c93781	0.10412801565784616	0.10462479437623072	0.0004967787183845634	0.11163342760789818	0.07893227248323698	0.0	0.11163342760789818	0.07893227248323698	0.9610068323010432	0.9836471458178803	False	False	True
product_exact_summary	product-3x6	483224b2ca4a6c412d286633297d65987d8716fa82ccbc2698098d976625bb0e	eb2cd31acfb9573fb1e59e0f22aee35cac8dc1276ed35e77c94bbc68eba00fb0	0.0011669176945048865	0.0014089482015397885	0.00024203050703490198	0.5858975482900458	0.8642322355700865	0.0	0.5858975482900458	0.8642322355700865	10.087997982454262	9.746306157401332	False	False	False
product_exact_summary	product-3x6	5746b571250936329ed5560d4fa88679bfdcbc70b9577c304701bc06094eec61	b7f37eb6e10a3c6243b862c649da5fbc2d3df7418cbae7bba55deb12d80a3280	0.4224155813963341	0.4292769210200065	0.006861339623672358	0.10329267406166547	0.06267157369158842	0.0	0.10329267406166547	0.06267157369158842	0.557587959629622	0.5542280121687313	False	False	True
product_exact_summary	product-3x6	5be80d442ea8c73bfa29896a38031532eec90cc00f6ada6f6c9b4f5e01f63148	ad1f606072638a5bdb312408eb96de6c4e507717117ca3e203a9eeadfece40dc	0.08806547053263716	0.11368459003785025	0.02561911950521309	0.16156551458974402	0.14907106156415784	0.0	0.16156551458974402	0.14907106156415784	0.9417802253996733	1.0640907323412692	False	False	False
product_exact_summary	product-3x6	606b828ee59ef442a1b1278c2698c444dac9018751aac98fd30331e67fa05ed8	545870a3ccbc7f454b7805138c671f6f46b2cf31e4884bfe436bfdff8ea7a759	0.1186619886216603	0.1523781036078411	0.033716114986180795	0.08836526795030762	0.15430841790787989	0.0	0.08836526795030762	0.15430841790787989	0.9693170542890063	0.9559093440193595	False	False	False
product_exact_summary	product-3x6	618369eb0b4f7ca40478958785546509b66b51fb1b0a0bf8e8ad3ace148d44bd	88b47a86248ac2a6bd44c6a4cd2e3481262e9de450eb4066189a3c4f46a9a568	0.11103367888806397	0.14975190265084773	0.03871822376278376	0.1534675083955672	0.12047602467160302	0.0	0.1534675083955672	0.12047602467160302	0.9512424932485349	0.9427511402711384	False	False	False
product_exact_summary	product-3x6	719b2257afd0ad9ee40194af07d87569e99aefea5ca91f9e2b6d651ce8e7d613	1b9e61a5afced221eda16326b1d189a04ed4102e704c57539b84ed3b4831340e	0.003974533141195699	0.00397933895347362	4.805812277921227e-06	0.37329153288047034	0.7584577834696762	0.0	0.37329153288047034	0.7584577834696762	5.172058221907936	4.9823690118881565	False	False	False
product_exact_summary	product-3x6	7fce7830c3b9e807ac06ad13e3e3d8d65ce5dabce9f23f4f9a9d8a645d4ea372	8c27825d103ce9a4590828f62ce473e756f1e4cd54c85978dbc5e16c0d1d0941	0.46191205513082306	0.4875344050854262	0.025622349954603163	0.21998868809024666	0.11982033628644159	0.0	0.21998868809024666	0.11982033628644159	0.5626866961510701	0.5623740919650845	False	False	False
product_exact_summary	product-3x6	855e63796cf858872e3dc2c372bbdac38e2d2f4487e7b55e6180ff56b993e4ee	c9199b43270b69b7725e5d368d43c6a60946ea73d1f38176c29a28ebd3458ce8	0.12151080012326337	0.13401635719832755	0.012505557075064178	0.15825881382093512	0.13785114151541095	0.0	0.15825881382093512	0.13785114151541095	1.145662201692099	1.0342894721928664	False	False	False
product_exact_summary	product-3x6	89b974ce11e8ab253002d04228dfad99c971237238d7780afac5edc8da2bca09	1a19c2361d967bb59ecf56810a3615818001642a7f30741a5d2c585a6df65581	0.21479382535074476	0.3192480155869768	0.10445419023623204	0.06956156294066611	0.045326331069598554	0.0	0.06956156294066611	0.045326331069598554	0.6999277665262915	0.6524231467782561	False	True	True
product_exact_summary	product-3x6	915c27f093459854351271b53a25a36acb52d66285ee1352e4b1d9ae06769088	f42eca526149d0baed7c8ae248bcf613df1cb1695c2dfbb8d5a431e54870739f	0.31561132224132005	0.3542468457444832	0.03863552350316313	0.1802919187381247	0.06742330290032628	0.0	0.1802919187381247	0.06742330290032628	0.6199426072445876	0.6428918193902945	False	False	False
product_exact_summary	product-3x6	95d4cf8c5795a92d3097f3af6224545691f1845d9ec3a0b15eaaa679d940ae6a	8709a87502dce726f294b8ffffdc515c6d12e72b703d68ffd8d90806bbf5338d	0.4399310036535713	0.4755930818940392	0.03566207824046791	0.10493822876058263	0.0791930473554162	0.0	0.10493822876058263	0.0791930473554162	0.5712764781076645	0.5420833576992848	False	False	True
product_exact_summary	product-3x6	962a113fcbf791e148ca9340a6de66256a4d44fc28c66cf7e7830ff9f92d0cab	6c77d8579807d479f9de33a50eaf3ef8d47a9d31d23535127dbb6455b4d3c804	0.005665673505373825	0.01057583022048798	0.004910156715114155	0.4404696116517123	0.5632554228994164	0.0	0.4404696116517123	0.5632554228994164	4.615119845796355	3.8897701767721378	False	False	False
product_exact_summary	product-3x6	a41e84d183c3c9204dfb0d053fedafa0bd7aa3713b7a2104a27837c0d53f5200	2d4078100a0e8db737b3ba762c43221d14f6d4ca43053b686ce69b586446f5e7	0.030706217244759082	0.053778644463380536	0.023072427218621454	0.25421145702455966	0.22146439003386176	0.0	0.25421145702455966	0.22146439003386176	2.0834830952852506	1.7589348369898108	False	False	False
product_exact_summary	product-3x6	b3080be527296810d34b056d4a6792015ae9e0e280841108c9d119a947785656	ba08d7d8cb3fb7cf23eeaac5be03022ca04ed4ea8a20af295a76df8a61695a8f	0.18166062480762604	0.1829205247644479	0.0012598999568218527	0.11786379619155507	0.049159095927481966	0.0	0.11786379619155507	0.049159095927481966	0.8273605315893638	0.7577375831507006	False	False	True
product_exact_summary	product-3x6	d0910995ecf98ca11f94ef30c5bbb0cbab522a7f329684459bf7dc8ccfcdf7ec	456114315018c1d2189fae32db3beb5369fb22ef1100f07cbb6f77e756de9d0c	0.14518486097428235	0.22979290282601228	0.08460804185172993	0.21315713769496564	0.17170916382204993	0.0	0.21315713769496564	0.17170916382204993	0.9847917164725954	0.7751553212366975	False	False	False
product_exact_summary	product-3x6	d1e57e700ad11289caa72bb8f237cfc7d11d0e51bd09cdcfed6cbd9ad1a2b5f3	ea59c4c498dddc05c3f77801e166266e2f66a3074e9aec478300b176c186f06a	0.007450326297198394	0.007850981900698082	0.00040065560349968835	0.4466972337992625	0.6040801760699585	0.0	0.4466972337992625	0.6040801760699585	4.741703947285628	4.5082610329710135	False	False	False
product_exact_summary	product-3x6	dc3521f64d9b539660ea01c43c1e0154686f14a706ab8aebbd2d436fda64aca4	4e2176bf52d250dd9686a9e22816c168e9f7b1ba9c4cefe5fdfa79afd6c98beb	0.6069631841818603	0.6549509645017318	0.0479877803198715	0.08265422586501561	0.036928705565023326	0.0	0.08265422586501561	0.036928705565023326	0.42867615281297705	0.43831202687665793	False	True	True
product_exact_summary	product-3x6	de56006047416c80f44b39605dda6afb8f6e243898eb6a49e6998b409d4ab618	4b0c34f83d90a1b7f7aa113b9f5ce1a28222ffcc0e2a551240803c47793f5540	0.49365494863975806	0.5292368336907133	0.03558188505095522	0.05586356881077011	0.048992654228301846	0.0	0.05586356881077011	0.048992654228301846	0.48102444000017097	0.48589893571864584	False	True	True
product_exact_summary	product-3x6	e233e7e2b4370a8908223585735ac2352fc6d77224c1e593bcfaf430dc0c2563	d97b9997ad63cbbc60f6d36e4e87d259b3eecd02f2337a3826426bef91ef6f6f	0.149401234136841	0.17190397447758834	0.02250274034074734	0.10069459896179843	0.06918180693153131	0.0	0.10069459896179843	0.06918180693153131	0.8217642432061446	0.8650904931006268	False	False	True
product_exact_summary	product-3x6	ff67bc61ffb603292b78a80cfa7bfcc92a2a65b5c9840f022e863c0a74206f00	f2ffc6e76839b496dc39b615d782c463979588294a057ffafb02dd3cdc6c693f	0.4331116918698046	0.5431499932156638	0.11003830134585924	0.08417938529472478	0.04469364752876673	0.0	0.08417938529472478	0.04469364752876673	0.5480926853901499	0.45886237551231845	False	True	True
product_exact_summary	product-4x4	0e262939312f3e5c53cd04c05dcb8b3a922029774428a1e60568f60c34f20fb9	9ef3d82a53c9ac5c37537961449e84d9639d312f4a537016229fdfbf3190dd6c	0.13695291979941257	0.4766377355936617	0.33968481579424914	1.005901694891592	1.4090075494305796	0.0	1.005901694891592	1.4090075494305796	1.0990472727827838	0.5796122929237022	False	False	False
product_exact_summary	product-4x4	0e89bf34de5b186967264f891e4899396761f1e449efa51496404582c7fc8c7d	4f1d1d32188442e39d77c4d4880225142590cdea8b4209df44d28ddd27f33e53	0.06682515363019077	0.08341933017688521	0.016594176546694442	0.22817823155808506	0.612064265897617	0.0	0.22817823155808506	0.612064265897617	1.7847722983174297	1.5969378232887241	False	False	False
product_exact_summary	product-4x4	0f60c115f02c209e785fb62cded18b1aaa4c712c7bdfed25a6c9e92338d71f25	edd3a54bb0b61b4abd5adac66edddac58fee1bc552c343dd43562ca60bad85c5	0.20309222159827633	0.2781516730373274	0.07505945143905107	0.1518020343691056	0.1730233924318745	0.0	0.1518020343691056	0.1730233924318745	0.9409026208413236	0.816199776785952	False	False	False
product_exact_summary	product-4x4	17b15dd5e065049f190d62c3153d295dbb525ed119a69aa555779b615fdbf80a	acf06018cfa71789716b280662986cc8a9732e90fb6f694987d6ab53c70445d1	0.2384086654614705	0.2637407490262605	0.025332083564789998	0.06038137322174126	0.11691172467507713	0.0	0.06038137322174126	0.11691172467507713	0.8707756954074134	0.8447193792986375	False	False	False
product_exact_summary	product-4x4	17f4baed4bcd2d21c97319512dd36789c3afe2a099877d5831acab252ed296fb	516b50b4b1ba5bd92cfc856ee8abf2317a89d9bd75c6db629e5d3bdabb00b64d	0.028413713750268625	0.030941285627088713	0.002527571876820088	0.2719813168871377	0.3685527421856834	0.0	0.2719813168871377	0.3685527421856834	2.628104223243286	2.5585218434911714	False	False	False
product_exact_summary	product-4x4	189835979f10967280937544419abdb5b17b54a72bae90c8266995e266cf9a2c	c3875967948907b45f632ab63063b3d51abf86f1d5f5244d7e73ce8bf023440b	0.30124111786695795	0.38607835961636416	0.08483724174940621	0.16310512453313972	0.5718689841124773	0.0	0.16310512453313972	0.5718689841124773	0.80379738886811	0.706412145975381	False	False	False
product_exact_summary	product-4x4	18ae4800c8958f506c0b7f4a6ff9048c692a5f2c8407d4c97a25335916767f68	9c79b2218da23c3f65a24aadcc4a6114c9b8622ec638ec265f7d99dfd6422042	0.5773107589375246	0.7103404814982792	0.13302972256075463	0.1017490018322051	0.05833641763702013	0.0	0.1017490018322051	0.05833641763702013	0.500103242021164	0.4775396663852018	False	False	True
product_exact_summary	product-4x4	20c1e8495d7edd64772868911c0c9f146b34719819c5cc50b881396772ed61d8	106842b861ad7fda324dda05c32b714c15feb27f4b47d2d0d057bfda40c5fff5	0.13022491672831812	0.2511052240839274	0.12088030735560926	0.23361931176626025	0.2880422855810508	0.0	0.23361931176626025	0.2880422855810508	0.9482307085368422	0.9197022749757436	False	False	False
product_exact_summary	product-4x4	4015e45f7f699c52db23f35e577c022fbdf510869ae59a775507986d6e694bd4	598e42f4b55582464d0ab8170deb1164921bcf31627abf386ecb9745a839d61e	0.012722033587556162	0.017878830697650155	0.005156797110093992	0.6315464011359028	0.8935479751475537	0.0	0.6315464011359028	0.8935479751475537	4.087328434757178	3.501511171396508	False	False	False
product_exact_summary	product-4x4	46eaeeafa1028a6668d5f42e5b4d495b4c70d64b5dc36a1e2087498881daeece	cbe21e9329db87d92101d0d5b0157ff4f6b74ada3351c650dff05a614963381d	0.27221955829362204	0.31674179398534674	0.0445222356917247	0.21894337414156695	0.15165291475325596	0.0	0.21894337414156695	0.15165291475325596	0.8136602079567508	0.7498727300383482	False	False	False
product_exact_summary	product-4x4	4bac7c8f2e4e4c36d24211cbb25ec3f7ac217c9eac5d3f4541bba17a7f97fec8	7ceffc12282ce6dae3b48a769831a4bf1990dc3c2b71825b1da760d1d7966a2c	0.08016926071513703	0.08520545761278922	0.005036196897652195	0.21921133059631093	0.1648985033341424	0.0	0.21921133059631093	0.1648985033341424	1.5758706748651408	1.5476629521209677	False	False	False
product_exact_summary	product-4x4	62ef4742ab019eb7994138502f62059f0dd02b7ae081972142fb884b352469ba	6fcf78976c0d17c86f632a8dbaad198c98ec3797debfcecaa669eb38cd61bab5	0.2927762887433842	0.3214955337088413	0.028719244965457136	0.14574318352674728	0.1224436032599887	0.0	0.14574318352674728	0.1224436032599887	0.6661444548383538	0.7386400030761993	False	False	False
product_exact_summary	product-4x4	6e8382bdf0818bc6f5c4d0ff24fc61fffa19c95f521ea10187de92ddb19f820f	03fbb8bee74a9bbf9a1fe4248b87cc64831d7e5590f5bbeb79031bb6c9900236	0.6755986150502499	0.6848864539056185	0.009287838855368657	0.16276781097549797	0.10247634706390164	0.0	0.16276781097549797	0.10247634706390164	0.5066330417419763	0.4736404750486397	False	False	False
product_exact_summary	product-4x4	711b56ae1b4d8cd18f7776ea1afeb7f90f369c66b47294bb3d97d92b7efe41d5	b62576a41fc1a5661c794a268cc05d4161a4d3ee09e54744ba1abb322395d48b	0.3419933500345983	0.5467856537456053	0.20479230371100698	0.1616698124282629	0.11903886494926394	0.0	0.1616698124282629	0.11903886494926394	0.5293346739398819	0.5013853068911304	False	False	False
product_exact_summary	product-4x4	811b4e090d56daaf2079e4e356a39e354202279e260e7ac54d90bd538cc2dd29	e446491ab85b3e242aba396bb0b94c24765a5245fbd220bd33b868e198a980ec	0.4457056617597899	0.482876926941614	0.03717126518182412	0.1125592568071836	0.15483637061650288	0.0	0.1125592568071836	0.15483637061650288	0.5278379670387082	0.532840207676092	False	False	False
product_exact_summary	product-4x4	834b9b7646fd29e00e60baa4cd21d379d82001d3a336f1e42f434374bb7f11ca	3864517454c6abe73a018b5df781cbc2b90837faa4a135913ac4b3f5abe262f9	0.5038583299528827	0.6630222086766071	0.1591638787237244	0.06629620290796244	0.06732249074005597	0.0	0.06629620290796244	0.06732249074005597	0.49697001276025804	0.5101773802015556	False	False	True
product_exact_summary	product-4x4	84b63003b70b0d090c4f026faacb2cf3ea2d44bbb2ec0a5a615999102833e772	89d27f714a55f652129ef45d0958eab969f8239ae4bc5d079063adbcba6cfb65	0.5749532263797353	0.6241052935795199	0.0491520671997846	0.10798972534491921	0.042536148625866084	0.0	0.10798972534491921	0.042536148625866084	0.5058985091851727	0.49949763847308526	False	False	True
product_exact_summary	product-4x4	8abbd58b3e53314c3da533582ca7836bbf54cffabe5b53361c4114a834276198	cd88fdf8aea858aa12249835e6db3aae290f5a64af9c782bc578e4eff6518304	0.1212023132719835	0.1351105807331743	0.01390826746119081	0.19469552524465863	0.09761763468477724	0.0	0.19469552524465863	0.09761763468477724	1.0739130175954585	1.0941362208545788	False	False	False
product_exact_summary	product-4x4	8c409597ae9550235e87d2f6fc1cbebd56e4f12d73090629af875822ce09731c	4963e061142f7baca88b59ffd73579839a2e2059eef3a1a6df8007ee67332ad2	0.3749958077143183	0.3824694748968199	0.007473667182501642	0.18668539955496305	0.2646458882216971	0.0	0.18668539955496305	0.2646458882216971	0.5792329429169129	0.6392653054574032	False	False	False
product_exact_summary	product-4x4	8c6b850a07d4829b054f2c1556ebb4d0505114115780bd549bae208713284299	9011104de3436d8786ade079b1de235829acfd13455c97ce1ddf0e450dd15e37	0.11657297202849971	0.11935883299165116	0.0027858609631514486	0.290775855803593	0.2398784868593194	0.0	0.290775855803593	0.2398784868593194	1.2958954592470326	1.3161996849221473	False	False	False
product_exact_summary	product-4x4	96ca20dac14a2200c029a4e1fe6c8177583f9988e273c5a65132dcac79c7ca21	23141be148c30781dbfbaf3d161db44852bc096487ab388b7ffef2c4899f973c	0.036281394214758844	0.07342103569906663	0.03713964148430779	0.23163364836490918	0.30434772764743245	0.0	0.23163364836490918	0.30434772764743245	1.7350960375025308	1.6709370356904218	False	False	False
product_exact_summary	product-4x4	9759640eb5c85dfaa20957b4a89ee2464613261a2fa67cff112e829bbe67bde8	4d6949747d6af5a10ce76006e8e0be14bc587a6d83553b3ebe32dd984f77d8c7	0.5195085087818084	0.5929427725405406	0.07343426375873219	0.1168146256679605	0.1148489619080583	0.0	0.1168146256679605	0.1148489619080583	0.5490957512547601	0.5529836525353194	False	False	False
product_exact_summary	product-4x4	994c146be1056ab00e3dc04bdccb8da88af2c05d905247863c859025a81df399	b82d74ac669d0ead0893b573007a08a01b02f14e80552d4e5373ca63e4051e90	0.4070403568588896	0.5238758751393898	0.1168355182805002	0.1481910158723419	0.10158933456752176	0.0	0.1481910158723419	0.10158933456752176	0.6322814603020309	0.5949505870879603	False	False	True
product_exact_summary	product-4x4	9b7ed4242de3d4f038ad79b5d67b0c62388b909dcb5f82d29b04521878af7724	c5df437771d2071662ff4286bccc5a8a60ba92fb72250998cf759832c60d2b94	0.057348457631557666	0.079525344226255	0.022176886594697333	0.26273393981244125	0.21809655502418185	0.0	0.26273393981244125	0.21809655502418185	1.4722733181341532	1.528827987236784	False	False	False
product_exact_summary	product-4x4	a8bbdad8805690fecf9b1503adbe8cdcab9e5b4780ff60acfc49893ecf55da5f	6bad68162270d422b8c6400e59f3867a1133362c85bbac258949457b45c06f73	0.04683163298749503	0.054540081660200045	0.007708448672705016	0.3757722618481166	0.6099232287242792	0.0	0.3757722618481166	0.6099232287242792	2.0370947342808097	1.96700087945192	False	False	False
product_exact_summary	product-4x4	ad3ca6dcc9f99f9c72cfdcb48d32efdec986872858bf74108c03d28df550ad87	ed1e36f72b12dc4c54e1e5b19310f87c77b2213d06f5b717e8f5b691cad6118b	0.09702695814054184	0.10408223119505183	0.0070552730545099945	0.21152354725663483	0.49882245597953795	0.0	0.21152354725663483	0.49882245597953795	1.4468301487597401	1.3798185617789869	False	False	False
product_exact_summary	product-4x4	b084b47b47147a46bd897c70b5ddfbb1a9a2d358ed0c3e583f4f64fd187dca9c	bfe9e2088086ae1cf079f7b4257fc151ba1814e28cbd626d8895fc2baf44d5a3	0.30972014592386493	0.3140403475701725	0.0043202016463075865	0.3303638728247323	0.2454545049147184	0.0	0.3303638728247323	0.2454545049147184	0.6928362464176301	0.6568247093830547	False	False	False
product_exact_summary	product-4x4	b796c74bc788674ce63fa0effa4bb444e9dc0f6a98faba7658f6bd4c76b94b04	d530ffd26470eee302bc2e1bd711cba6b10866c76960306dca84a09575cb3480	0.44964618103998977	0.5576801152983051	0.10803393425831531	0.17815949385044644	0.19684904327234667	0.0	0.17815949385044644	0.19684904327234667	0.6021574919887368	0.5395609621178238	False	False	False
product_exact_summary	product-4x4	bc251c7600341819f6ce360eb0d56c7cce665233cf49eb2169c3e738e766399a	3def7f0876617b0d97645afe6c156bb4dd1a4ea0df4b13805adf731c57183ae1	0.6409061672748385	0.6570825242207551	0.01617635694591657	0.14191375279197443	0.12376565072523558	0.0	0.14191375279197443	0.12376565072523558	0.5049589761483516	0.4794454397696726	False	False	False
product_exact_summary	product-4x4	bf18a880b2fd9283c2accaae22a3ad44a7664a7b792c32a3d84c4113a2e80263	33f28608472122ff0ced178bc6a03ef7594fd79ac2781025858914bf5776db7d	0.030838570462062984	0.03126777663347216	0.00042920617140917647	0.20228382776508746	0.20056852870099537	0.0	0.20228382776508746	0.20056852870099537	2.660646006902646	2.6525874468648056	False	False	False
product_exact_summary	product-4x4	c1698ed40d24788b3882b8abb4226e7481e4eb5c9e5f6d2c637f100dc1796e4e	988fbeff187ba39da8b5c3fd697e3d8c1abccc211f84c202e632235c11221c09	0.5610815675589176	0.6418805439008156	0.08079897634189803	0.3500459565791842	0.25368110741174843	0.0	0.3500459565791842	0.25368110741174843	0.48734039234454685	0.5142654858734205	False	False	False
product_exact_summary	product-4x4	ca02ba26dff65c9b67a0f09eb5967d5be495c94f6e541ad8cc96b839714bf552	a1dc7a009c6219851007ae62f65cd090aa284ea054af825ed9b1ac04473e47f0	0.6237310456038816	0.7864121397554283	0.16268109415154675	0.08131180433424012	0.04421193116220611	0.0	0.08131180433424012	0.04421193116220611	0.4484997647707036	0.4736719536134014	False	True	True
product_exact_summary	product-4x4	cc9a117cf051b3bb4a527327eb74e80c9f340dc894a4373c31ec3ef7d17f08cf	eb8fb7c2b38a3f01d35b724843073f704a1bf56a8cf41718be0f2563d0bb89f0	0.30348382583889183	0.5444610968861984	0.24097727104730654	0.27457583132024177	0.3131662633000148	0.0	0.27457583132024177	0.3131662633000148	0.7496531395453898	0.5054847846388267	False	False	False
product_exact_summary	product-4x4	d17185e5a71222dd8606513d7b30f3974ea4e740b846e6b52ee359b5fbdbad59	02c02b67aaf119514c948c510298b589a98e1783db3354e80b94e9db8ac3458d	0.006494537645602579	0.00855139617158353	0.0020568585259809506	1.024020935550238	0.6111256845812314	0.0	1.024020935550238	0.6111256845812314	5.768626806772342	4.826296793521617	False	False	False
product_exact_summary	product-4x4	d554102a8c5e09024c7ef75b170017e32c78e556ea9c7cc848670e56c40a18cc	3c6af814d4de93b497ab958ccc456511b13c0c1b3ad3f79158842bb4c1263d9a	0.30037647953056607	0.3826597148329029	0.08228323530233683	0.1179598061356909	0.11505861388830095	0.0	0.1179598061356909	0.11505861388830095	0.6424109919061278	0.5579865591564424	False	False	False
product_exact_summary	product-4x4	d94ff731e585fd148320db95fe39ed3ad00a71d77a792e2aa04e405891d8a9af	359762829df5ea4ce3b877db61fbb045e3ec995cbd06bd6d60bb0f61a7921501	0.0570379391763049	0.06889255815234535	0.011854618976040454	0.39872851093905887	0.2818055984750993	0.0	0.39872851093905887	0.2818055984750993	1.7666310106917522	1.5418343585615424	False	False	False
product_exact_summary	product-4x4	f51874e0137d8219e94c95b0707157b3fd6c02b72a72399e3bff55ae5009fc34	68ef505a33df6a95148a1eab016a01b2c936e07fc7bd0c5ccc14f5a1818b2fde	0.31863359620377296	0.3981810259378471	0.07954742973407414	0.15155866767445222	0.17935684962204473	0.0	0.15155866767445222	0.17935684962204473	0.5539722649645765	0.540292682117673	False	False	False
product_exact_summary	product-4x4	fcf5ea845ba44cefa411ee5eff683f02e13cf20f13a955c8ec589e87f9bf730f	5b6ebea7394aa5caec80ac6512c30eded813e8b9a8630ac8283fe349c46c3477	0.3900644094575824	0.6718565589594963	0.28179214950191384	0.15313421994333873	0.32342926290043	0.0	0.15313421994333873	0.32342926290043	0.5831689896586152	0.46296717489666145	False	False	False
product_exact_summary	product-4x5	07b92b8f85212655126ed0ec42246ec8e939fa18be7cbe66c5309e84ec193f2c	9e5262ab1bea5a8764d2d5db0750db0898ff2a9ba4a081acbe00f6fc332f0efb	0.24642979947697666	0.2782977273604905	0.031867927883513864	0.1743537166224643	0.15392937140884957	0.0	0.1743537166224643	0.15392937140884957	0.666550571728185	0.5750963778088607	False	False	False
product_exact_summary	product-4x5	0a21a4e7324eb51caf28e02bfef7141c96fb84d9876f9e688fcb144a24de7a5b	41e47285bd308c955c2efa2619357c8565b85161cfeb25820ae08e852b4d1692	0.4823318662103612	0.6426240280916096	0.16029216188124834	0.13082386824608144	0.1180980698859785	0.0	0.13082386824608144	0.1180980698859785	0.42354532673888456	0.41036428522806295	False	False	False
product_exact_summary	product-4x5	2347dbb4e516d239bb9e12de123f841c87b09111d02e5fff5fd06aa27291f32b	1c804ea08b0a174dc6b145eba2aef023f3f6ecf1cb2c880f3037b24847c50bfa	0.03158138998489366	0.03435594357709221	0.002774553592198546	0.6603187075214231	0.6542438565208172	0.0	0.6603187075214231	0.6542438565208172	1.9025970711013283	1.9988569705993977	False	False	False
product_exact_summary	product-4x5	26d741b08134c29149f469ec3669530c974b8ee44bb54a08580e3c049db0f4ad	e685299ddf37467c9755b1dd3d0202ee65f19cd1acbc19d9d6045e2962011164	0.29816135513240827	0.30638417609820523	0.008222820965796962	0.1156161199325367	0.23114534009958113	0.0	0.1156161199325367	0.23114534009958113	0.5939493141146686	0.6210932135772381	False	False	False
product_exact_summary	product-4x5	2c21b86f83adc1eb9fa5acdb2667dcb0568966488b80eb3ed4d3a129922b8d88	dab62295d50467b78497f7afdbca3187a91a85520835b6932f4169e2e047dcc3	0.50606588864864	0.570789510972227	0.06472362232358697	0.038183532604760685	0.060383032286193655	0.0	0.038183532604760685	0.060383032286193655	0.42034485017452483	0.4204150725706314	False	True	True
product_exact_summary	product-4x5	2cd5691691ab87e41e9f9dc94a0425e4b1e28259b9669987d15f666465ed97cc	0b097a619ecd3a83fa3b9078e441f9c527f1637798adf98038f544ebb89081f4	0.21768498597678604	0.3097330131865178	0.09204802720973176	0.10854763311367681	0.09726063586879224	0.0	0.10854763311367681	0.09726063586879224	0.5879414489911315	0.5902698135792951	False	False	True
product_exact_summary	product-4x5	30c5f18dd60d84b79bf8825290b44096e3531d30a4b49659f423e941022578f5	a1724ec9a83623f6110591023db4b5d0b8752e41a124d9b91c7a20ef16c68355	0.036031864328117176	0.047316819202882276	0.0112849548747651	0.18172101450616993	0.41257205994961177	0.0	0.18172101450616993	0.41257205994961177	1.5393553592092644	1.6429285354958556	False	False	False
product_exact_summary	product-4x5	3a85c139f521bc68b89b0f7d307f11d5a4b032cd24e24caa0be1fa25fd704ebe	ed74bc73242eb55142791d4d2c1ace526c0a88e628f07f33bb92492a895d96f7	0.17365182387831463	0.20547671005024973	0.0318248861719351	0.2199937868259762	0.23386393414492582	0.0	0.2199937868259762	0.23386393414492582	0.6922271380141658	0.7654162755041265	False	False	False
product_exact_summary	product-4x5	43ecede506a6360d044c01b3a56bef0aa0cacd75198ebef0ef355b9091997985	3330982ea0abea7a79fec28aea2ed111283b7a59472e63d9a3c9e700faeeff79	0.5032308523465117	0.7058857694140457	0.20265491706753402	0.17766251199833252	0.07821845854296944	0.0	0.17766251199833252	0.07821845854296944	0.44082173378599676	0.4206227554620686	False	False	False
product_exact_summary	product-4x5	44aa3f3f7e69239b63d37f76b5cfa3f89be8af917009edbe466a53ddfa275566	e871100fd78e93690b0fbafe790eb5c1df4e40724b084544b06efd4936e0d233	0.10876492963410281	0.14220471587442965	0.03343978624032684	0.29689627411774144	0.5448889593099887	0.0	0.29689627411774144	0.5448889593099887	1.0413217902699852	0.8979058132080069	False	False	False
product_exact_summary	product-4x5	570b3eb25ff7ccb224245144235aee627266c41fd5d02e7ce4cd97e87dc92386	595206b5ce6a325fa23379a66548297bcac58952d83b11a08c27af857e614431	0.531346607943871	0.5647873656293638	0.03344075768549282	0.21762898438162762	0.22088784690045588	0.0	0.21762898438162762	0.22088784690045588	0.45402173071740193	0.3943620257196449	False	False	False
product_exact_summary	product-4x5	581ce23483563feb5f15e8b001e478905905e0ca64b13bb1f08a39fc7561408f	daf9f91bf6e011cf1eace36d7eec36f040596f7540fd7e536a137c752217d9c7	0.2344467024232603	0.26685784576062344	0.03241114333736314	0.24432458035988555	0.1048793173472871	0.0	0.24432458035988555	0.1048793173472871	0.5042946627278476	0.553363315448054	False	False	False
product_exact_summary	product-4x5	6067d928032f0ef1c34024ef17d0f64712b59812738449801d70eb558ea6a43f	353811f21cbdf8ce44dcab5c3366b49b5af17565e9e32658f896eb078b211679	0.09069583174238735	0.1494204481192233	0.05872461637683596	0.341746305181784	0.14047281358230668	0.0	0.341746305181784	0.14047281358230668	1.0857089739471162	0.905949485312383	False	False	False
product_exact_summary	product-4x5	60803645cb6ac24c2b90b2096907076f695916541023ec03655a6b66ba80144c	2ad0c101fcbb63450520b2999827844bcfd1d21266ae4d5cd33b695c56a783c2	0.589280905501555	0.6029325095646154	0.01365160406306043	0.13699377610277394	0.1001691317902084	0.0	0.13699377610277394	0.1001691317902084	0.42599485732269576	0.4348314849559531	False	False	True
product_exact_summary	product-4x5	64e9b759dddb9de135d396616cafc594816c8e048a28e74a1a0e34654d3438a5	d56b66a97ac7d6db6b1ffe55aadf8e9abd6c1f6b8726cc25988e31e6bb0a2a22	0.5093624077299337	0.5272039836073059	0.01784157587737223	0.1265397755485688	0.04836346386140962	0.0	0.1265397755485688	0.04836346386140962	0.4363801768578254	0.4258519024749986	False	False	True
product_exact_summary	product-4x5	6fdd346b00f3cbb19e1a4644c87921a860d6b9d551bc0cc55907873f56bef949	8cea39776e2895c07671b90e77d359f4cbffe83df1958ae568290141aca1d910	0.420887190312085	0.45885156632463775	0.03796437601255276	0.16061541869885199	0.1140063981746777	0.0	0.16061541869885199	0.1140063981746777	0.5246059091655328	0.4627688764673588	False	False	False
product_exact_summary	product-4x5	7018142ee45d0c36aeb03b206e1e33d62729f181618789663796aa669eca8b46	bfc36e13c00695b0f0df7eb439738cd5637a86c01978c623c9cfbbe5d3346621	0.09194243880531734	0.11252111587902269	0.02057867707370535	0.3141861237483635	0.19027180167487892	0.0	0.3141861237483635	0.19027180167487892	1.2072131684697234	1.0583774529958847	False	False	False
product_exact_summary	product-4x5	7a5f5d7dccca735abc2785b3f2f99cad12eca87d94f0405750d86ef68de26ca7	443dc8a3fcf983f3b1bcd01c4c818ed6ef8b6c0bde64a9285ff775dac4d5a110	0.02195903183209166	0.02753163479764526	0.005572602965553602	0.4870465378848463	0.8612926709658196	0.0	0.4870465378848463	0.8612926709658196	2.2589488321557405	1.9355549109426105	False	False	False
product_exact_summary	product-4x5	7cd47df1bc9512b3192f6762ea25d44e538cf091dd99f230a7897b6e124fea21	402c4aa9a7f251d7812f653941f1b175a15c1404a4b1bfc0411becc70a308b81	0.5608440383694536	0.6118513417161194	0.05100730334666581	0.08955288226050646	0.07220560509769328	0.0	0.08955288226050646	0.07220560509769328	0.43473827957643096	0.3949982563611143	False	False	True
product_exact_summary	product-4x5	8478fb2dae5613a377875476db69a7893bf7447991bb1b38b8bfff308e9fa56a	2680e2f2c605659a9364ecb79ca712e7252f19ab019595caae8b4b5ffb97d376	0.5217088438647014	0.5336183717107028	0.011909527846001411	0.18060332282452213	0.16171821720312235	0.0	0.18060332282452213	0.16171821720312235	0.41125125328855844	0.4237165455021363	False	False	False
product_exact_summary	product-4x5	87b36861a0cfc036c3782198ca2b7a7a63220e05e161023994e9c6305b834a02	489210776882a159a7e81cce715bbd7bd75cd256013776ef05b10a13b0a5e2e2	0.6108937410767903	0.711857724891617	0.10096398381482674	0.09523101966985578	0.1751791117195753	0.0	0.09523101966985578	0.1751791117195753	0.3568514170162191	0.36990500260335707	False	False	False
product_exact_summary	product-4x5	9a3c241408f02fb03d0875deba01ff037da6be2ef8fcc808a64ba25090ae034f	f3e233c1183026d2f76c3b5828eb94267d5301ed2106a9ce4b51c138ab1db8c5	0.07215111863888424	0.08742173125387265	0.01527061261498841	0.464149356828324	0.5799515640008727	0.0	0.464149356828324	0.5799515640008727	1.3490477295184613	1.1286935046728885	False	False	False
product_exact_summary	product-4x5	9a8dfc9d9f5ec383bcef9e5c55361915e0df402e6de3a93c24773f7f0e3fa621	8409f061d2981f6bb6103e781867d5ea864b79895444f566f48d63fea75b2ad6	0.006706281090478754	0.007506253726365799	0.0007999726358870448	1.0135200396610449	0.6542109691572184	0.0	1.0135200396610449	0.6542109691572184	4.557239097449652	3.845327238871249	False	False	False
product_exact_summary	product-4x5	9f56f4fdbd443b6a54c09cfce9295d8f287e421aac7551be0f6becabfd80b9f2	b72e1dad6b464eaca44a73abe3d3fc5a452fe646aa4b872e7dab4293752bdf6f	0.4722588562113077	0.662132437521877	0.1898735813105693	0.19159898562121	0.18779265013932006	0.0	0.19159898562121	0.18779265013932006	0.4285181411119189	0.38961398335420067	False	False	False
product_exact_summary	product-4x5	a00726d84e0fb076522a0272fe4a46e1f1778debc77c7941474f2e5acdd8646d	36e6eba502c2980399247192f61985516844fd66e587b1ec3146b5a504a69eb1	0.6378183582875696	0.717604469238773	0.07978611095120336	0.1194879737695269	0.06471475755513674	0.0	0.1194879737695269	0.06471475755513674	0.39685947617961553	0.39132838740528014	False	False	True
product_exact_summary	product-4x5	c5ead7b480b9bbcabcfd2eec47d1606b18735513fffd752e54992b023f9e3f07	c879ac0e09156e6bcfe1f4f2dbe28e26329118f4d9baa0d19b2f594546e562ca	0.519847543029891	0.5994266691954341	0.07957912616554308	0.08189273345937814	0.08126656599308635	0.0	0.08189273345937814	0.08126656599308635	0.4312104082524758	0.4115428480539263	False	False	True
product_exact_summary	product-4x5	c97618f894bab72c1b3b88cbf149b779b5acf4694e734051648ba9f9696043e7	052934198bba43bba3fd26a717f0d2dacabed96fe47ee51f62e0c2fe08171cbc	0.4410283978841713	0.636225288415579	0.1951968905314077	0.16658817450678895	0.26522170494707964	0.0	0.16658817450678895	0.26522170494707964	0.48053766334932313	0.4027383507912029	False	False	False
product_exact_summary	product-4x5	cbd93039bd709526e62a29887981912725e9953148e24b4ee2f4a4f85aae2d2e	1d679f47121999f1a02200049e8fd0ff9b8be0031bbc9d5d13cf16964b9c0249	0.3736057961794819	0.5586789802779948	0.18507318409851287	0.5118087445096218	0.2854893219051133	0.0	0.5118087445096218	0.2854893219051133	0.5692236082701695	0.43571922958043025	False	False	False
product_exact_summary	product-4x5	cc743e74b95f124cb9a47003a35779a9b209b0e4376eefb9ea69f420f258eee1	13347dec4fe7c4ce5bda09b26b0d35dcc06013e9d0d7079b22c152718aba14bd	0.4475092364092582	0.6244380496831692	0.17692881327391097	0.24382349391264932	0.16604844001060415	0.0	0.24382349391264932	0.16604844001060415	0.41424426048114654	0.39293685678925216	False	False	False
product_exact_summary	product-4x5	f08e340df648d8fd3534c5ff3aaf77d8329bc5f2d4d6c311297b8b247b8505c7	127a31017a2a6714dbac7247925720104dcf7dbae2c83f5079d008f7a0983015	0.45548516894503227	0.4564135126448268	0.0009283436997945538	0.20542021343528685	0.175759381626123	0.0	0.20542021343528685	0.175759381626123	0.4979716773958819	0.4997102173911394	False	False	False
product_exact_summary	product-4x5	fcf5e7636cb40b032ff841dbce5449badbe747f1f2027a2fbe268fb549511639	41d8d542219b9b1a860a82ca7fe4a9c99a6ac9d51270b78dcce332aff6748f99	0.006249203840549059	0.009600152821902016	0.0033509489813529567	1.3739590889948252	1.1917605473442874	0.0	1.3739590889948252	1.1917605473442874	4.870368048243644	3.9169650941559455	False	False	False
product_exact_summary	product-4x6	179956d26459e299773e8fecf6965ba1f555ece0294b6a7a777193ce3f6f7514	654f6c8b7898842491b55bc15de39397ca0c213397fd0a95490b50149542556d	0.4176622366468045	0.5239302662972801	0.1062680296504756	0.26663970404316595	0.41262245757755006	0.0	0.26663970404316595	0.41262245757755006	0.3813014582351198	0.34273839943068024	False	False	False
product_exact_summary	product-4x6	18d62dbea480634f75558d9d6fa1bbef04c09ec6006a358fd2a02702d535619a	c44c44e22598730c9fce3db47508730c361e3e57fd35c969f8dbf5f01c03161f	0.2641512107268322	0.3258661576619828	0.061714946935150616	0.0800929839944537	0.12278565316257685	0.0	0.0800929839944537	0.12278565316257685	0.4718537548805922	0.4305917469482848	False	False	False
product_exact_summary	product-4x6	19d36d7f06ed876ac394489ae65b41ce7e9d0ae1c4bfac6a5b0dc58172de0dde	d881f1ef22343ec6f3deb3ea54fb163ef554115f10f0a196ae926329f30ff9c7	0.05749176619441284	0.05931736736499385	0.0018256011705810107	0.8210099286348383	0.6767252339852677	0.0	0.8210099286348383	0.6767252339852677	1.057243441505709	1.1149204234395451	False	False	False
product_exact_summary	product-4x6	1e69c8e1f8f8b790c98c39c62bfae2b69545f9ac33f059d139e80b56b160ebf7	89cdfdcf971d429c1413761941138392c706f8fd9b0a3279482154916cf99750	0.7539829879543716	0.8292665551981732	0.07528356724380159	0.13117129757468207	0.02460316141713583	0.0	0.13117129757468207	0.02460316141713583	0.29958683583659784	0.3142599237900808	False	False	True
product_exact_summary	product-4x6	40b5688c4d6efc805dba5c6e88507a7f59fc3e435e11f05be07a9c75d73d3a29	28293aa8c869d8210243ffd4037b4e94d0625406cb8d85f5584d46d7adca4c25	0.3693064916632299	0.6500734915846352	0.28076699992140536	0.13901171701478837	0.07720800445646497	0.0	0.13901171701478837	0.07720800445646497	0.3593988427125264	0.3150222765821526	False	False	True
product_exact_summary	product-4x6	57cc7f7a16f17d93b7ac387ccd14e955c545abdb2f51cb92f79fa8a006d1619c	f54ce767acfc4a02b2b8f7086360f119d02f581b6b59a5ef7d78190fc88e737a	0.5278185701627545	0.5696517835780543	0.041833213415299886	0.12835034522678	0.04880515919033067	0.0	0.12835034522678	0.04880515919033067	0.36686501162497764	0.36848221973038886	False	False	True
product_exact_summary	product-4x6	6c3c07daad3d4916adffb6a0b1d1cd205e43de46f18d950c576253676396aaf9	09977d4c6ca7ea0b019a3ef8234d7e46b4eb5839fa4e57f8e777ccf1ff860193	0.3654932097595779	0.4179502252973061	0.05245701553772819	0.12721701954380835	0.0400050947478469	0.0	0.12721701954380835	0.0400050947478469	0.38667670678216165	0.44545794773157416	False	False	True
product_exact_summary	product-4x6	7f21a79dff7974bb6b593df996c5275825310f5f05bbbcfd10b0b56c40c937e4	49862f1baa3e795176c711fe67e59aee629a4f3e161e634da2c5c2ecf678d0e9	0.05669509541510479	0.08091611339804068	0.02422101798293589	0.28211103550982325	0.3486572144440677	0.0	0.28211103550982325	0.3486572144440677	1.355017568980248	1.0968488573269795	False	False	False
product_exact_summary	product-4x6	9efba939e2951cc49650875055a76c2fe039363c03ff9bab2557fda039f424e8	da6e6167898500ab9415ba320b333881cd96c80e0d5b0a184ec1c15eab2847b1	0.48534582101673157	0.6867304992398022	0.20138467822307066	0.06224928882003432	0.07914122996625053	0.0	0.06224928882003432	0.07914122996625053	0.3609065236786596	0.31959168901328805	False	False	True
product_exact_summary	product-4x6	a6e04b98dff9c96984a4329af2cd44992e4e866c831a479b35145023f1d1970d	51fd167cdd7dbbf437352c5ebe71ca2ec54fcdcc23e38a4fa39d6d8fc5d217dc	0.18191043891660288	0.27334126046209434	0.09143082154549145	0.19810273768111286	0.15003842315509022	0.0	0.19810273768111286	0.15003842315509022	0.6067833574618022	0.5983818682147087	False	False	False
product_exact_summary	product-4x6	af50b49825de6aa2cce141a17887c4f6bad7408376d128d1ec50c9ff7fe45def	cda637d6e9a7425c22fcb5e26fab78273ead750603903f84ff3aca44263336a7	0.06993411398234956	0.07693231680662532	0.006998202824275768	0.21647204856575425	0.33575329365898215	0.0	0.21647204856575425	0.33575329365898215	0.9408064509398598	0.9191014211151765	False	False	False
product_exact_summary	product-4x6	ba3d9a99f0c591b5de3f75aa3f757ace98986a047eee5cd075cb45a9f29a3436	7dd83e927b3e34d16f6ce1aad564e99d1bfcfc1ca69dfe639a93f26a90c5d49c	0.6009273298313048	0.6263466081948785	0.025419278363573716	0.07848433065208975	0.0687606915116886	0.0	0.07848433065208975	0.0687606915116886	0.3529323095423537	0.3437113622677473	False	False	True
product_exact_summary	product-4x6	c3447f76ea0df204c7f43b1114ae079605b94a6be593327e2c31b6fef628438a	5ed11ac16f7ca20ed386d90cac2e430be5b2c6879bc52aa4225ffaf9230ed18e	0.49841793430682757	0.5697902153117775	0.07137228100494997	0.11833531337372215	0.05895110344866405	0.0	0.11833531337372215	0.05895110344866405	0.34260777578291884	0.3337493583379769	False	False	True
product_exact_summary	product-4x6	de41d1cfa0c2b5b4de9e5c30b94fda20ca3ea73662da730b2301d74a2ed154ca	80558874e0d8bf4ea11f388dc7c306c8c5d4ffaaacbe810fcce944bf789a4582	0.3353845939843108	0.43582126037522984	0.10043666639091903	0.4339548439568084	0.2595276566135324	0.0	0.4339548439568084	0.2595276566135324	0.478060245263498	0.3797395843502903	False	False	False
product_exact_summary	product-4x6	e5afaa931d531e4f39993e4c5c671a8d4bb51781cbbd78fbba44bd3806972c99	195cdc22bdf4f772022bc893ac44f6d9f7f339e1f898e44bb4af02845f95d826	0.02444392362890762	0.0501036032418	0.02565967961289238	0.7715724550434323	0.7770699861448881	0.0	0.7715724550434323	0.7770699861448881	1.9498410669173083	1.4021968131303992	False	False	False
product_exact_summary	product-4x6	eff2a62a7753083bd135d6d9318fcafe0a96f3e40a692c449e654495349b17fc	fa89f701fd61bc08fc6d3adb251bacf7995e0df8b78150a89df70bfb4b463fc4	0.6466629749208963	0.7856171828823829	0.1389542079614866	0.07824988089927759	0.062470000785799853	0.0	0.07824988089927759	0.062470000785799853	0.33410926794798124	0.30883280500034843	False	True	True
product_exact_summary	product-4x6	f12375973e9544fb3ca024d700509859ac344076bec506209b3c6c98a86385c6	d7611eb868fb6fb76e4aa9a4909b845f15038e9615040231be9d4110a095e351	0.4205585942397577	0.6929739024920833	0.2724153082523256	0.05539274955609465	0.06176803399143019	0.0	0.05539274955609465	0.06176803399143019	0.30874717145004765	0.34360031825297627	False	True	True
product_exact_summary	product-4x6	f6a0eecfc30d66c31bf8f568adffa371a3776d5e91a25fc3106da331960b9002	3139abdd1f40b8f1726da10b4fd5093b2821f31b7ae8d4375755e5c3bcd99b5d	0.25944946070449504	0.4403431273005727	0.18089366659607764	0.18014691818485215	0.06741392624343552	0.0	0.18014691818485215	0.06741392624343552	0.4113227250139678	0.3713996078044612	False	False	False
product_exact_summary	product-5x5	0bf84885fae28debba9e014e5ca1ee9e8017f4a2b103583b8f11209aa373c9ec	a0789f78dab9bdfc8811384dafaa36835c9c7ac5708e62f76b17f3e6bfb6da49	0.2460337104802847	0.3451553829974039	0.0991216725171192	0.2553413143492416	0.11503037768813872	0.0	0.2553413143492416	0.11503037768813872	0.5768749362084781	0.4730392029607678	False	False	False
product_exact_summary	product-5x5	16243c20849e0bc9c5a14a06edc23d046b04334e5c9ff6033e993b07bd30eb71	470595a375d9cd3fe8decdec96055c910887cfb0b3dce33e5a9b7076991d79cb	0.1269881496417083	0.15090184888615718	0.02391369924444889	0.19698415868127936	0.37409466567513994	0.0	0.19698415868127936	0.37409466567513994	0.7864780327262969	0.7156588427632374	False	False	False
product_exact_summary	product-5x5	162b57c2f639943e1915666a8e1a6bd515d3a3583c993c2c0ec6c0ebafb3f809	a7e50a1b6172976a25ba0aa6562b7c85baa197267b7eae309bb2211d1f02e69e	0.19942795040765007	0.28832120096630115	0.08889325055865108	0.255465082238232	0.2026052820394778	0.0	0.255465082238232	0.2026052820394778	0.5278928353518487	0.5272201516794306	False	False	False
product_exact_summary	product-5x5	2372ca2e1d9795ef77b931ab2cb9ee32fcb320158b6c3773feca316b45896d30	167bef1d316129d19b5e32c9d5938457442d9a86b529534e1a30a6784b9020c0	0.5859494492230907	0.631895947914831	0.04594649869174028	0.07308603064979205	0.058637358021001	0.0	0.07308603064979205	0.058637358021001	0.31680847353562885	0.32754925860434886	False	True	True
product_exact_summary	product-5x5	251ae7c2423e48e46b28cda137ac6c59011a79d17af525102835ae243a305045	71f932ed06d0caed4eae1da72adffe2b3881b660b5ec20df56894e764ccf1076	0.20025511518159675	0.29550459664271567	0.09524948146111892	0.3482122234757799	0.18241617138073546	0.0	0.3482122234757799	0.18241617138073546	0.620290109982861	0.5301904026974879	False	False	False
product_exact_summary	product-5x5	266cbf11f0eb52171aeb5e299ecaf2e0bcd852ec464395542cf1e0e515c904f1	793612ec7ff5820dbc30a7327bba5c3328fbaedaf87892900e298a6e14ec7b25	0.18578172375341945	0.2709341669355503	0.08515244318213083	0.45023983965220254	0.1890374744017444	0.0	0.45023983965220254	0.1890374744017444	0.6671374471396488	0.5313511973363558	False	False	False
product_exact_summary	product-5x5	395a839286f2247099b38ebb962f2f35ea7b50a3f1bad4254de3cb71688c1c2e	4996ec5c47d0414a1df470eeccebe036dcfa836fd6a1844bf5daf2e5f4b7e3eb	0.3495051393354172	0.7312153277034221	0.3817101883680049	0.2660496281824687	0.2734537109920107	0.0	0.2660496281824687	0.2734537109920107	0.36412913757148907	0.2746348235742518	False	False	False
product_exact_summary	product-5x5	48de8b440c33efa47fd273a3a8b956e24aaa70a73d7a6612e566c3fb03a6aca2	522d27f571c6467f4b5c530780f434b6e3e12dbdfcaad488539e108556fbe40a	0.5156769619016851	0.6477012171258102	0.1320242552241251	0.07670401103510884	0.056344197871741004	0.0	0.07670401103510884	0.056344197871741004	0.3203912515007465	0.3265360655133423	False	True	True
product_exact_summary	product-5x5	5855c894ac34934cb46ffaed837d1e6d6223ebe75665b29bafe3197bd845b369	d70c00397a6d99f7c5666b4fe7c2774aeaa539ff189cb53fc0c56efdec0725fb	0.025462135976958088	0.02795102272094637	0.0024888867439882834	0.3304644763018677	0.47193721669499716	0.0	0.3304644763018677	0.47193721669499716	1.9831088319961843	1.8918327776067816	False	False	False
product_exact_summary	product-5x5	5df8c086b5c3daedc46d5f562647c91a5e1ca47e5580fbcddf6c8dfe598274a9	b631bb0ff6c17675b01344cd5b7bac89dc584de81ed2da2236b5d6c99613ea88	0.2384206228913134	0.29309023472301626	0.05466961183170285	0.1399749790561721	0.11279874175338567	0.0	0.1399749790561721	0.11279874175338567	0.5137237701225493	0.5207030060035812	False	False	False
product_exact_summary	product-5x5	7e7f7170d274505acc29f560bb5a839d1757cabfa384dbe38339bcb29f82fef3	ac73f19778a72e112928e048abfda0e5b40ebbc7061333d17c18f7b8873c84ef	0.4745131527748323	0.5355571637457127	0.061044010970880414	0.14260827621825695	0.11415008343639746	0.0	0.14260827621825695	0.11415008343639746	0.3642386865058524	0.3766737333577347	False	False	False
product_exact_summary	product-5x5	8170b045516110fe97d702661663730c2b6ad346219615f43cebaadf8f6c6e83	04712b93f9fda25a160cff91cda6726d484be9e41d3c2312c9b270a6e2c2553d	0.2344632329995451	0.3277193754099262	0.09325614241038108	0.15494172961000527	0.04633267064328039	0.0	0.15494172961000527	0.04633267064328039	0.44314825074273473	0.4882593175433405	False	False	False
product_exact_summary	product-5x5	896738df358f6edd9db25fbca5e6c6c0c088f53b1808383c3917b81bce4e909e	11e1565617bb1a8247f362427e9facbe10cd4e2d5ab6d734a5648d9339bd9312	0.41027170707635063	0.57344573704307	0.16317402996671937	0.10836567391042949	0.055110692897491396	0.0	0.10836567391042949	0.055110692897491396	0.3223018935916458	0.324471550064433	False	False	True
product_exact_summary	product-5x5	99d2a58f60c973a617ea8b8ca5c220f20e0eddca499ca8f0c71c859ebae24bf1	8234b248b0b2565273b8255d08b1ac6a153d6f85301dd0b190ada5d0a7743672	0.43933648758523197	0.45407625290273385	0.014739765317501874	0.23990684769771337	0.10872627325575136	0.0	0.23990684769771337	0.10872627325575136	0.30492875776239614	0.31960174896588767	False	False	False
product_exact_summary	product-5x5	99ffd9834f6c1f8b600cd1f96e5f4c0ab71f0a6a63ca477eda365728eaff5d0c	6e306b8e9c7ccd4df172ed5d77424d13f0779f54c4a4a2e49ebd5f2a308169c8	0.4192718241330427	0.6139072054823795	0.19463538134933683	0.15722680195871389	0.06817609000352659	0.0	0.15722680195871389	0.06817609000352659	0.3629293867044614	0.3319476761294751	False	False	False
product_exact_summary	product-5x5	9d2d6a667cc27dcde33264d37fbd4fb5e1231e0012e7bc2161a55bcb29bd4f4f	962c74181ba884f5e9f420aea5fe6eae8f1cc5210523dcfb038cbe075708ffb1	0.42830869588385256	0.4866010198294855	0.05829232394563294	0.18555121644949407	0.09487978323595796	0.0	0.18555121644949407	0.09487978323595796	0.39896977798760713	0.33729551229554355	False	False	False
product_exact_summary	product-5x5	a4b73ab64d044e301f0b9693ddc1f8ceb69707ec65750c820efb4dd35f210274	6f1bbbcd3d08b9825fbdec59bbb58364eac454edf33eb4799bbbf381ed267913	0.4040712700354833	0.4692644690274987	0.06519319899201537	0.14595790346806303	0.11271651603392645	0.0	0.14595790346806303	0.11271651603392645	0.3602680017973215	0.35988217533512507	False	False	False
product_exact_summary	product-5x5	a74aed223814251825d7eeb757fbacd26293c1355f234dbd22df7bda46ddfff7	902778e390880f485b1a2702304f8f95c90e824d8e2cf28a7b692c525f1941d5	0.2129036717973969	0.27835878837059613	0.06545511657319925	0.2191227422275665	0.19502138384789133	0.0	0.2191227422275665	0.19502138384789133	0.5736442603699147	0.5234954472950091	False	False	False
product_exact_summary	product-5x5	a87935c23fc9b965aac6728403cef274ee8179ba2e00f1b1d0c4b05658fdcade	91bcb811d8d282f71ce54554495b54584fe483f1fa21289dc020617932cba225	0.29050335474896705	0.4095874172257178	0.11908406247675074	0.0956485825387925	0.10504500674394283	0.0	0.0956485825387925	0.10504500674394283	0.4004110826782912	0.41458470537163916	False	False	True
product_exact_summary	product-5x5	b6da3503e95b2003dd2f2740737d0e8981d32a78c5bf6ea399dabedaf15e3c31	188ade6e2394492aa35ef1da43fffdac3f18767a7950f414ec36a908c65fb833	0.32272963535237387	0.6201211027107099	0.297391467358336	0.19415742989534412	0.08726866267543512	0.0	0.19415742989534412	0.08726866267543512	0.33693096127593164	0.29731373383660586	False	False	False
product_exact_summary	product-5x5	d9c1f8269df2d6841c2c2efa3d2639ab411a83cfadc5141aa5c2e4114a56a826	6816214c13013429cbf7641a35853bce508644e21eb4ab8e4ccb59d7dda6bce7	0.26904459734949715	0.3671911261787291	0.09814652882923197	0.344834660046501	0.1759376257087814	0.0	0.344834660046501	0.1759376257087814	0.4163293995777495	0.39676789164983844	False	False	False
product_exact_summary	product-5x5	e16487376148fcd92565af913fd785b7db94480ef6c6706a77d7b30ce897d026	1d3ff245b0c2599fe43d5cebcfd01112bdd153ea2216bd89c112a6f4a632e260	0.674649873735605	0.7645261080644602	0.08987623432885516	0.15482286228623543	0.12982349282198632	0.0	0.15482286228623543	0.12982349282198632	0.29650952074461434	0.2985328413223688	False	False	False
product_exact_summary	product-5x5	f4e1396bad8e608601f668e2c3fa3c3bb29208dbbc04efb0fce561d036fee6fa	28dc1f7b953546f01dc1b487226a9355669d5d531779d2e314647f3d55a7dc3f	0.1559297141097398	0.16133064332264496	0.0054009292129051645	0.13043797100539903	0.3148918130993465	0.0	0.13043797100539903	0.3148918130993465	0.7180536916921031	0.7364609505206691	False	False	False
product_exact_summary	product-5x5	f7bb7abe9c76d55fb10c14c9e6ddab9649ee5249a23d81f8e90e04f5b2762c7c	eb6a442f6816ec22657d7d5ad8e1e05304e3337a374b10f6734a3a59b769f06f	0.2686957007611705	0.4674261170999296	0.1987304163387591	0.20144088115125822	0.07480166867079581	0.0	0.20144088115125822	0.07480166867079581	0.4385390810438331	0.37221889318803936	False	False	False
product_exact_summary	product-5x6	1b686911ec805bd645de5e6afffec6e5237553d0b5bd14970e54be2fd37ac8a9	b92e9b08bf3a82fa0aa921cfdc019c7df7d7feb22a1b3b0ee7df284132720c68	0.20285647454678604	0.23114749303279195	0.028291018486005903	0.8330251403350073	1.0782828878526398	0.0	0.8330251403350073	1.0782828878526398	0.4143324456708079	0.3878839242889906	False	False	False
product_exact_summary	product-5x6	2257431d280ea05a4d0b9eb0919538eca41f0c5a574f885c627ff2f0c52f0b91	271cc434c1905848f2cb23e6857fb2af5490fea9c1d6e9cff39e5c97754dd932	0.5196302394886088	0.6634576606756478	0.14382742118703906	0.07100411868966157	0.07879360115848855	0.0	0.07100411868966157	0.07879360115848855	0.27194134455603536	0.26373869871228517	False	False	True
product_exact_summary	product-5x6	253a3adeb2ec866589201abe37cf08fa75f2127a6d8fe99f820d2c8c6bdc2bd9	75c4a33ff7a1aecef1364e9773f22e14036ef761e279b214e260151955ac3e9d	0.4820239102605425	0.49061876424573314	0.008594853985190665	0.10271051477033587	0.10310376398263726	0.0	0.10271051477033587	0.10310376398263726	0.27834390411475446	0.28489108936392116	False	False	True
product_exact_summary	product-5x6	2aea3806b0120da3239520e6a4bd559208237570602a8bc6194cf62aa304091c	b8c98a4d23b8b6000df192aeff91c0aeb2ef66f6792928f58f9e7ff680f60b95	0.4518339716336199	0.7107092665981573	0.2588752949645374	0.2510454207867103	0.29105971695437166	0.0	0.2510454207867103	0.29105971695437166	0.2992091172560441	0.24455771532708875	False	False	False
product_exact_summary	product-5x6	31ea5f9ac2411287fa425630a3a19f46adc72e22a4b165643aeb7fdbac461fa1	9ff889fede03a684377276bdb69927ac78582df322877c26f161a7464042b137	0.14583869985806913	0.25329981112109345	0.10746111126302432	0.3635969484072296	0.25059234741706127	0.0	0.3635969484072296	0.25059234741706127	0.6292507458124075	0.48560902453943444	False	False	False
product_exact_summary	product-5x6	36862477b62f8e684ef875118f8387ac95e590727d84acb388ed1939bb679053	9da58995916cbce38048edb06e3df260782f3b02287242df4c2664331d79763e	0.22715135830408895	0.25648371236107265	0.0293323540569837	0.5806632070591405	0.17727192735490643	0.0	0.5806632070591405	0.17727192735490643	0.40443508065655853	0.41848085194513773	False	False	False
product_exact_summary	product-5x6	46b25e6242b1c3957112ebf4f9ec2ff150e544420ea992d0979620a69e1f2177	e2ef02bc62d219f7fc4d13b03e86a4352434d065a79f56ac7b5e99eff904c2a9	0.5342882386262727	0.6014098455616381	0.0671216069353654	0.1582030804798412	0.053783723934252375	0.0	0.1582030804798412	0.053783723934252375	0.28949435239157373	0.26181157110428754	False	False	False
product_exact_summary	product-5x6	5491d2cdb4125c7b192b9361c65939d7f13a481375878143f7712819d603372d	7fab950c5acd143d1937fa91f8b5200587cd6cbb8d3b8eff558b953c913e1a67	0.6944225227886264	0.7328861284279535	0.03846360563932716	0.16181516444261107	0.05430738766175651	0.0	0.16181516444261107	0.05430738766175651	0.25555288238746	0.2457787603378726	False	False	False
product_exact_summary	product-5x6	5d543145663f8ba7c4ab88764968b5885bbf31850daaddf1d18864b2049d340d	2daf8a1683a755f2cf0e4c3507fa29b49be0053d767bb1d56f506c259bc27f9a	0.3162704545862879	0.4928492097278979	0.17657875514161003	0.15072769092283964	0.07978994488203618	0.0	0.15072769092283964	0.07978994488203618	0.361860220532003	0.3352999864250654	False	False	False
product_exact_summary	product-5x6	62fdd5a401c8726b2ce632b338ce083d32ad56b99e16321474273f06962cdf29	70f874e4684868e21eacc44cf664952fa7b57054ee38fc0b30458019baa94397	0.5661466515411796	0.6282418299432121	0.06209517840203249	0.09712413516833743	0.05852746617653423	0.0	0.09712413516833743	0.05852746617653423	0.25891301349104534	0.2622232284045352	False	True	True
product_exact_summary	product-5x6	691491545dc56991251c49b2d0f8a867497f65b81ca1139467fd7c212cf99643	c6eec120fc5bac7af4446d752d92c2a4c0bdecdfd2293251f9d06248e8162149	0.2825186206549237	0.300175580815618	0.01765696016069429	0.3618506473589469	0.15894438514632503	0.0	0.3618506473589469	0.15894438514632503	0.4038054705659441	0.39661863068245423	False	False	False
product_exact_summary	product-5x6	8ad1b352b19e717e35609b936c4e43b50106be0f19411352e2d1290ef0dbd635	9e536b9fee191098f1c3e734562d4543f891e701795394641daa371b6dd0b934	0.40987134233110223	0.6126724967916969	0.20280115446059466	0.24016293593227017	0.06259230563080284	0.0	0.24016293593227017	0.06259230563080284	0.3274479582985537	0.28370356532264646	False	False	False
product_exact_summary	product-5x6	8e508639ceaa0d8bdd466f894bd46576bf88e9833bdec377200d32bda9741d75	d5049f3a8a76f9e7c25b24c9dcac9ee5fe7ddaba3bae3d24a3af80ad801978a8	0.4086790979830512	0.6191839719120293	0.21050487392897815	0.37582751528697933	0.3334917364243541	0.0	0.37582751528697933	0.3334917364243541	0.2627317603836263	0.24898411840959475	False	False	False
product_exact_summary	product-5x6	94d4a75dfd9fe141d0708e29ebd2a815df26f66112f9042aba879b31d4d69b19	53971ddb01dda938799bedc10698caa15d1a03b37b76584250dfe4d2561043f7	0.5847616627129627	0.5886257754298565	0.003864112716893797	0.164490461877563	0.16514375970557224	0.0	0.164490461877563	0.16514375970557224	0.2639780750394868	0.27562629877412814	False	False	False
product_exact_summary	product-5x6	97a37a1d03c2c183272e3f74adee162591a53e8f0038d61e5ee1365a0afe6fd0	69930a430d16e93a4bd86fa61b1cb76e8d2a21357196c50fd6cd16a75ed3bae1	0.13289606026727854	0.13363527119760074	0.0007392109303221983	0.3104616316134809	0.2885254531522334	0.0	0.3104616316134809	0.2885254531522334	0.6277302423151736	0.6627847359323056	False	False	False
product_exact_summary	product-5x6	a47d284967a3a5b3bb395255ec51356868dc704c2cb2cc9858c5b0f759f481bb	408efcb1585225d5fa438664a7902a261d740df3a304bce2e68da08f94b4ebc3	0.43553605072539875	0.5124792311747348	0.07694318044933607	0.11897082935125144	0.07482857545983974	0.0	0.11897082935125144	0.07482857545983974	0.32995357767663	0.30795719275626016	False	False	True
product_exact_summary	product-5x6	a8cc2e0958cb47f95a3e5dc319581c7d51bbf0527a9d25348cebedf11e51a568	4e5757b36ff2f39998081d1a42caed401a9349202a2bc7ed0b46c42fe5fed87f	0.16683059277101778	0.19562149024852538	0.0287908974775076	0.1281171118971035	0.13857872506935806	0.0	0.1281171118971035	0.13857872506935806	0.42365322352947765	0.4645498694615253	False	False	False
product_exact_summary	product-5x6	bb459ebcb7749547203d542fabbae63fbe180172ecb0619bbf432bedad938d54	6fe579556d4c4ac4f29fa63de205319110e52430df77a875c5ed1eab5bf58a69	0.012262679859103506	0.012852715672093255	0.0005900358129897493	1.6026413133513748	0.736449831551104	0.0	1.6026413133513748	0.736449831551104	2.0815082275759944	2.332943031139471	False	False	False
product_exact_summary	product-5x6	bf407998c7cfc6c879c27bc1d936635de821be1abacd80934ec611d71877476a	043b2a1ce63ee4964835d38c924097be35e7be7beb5fff3c90961df06e878141	0.6851671911109828	0.7097829497717075	0.02461575866072474	0.12459233591956026	0.058600670908174696	0.0	0.12459233591956026	0.058600670908174696	0.25732008035660486	0.2573564646400633	False	False	True
product_exact_summary	product-5x6	c1d44c30da685fd2b87bf3a823f157b7e2c7e7daf8b26f6440ba512a32faac91	099ec8de62484f098a1a984ec2d87b77a39bbc7b0ff6a079586118983063ba5b	0.06120012544575441	0.06584484255922678	0.00464471711347237	0.5631937569022173	0.4274773409289467	0.0	0.5631937569022173	0.4274773409289467	0.9270835984344128	0.9058563281044197	False	False	False
product_exact_summary	product-5x6	c8298d8adc284ff965a1f87daaf7a028abf4386329e17daec2043dca4038bc31	eaed51424174d1263fe049313de2828d6aa88495e1d178a920bd0c22f635c3fd	0.5746727611505096	0.6661806566511265	0.09150789550061689	0.172479482264605	0.06519672194990835	0.0	0.172479482264605	0.06519672194990835	0.28115384178670244	0.27368612639072354	False	False	False
product_exact_summary	product-5x6	c91d69fe5f950ff89760a742eb0a6840e56038a4d5affbbaa68ec5945d6a24b9	0ba7c3df7c32ccdeb2160cb456970078deeb27f59a5aa03981ea649383e3b5df	0.4254547546327656	0.5266693113876674	0.10121455675490176	0.7687298234363978	0.8445064475482659	0.0	0.7687298234363978	0.8445064475482659	0.339001266424122	0.24749900043435372	False	False	False
product_exact_summary	product-5x6	d02fb54955a2a2eb528d2b7a6e4ad45861ef76c23e63542d7d5a9044b670ddb4	a8d9a0ff2fbd5ed48021a7410947cce814c3c5ba2e4f275a38ce24efad13a4a6	0.7259589431262676	0.7934717095902393	0.06751276646397164	0.05690895727131149	0.09318353953317494	0.0	0.05690895727131149	0.09318353953317494	0.25212765211198096	0.25439733059544006	False	False	True
product_exact_summary	product-5x6	daf9cd984952477221bcca1a419667f4d6f5753388cc4f7ec648969ee74d52f1	de37ce5a0b21183f8aa0c21265dba5b7a6798aefacfb267ff93a902089129388	0.4822388421226193	0.5478738830549114	0.06563504093229205	0.4183704541480871	0.04178671835212876	0.0	0.4183704541480871	0.04178671835212876	0.270135062561858	0.2890717816896947	False	False	False
product_exact_summary	product-5x6	ede78e39a48b466528128d031599dd25970e70a3646f7a48951f27072572a7e8	fc10da9c5b4be013a12b407f72106621215224017b7ac1bb6b0b0f392057924e	0.6341345824014747	0.7693673827298111	0.1352328003283364	0.10966012349603997	0.07513433580009198	0.0	0.10966012349603997	0.07513433580009198	0.2306753515699504	0.24148573937245993	False	False	True
product_exact_summary	product-5x6	efb2e41e9ce721b4aa15b3b50c03109eef942f4843ec85e0db69aa80f104f998	f2bb484885188839fc1ac70472df156cb3b1a983affe86d128ad35a188307ddd	0.14748343010433718	0.273334146210439	0.12585071610610182	0.4460114868932421	0.20898833817601759	0.0	0.4460114868932421	0.20898833817601759	0.44808284364505396	0.3929989804251868	False	False	False
product_exact_summary	product-5x6	f52ae6c1cc1cf94b02208d9da4c0f368373c62ab6ae2a10024b5595944503268	48c81926819d0e3a7c3f3e3ec9906d2b1264837247be228d078f6e9c89f0bb91	0.6868878282924593	0.7946614734448304	0.10777364515237109	0.14004633060588784	0.08265765637275148	0.0	0.14004633060588784	0.08265765637275148	0.2523988921899053	0.2560330685102069	False	False	True
product_exact_summary	product-5x6	fcdd31d1c97693b6be46f2e2471a50fb4f8485215d439ebea7b5dec19282115b	96048cf1a747ae01a2102a2220588fe10ea566986cc7e46c566eb1b84d445404	0.1247910745582739	0.302939733257157	0.1781486586988831	0.6701487901199339	0.4399144935851212	0.0	0.6701487901199339	0.4399144935851212	0.6927179940367896	0.4438459990598234	False	False	False
product_exact_summary	product-6x6	02cdb9558daa3d186a66d2643a91dce582d31a9c9dd443bffbffe4075734aa8d	c1297857f81d93e7e2d0797ac733cdefa281dcd9c3dad5df1344fc6b7b1835d7	0.41509065377464766	0.587201860932591	0.1721112071579433	0.2937867764471087	0.14616015341671507	0.0	0.2937867764471087	0.14616015341671507	0.23117266539396097	0.23270701385386844	False	False	False
product_exact_summary	product-6x6	3d91243f54786a613fd3ae4c997cc0eb7d51ecf323c9cffaa693c24c59a37efc	03c25f79e48db1de692ddb5d7aab8ef991ab7cad0f7213a027c78fee2a05cb7d	0.2163544745257125	0.3620613701510449	0.1457068956253324	0.28489180129267994	0.07663335659247561	0.0	0.28489180129267994	0.07663335659247561	0.3076182890755281	0.3421823026465686	False	False	False
product_exact_summary	product-6x6	5869ffc71d2df9dbcae34f0439fd7925a12865ad57f18756978efd534ec815bd	3eb5b32f1251320db1e9607ab39a20285265684917a673ca1e3441bfb6a4441b	0.3618844456947809	0.41691181286139706	0.05502736716661616	0.2858173979357779	0.25185634846346866	0.0	0.2858173979357779	0.25185634846346866	0.26110843418428414	0.2809027585082195	False	False	False
product_exact_summary	product-6x6	59080a694a9e2d2371a61b0178f81a1f57cd6aecad4a2fc1136bed8d672c8d2d	7d3773c1dde4d92f34cdbcff9688761f5f349bc11998b7e8c10f64e1c51a4984	0.12863433528709797	0.1479213970506329	0.019287061763534924	0.5592722561020491	0.26079421096877514	0.0	0.5592722561020491	0.26079421096877514	0.5961667208363316	0.5571754679554622	False	False	False
product_exact_summary	product-6x6	633c7a5f2848e8fd7f7a5903a8b183a3a6d3cda0777bacf003e122b4fc26ac85	f9761b5c05e2d01263488ffa7d25c3cbcb50ab33168515a390a3704a14aedd02	0.010479417332705732	0.01354928415862632	0.003069866825920588	1.334421879135453	1.1036634819580706	0.0	1.334421879135453	1.1036634819580706	1.610465074097762	1.3737485571665273	False	False	False
product_exact_summary	product-6x6	9f3f2d762634d11dfee52189f2c0f0f7500cfbb600d45242f581f5b623db5ff0	cc0cf29ea7ea55d07f47a27ecadb48c38d87f7f91e0b37ea01f007bd41fda2be	0.4238522855596995	0.6295822237520365	0.20572993819233704	0.18143936426903517	0.17804987645496143	0.0	0.18143936426903517	0.17804987645496143	0.2568298725074629	0.24048576421189122	False	False	False
product_exact_summary	product-6x6	a0a822aab2e55b3adf5d537c2064957f63fd4b62f70534fc38ea14d0a7968905	995f40a73713facb5d5ca72621967ea6ac4d3106b53e8ef2a48422cf8c6c15ea	0.0883158169868178	0.14257242325920383	0.05425660627238603	0.5473961098082155	0.1891222521820292	0.0	0.5473961098082155	0.1891222521820292	0.4997887775809798	0.48381808098674045	False	False	False
product_exact_summary	product-6x6	a2738a72f13ea9f05e76f9730c54c88b08ec69eceebae031afbfa0979a0e8cb2	92a6c5f26f424789e34c296c51547b2eb34db3f9ea3d5e9ed2557a3f86038707	0.5299886555236156	0.7760006261018599	0.2460119705782443	0.1132810109527558	0.0846204905997039	0.0	0.1132810109527558	0.0846204905997039	0.19018794733758962	0.2112991396490986	False	False	True
product_exact_summary	product-6x6	ab63c65f168269ff0ace6e75ffb0f142cffa9d55abcb85a526b54ea4cdff7ec0	7d35b8c416ef985d1b07423aacb4a1627b1205eb9f84aba903880f3b82043b69	0.09988376150783787	0.17706992759220633	0.07718616608436846	0.45489126983590883	0.31885884919275287	0.0	0.45489126983590883	0.31885884919275287	0.5327921145715111	0.4618313606933874	False	False	False
product_exact_summary	product-6x6	c55088f22da8b2a3cd01698a1cf96da1b79df4f7e6c99817b552cadb8519f2f3	f4798d7b62d596f0b86200035a8b16480a0bd3858e3fdec823c4dc6789df5835	0.4291434282323408	0.5840641388624829	0.15492071063014207	0.1808508195197641	0.11007993990483018	0.0	0.1808508195197641	0.11007993990483018	0.26023499110278514	0.24649847793055274	False	False	False
product_exact_summary	product-6x6	d02d6e6025d322966c52a7072740cb8ca85e72fd15a0ddd3a0a8e1113c26fc05	a03d201e27d22790800e34d87d00cd38ac8adcbbdd3f5ab8f406cd3e80c9583c	0.511106895378791	0.6509330343585426	0.1398261389797516	0.17928197497308554	0.1352366936489395	0.0	0.17928197497308554	0.1352366936489395	0.24483485836733612	0.21562632677069962	False	False	False
product_exact_summary	product-6x6	d8b26cc2f3970552f2934eea6cf5a8c82934df67515e56249baad5a937c1f046	fecfd6ae9ee8a2fd4ae38b8de427cad712dbb81d8ec72bf5a205c7e186cc3545	0.606686917096433	0.7048446681032215	0.09815775100678859	0.03889870358705695	0.07352116260307287	0.0	0.03889870358705695	0.07352116260307287	0.21858342277060921	0.21562355033523828	False	False	True
product_exact_summary	product-6x6	d902dc739990dcf85f6e5dc3c8e3cc2e58ecbd57f96f1de3a38a0c7acdfb252d	82bf3cf75523d9acfd7820f6eb17a8c2ab452b94e3162192c801a65363901c9e	0.4806482962018457	0.48506327522094833	0.0044149790191026494	0.067064773324251	0.07831047701121677	0.0	0.067064773324251	0.07831047701121677	0.21784262132325388	0.22453924497997133	False	False	True
product_exact_summary	product-6x6	dfdde6bfe908db564de8bd8dc02a3b90549fcb36a73077691accf3781c905d69	6cd557d589c2cc37f27768e2bf9829b3de8e683a4bcfd41990026324879d6fc5	0.19604542184995127	0.46172659615415634	0.26568117430420507	0.15722735826787895	0.03647453785940408	0.0	0.15722735826787895	0.03647453785940408	0.32556768453148577	0.29949649185876553	False	False	False
product_exact_summary	product-6x6	dfe7c7d2b20bc8ff941091123c9ac64b73fb69325352d74bae34c18f745e51e8	2c3956ad8ac0c28eb7196e2c8447e1255d7e4f8975d4631730c0fbc22c72639c	0.5173013684896263	0.6654108510870758	0.1481094825974495	0.1518091906492548	0.14141557893850867	0.0	0.1518091906492548	0.14141557893850867	0.22617787044529064	0.22579952138512743	False	False	False
product_exact_summary	product-6x6	eca3628e25fe8054708078020af9cabacb09025f46e39d94e50380265e6e8de9	cbab8037291161de44948af5458298052668bb18b6df4b6150e526aabd75f4be	0.4867630371843186	0.557556117242982	0.07079308005866342	0.07930905330673559	0.13665700422739557	0.0	0.07930905330673559	0.13665700422739557	0.20919973474505849	0.2145407626062902	False	False	False
