poly_id	arm	bucket	sys	residual_sign	median_oof_residual	oof_residual_spread	ridge_seed_20260711_residual	ridge_seed_20260712_residual	hist_seed_20260711_residual	hist_seed_20260712_residual	ridge_leave_bucket_out_residual	hist_leave_bucket_out_residual	leave_bucket_out_sign_agrees
00c55ec5a124792b262e833f9c6324549caeae62a89c7678ac4a8e6d54237f09	generic_caliper	generic-F10	0.1692607689865668	negative	-0.1909172824499406	0.2944707844521835	-0.3362624482024592	-0.33297297922473756	-0.04886158567514362	-0.04179166375027571	-0.33739325392861685	-0.04934098813396304	True
00d09e7f3c886f30ab1a11712243480c61f8362185c92a685cf945dffe5740e7	generic_caliper	generic-F10	0.5327876507066105	positive	0.1398875336096714	0.07738190502800263	0.1680016230445749	0.16166598172794622	0.09061971801657226	0.11810908549139659	0.16833371749910225	0.09219307174956004	True
0178c47d9ac98eb5f4292f8795cf1c8db865712e1a4449f04fde5339ce384e41	generic_caliper	generic-F10	0.4127444421326913	negative	-0.12446585940280741	0.07982101678149334	-0.09468785999774149	-0.09855554060683075	-0.15037617819878407	-0.17450887677923482	-0.10129242966836866	-0.18198568789116448	True
01a1e96c4679ed0b9a98ccf1017961b6b8b10cd906bda71f680a6a6b6a805f8e	generic_caliper	generic-F10	0.3373402083983403	negative	-0.122115971733994	0.10096286587239506	-0.16486546127206597	-0.17171752545019708	-0.07075465957780203	-0.07936648219592202	-0.1726709689085097	-0.08154712301313027	True
029d7dd8c014898e23dc39ef134f6aa6b1b342a1de686ad7be50e91b9d17bb90	generic_caliper	generic-F10	0.40442764265696773	negative	-0.14287930881251876	0.07214714602003724	-0.16860838543722867	-0.16460361804927093	-0.12115499957576659	-0.09646123941719142	-0.1760370843272524	-0.10061311047249655	True
050793612ac4802b1a85a8ee67802ef87479759190535e92e34f1ae4979d0e64	generic_caliper	generic-F10	0.6290240676129331	positive	0.10242323454787905	0.12593709046176255	0.14896813191109537	0.14942242258472055	0.023485332122958003	0.05587833718466273	0.14503713413649882	0.03449427419021056	True
05a74f84cd9633e115bc2554364c406080878fe3c7d4afaff9ec6a1ea9dcab56	generic_caliper	generic-F10	0.09820559043649271	negative	-0.11947668467391202	0.22704097921400854	-0.24299288602651178	-0.2193466386133208	-0.019606730734503253	-0.015951906812503247	-0.2421718264855178	-0.013565600193547814	True
08f14c3698b57a98b433df9a7fb25030074f11bac15a9c36688059f0c9c0557e	generic_caliper	generic-F10	0.2479199055952789	negative	-0.11215962799893228	0.06596009128499764	-0.14238503177981085	-0.1428721758577087	-0.08193422421805371	-0.07691208457271106	-0.14558096917717903	-0.07765791816751175	True
0d9f1b01999c8bf4bb94d85145207dd781b7202840a51e1ddc47ded676917fc8	generic_caliper	generic-F10	0.5807968884612612	positive	0.14788376040014864	0.05936810431007605	0.1778390488048559	0.17693683763954893	0.11883068316074835	0.11847094449477985	0.17584595943542736	0.10726230131234987	True
0f91c62aeb72ba05f3773de423d433fc6d7d0b3a9f919fe77562d62cf1de7c86	generic_caliper	generic-F10	0.7563328070552906	positive	0.18928697467564942	0.03485895716194154	0.17802615883299744	0.17984100405777603	0.1987329452935228	0.21288511599493898	0.1687952660739398	0.18421819977483	True
0fd8402aed919c3430c4676797ee01bc70f327c198f5589c9f71c5dbca9fc7b0	generic_caliper	generic-F10	0.5830325067177113	positive	0.1724124259524174	0.05667763509268475	0.19156673012075154	0.190378121589945	0.13488909502806679	0.1544467303148898	0.19475454752911842	0.14025634916686652	True
12c2591dc78f5fcf0293579275ea4875954e924497b62275a4d9efa8733dc525	generic_caliper	generic-F10	0.6931913422425027	positive	0.1070734246634063	0.08557518679950082	0.14656682842267355	0.1430884533343505	0.06099164162317272	0.07105839599246211	0.14426261119056427	0.10652958957532899	True
1350ca6fde626754c31993cc350a7c993b23d3975e1f5a33b086458b96776a33	generic_caliper	generic-F10	0.5523684364662895	positive	0.12442816898714196	0.01837596681585968	0.1308732755548081	0.133580738883957	0.11520477206809732	0.11798306241947581	0.1342689782606838	0.09976040359559846	True
15e3864e9ad9f23a2c23fdd0da935ac53870f844f2bbf53d76a516aec092824d	generic_caliper	generic-F10	0.691564933523804	positive	0.14961282849643298	0.056258098187254246	0.16840806769301642	0.16670806214678524	0.13251759484608072	0.11214996950576217	0.1608277665628649	0.1175971693873219	True
15e618d825ae9dc094722303130fed2410e6e7760bfb24d24ccb1f96494acef4	generic_caliper	generic-F10	0.22818002213563304	positive	0.13388462258009404	0.19220540378976117	0.2209606681010714	0.22518070925201394	0.032975305462252774	0.046808577059116646	0.23558315385185474	0.033270191739090266	True
175888bb837d1ec0c8fcbe8a490b9f16fb192fda2b36937f8cd8f0914411a335	generic_caliper	generic-F10	0.2107665194483594	negative	-0.15864167650776406	0.0459630138760303	-0.17473987185199885	-0.17458125840535083	-0.1427020946101773	-0.12877685797596855	-0.17466880802898133	-0.11962824168797082	True
19a8bbfe7d33bae8f77503f0f4c242b5cbcf1b9c036fbf519eb8dae0ca7d410d	generic_caliper	generic-F10	0.5787720632466417	positive	0.2008240708553837	0.07975819294250541	0.16521676090302645	0.1646899427581795	0.2444481357006849	0.23643138080774095	0.1635136463605547	0.23300638091238401	True
1c3d1ddcdb5fab53640db6898141761c03bfdb0be328fc93b986376d9c03b7af	generic_caliper	generic-F10	0.6169311058973966	positive	0.14067352130209845	0.04846120298648371	0.16615679565143615	0.1616010564812983	0.1197459861228986	0.11769559266495244	0.17038308625832693	0.10298624796368205	True
227361a88e721e3da8cb2f3fd9667250c02b5064710d1faa30ea527a75dbe01b	generic_caliper	generic-F10	0.47902711479888666	negative	-0.10443087383004312	0.09472651737900262	-0.0630191958764102	-0.06612654850537153	-0.1577457132554128	-0.14273519915471472	-0.0650626197612007	-0.13120810323322857	True
25b3c6b7e4ec91d973de6519d341d406b37192e9fe0d1120f9915996056d0413	generic_caliper	generic-F10	0.5063695501393757	positive	0.13216373600846457	0.04814696295177373	0.1159553604058533	0.1078080310417302	0.14837211161107583	0.15595499399350393	0.11279775587654106	0.13580764918058247	True
293a5976db53e1e602af77f3688124c66b82bfc97b6d576b466f1160f6c4aae3	generic_caliper	generic-F10	0.02819896239090446	positive	0.132562592681033	0.26403137161865625	0.26318957709791535	0.2655394607074773	0.0015080890888210761	0.0019356082641506442	0.26997502979509447	0.00362933510894535	True
2a76714fa8e83cf1371c0a2277143226902d97440de0aa87e10be0211ec5e38a	generic_caliper	generic-F10	0.07114753587521432	positive	0.11109096758193707	0.20533352354292655	0.21607958754709528	0.20717896730616014	0.01074606400416872	0.015002967857713975	0.21400266114180572	0.015005330536610559	True
2b0c5db942eda11c78dd0b8a2b110019618a438a85c57d2fdec589398c5c74e3	generic_caliper	generic-F10	0.22274405905770317	negative	-0.14379602690723609	0.26379100212816364	-0.2612573677465661	-0.2708304934347338	-0.007039491306570195	-0.026334686067906038	-0.2764557912768311	-0.018628957948716385	True
2d9e5d30c1ffc8e9c9d46536e28605521729d2038848e74b4782ba055a247135	generic_caliper	generic-F10	0.31098638376687704	negative	-0.15653864187113758	0.0678456740297233	-0.18059559703986872	-0.18518808417025323	-0.13248168670240645	-0.11734241014052993	-0.18481068487426167	-0.15566572259443623	True
2f903403a44b64c0e8c1a34dc740891806fddf33e6ed2f6bb79f740c76019e63	generic_caliper	generic-F10	0.4184288982815823	positive	0.15592820648626954	0.2063919314852063	0.23987732129195968	0.24209006831145968	0.07197909168057942	0.03569813682625339	0.25027763860049596	0.0656960874287511	True
340a3455df672d37e1972e61e696d131b5b69c1252f677677477de6b533b9410	generic_caliper	generic-F10	0.14946018343103595	positive	0.10171259100274006	0.13549861602751856	0.16727307901383787	0.17120917897425886	0.03615210299164226	0.035710562946740285	0.17811689262001495	0.0315930741077467	True
37810b3cb82e4d2fdf3a2225c7955e0894eda86d0ec666326742d79e9069187a	generic_caliper	generic-F10	0.6641855283587785	positive	0.2689554462343675	0.10838999201656568	0.32012987215329924	0.31660364947520653	0.21173988013673356	0.22130724299352855	0.3225962590690274	0.21995257039759158	True
39587b716e59745ef8c36ec15f0a35d80cc6216d1952d41acd2799bd17d9992e	generic_caliper	generic-F10	0.23948575356213858	negative	-0.16072078576096901	0.020682103612078895	-0.1640375535105481	-0.16075208275531583	-0.1606894887666222	-0.1433554498984692	-0.15901530130952785	-0.1447494946129404	True
39c3dd525b6b8445dc34899cc707194d334dcac50aa117ae73d2ff9212f0bd4a	generic_caliper	generic-F10	0.38540897927471546	negative	-0.1140961183655664	0.07247163897201869	-0.13765504279415247	-0.13512617816735234	-0.06518340382213378	-0.09306605856378047	-0.14412797889291135	-0.08141263258895315	True
3d3d0d10c237af3b67cb7dda74bb47f83c80f401782ed023468d00e0a8b241ca	generic_caliper	generic-F10	0.20981739509167213	negative	-0.10077954833769384	0.11944549986058045	-0.15503113251430295	-0.1574266123396189	-0.046527964161084734	-0.03798111247903846	-0.15705348615533044	-0.03623626499408436	True
3f1639a6954111b39307b1e50059472cac574119846adcfe83fe9804971524f7	generic_caliper	generic-F10	0.657233585898022	positive	0.12370893650887915	0.10048978889177185	0.15702080644963856	0.16033403818948044	0.09039706656811974	0.059844249297708596	0.1640266924312293	0.06516555071006025	True
406201042b7fe0962dcc52819dfba3a2786c0df007f11ff5879ff6a9ad695ed6	generic_caliper	generic-F10	0.31891520249777866	negative	-0.11193619383974926	0.10497128405471795	-0.16247000328315492	-0.1616726532439851	-0.05749871922843697	-0.06219973443551341	-0.16101580240591434	-0.04471712129541161	True
40e82056d8d1439841986263de14502c3df9033c83f8ffbf552e08b3b0313a65	generic_caliper	generic-F10	0.41517460729577876	positive	0.10674222493101515	0.06896285940485208	0.08719546542972556	0.08955122923102926	0.15615832483457764	0.12393322063100104	0.09271995898930802	0.11028230834847119	True
432e0c5917f9500364b05d1a2f8b3ed0a0fc2ca7cfb1a6dd971242ea62cf6dda	generic_caliper	generic-F10	0.2927609133497183	negative	-0.11106370300959345	0.16395606905252952	-0.1870700967476278	-0.19389381950390738	-0.03505730927155909	-0.029937750451377865	-0.194752292766051	-0.008819649827544351	True
4b8268f915065171fa641fa356e9fb71a3cca1000260e20bd6ef453d5398d1c3	generic_caliper	generic-F10	0.5965811897805904	positive	0.16929190748470357	0.09183523409035638	0.22027327630118293	0.20575361547457693	0.12843804221082655	0.13283019949483021	0.21637853801704876	0.11106637934135327	True
4cae4db81000fbe61f180eaf3fc1af2c61de42c0fa1a7d0ff86a5e22455e23e6	generic_caliper	generic-F10	0.6925777521384949	positive	0.14801976020417384	0.04231403733179706	0.16317695572175683	0.16378678061450092	0.12147274328270385	0.13286256468659086	0.1617017876959419	0.1226681161280041	True
4e9051d2da7f90e661b261881e818f4c9a89ab0bde0690ddd94e8c90b71a4e98	generic_caliper	generic-F10	0.7389990229718286	positive	0.2756875659278708	0.11978565061433138	0.330287950940017	0.3293181491741054	0.21050230032568562	0.2220569826816362	0.33475016632769916	0.18677936451149013	True
51e1152065481d45ca7e6bfbde2d13da19de9ec22c254f9295bb6333480c02d8	generic_caliper	generic-F10	0.3652240011598531	negative	-0.10162807953829786	0.13175875632161416	-0.051889627229048885	-0.05620543569635578	-0.14705072338023994	-0.18364838355066304	-0.05732383955248849	-0.17032531702671427	True
520733d214ecd651766e1130295779ed61fd6a07f07c271c756ff0855576c31f	generic_caliper	generic-F10	0.3257272572533334	negative	-0.11356520244539192	0.07895438784620223	-0.13425866923662444	-0.13179226526160664	-0.0953381396291772	-0.055304281390422205	-0.12937922940680513	-0.07344883992556606	True
526299065b6860d304d088b1e594a473e732e2299570b97520894154165f5c14	generic_caliper	generic-F10	0.6316454914643916	positive	0.13989394302874553	0.06545463164413301	0.1621158747726844	0.15930287344453586	0.0966612431285514	0.12048501261295519	0.1576248851611578	0.10276001992332373	True
529e637d43002e8e22c4667fef3de8b8e93ed569eaecb7934baed98cc6bb367d	generic_caliper	generic-F10	0.7756271875392869	positive	0.2552814304144729	0.05700685427859464	0.2547733402639465	0.26465940534128973	0.25578952056499926	0.2076525510626951	0.25448612158807593	0.23627236617551606	True
537a65a27e47dfb81e4bcaa7b949abfdb822796858c70bd3019cefd883dafc66	generic_caliper	generic-F10	0.2953716914849599	negative	-0.11190089934629002	0.08847223530168136	-0.13799694137360097	-0.1481728760705408	-0.05970064076885945	-0.08580485731897908	-0.14292668378956913	-0.07316590911059168	True
597a756981917f315b9e19fa87e959e7a9a1e56deabd4d9f54f5e8fbeaa82eb3	generic_caliper	generic-F10	0.09415460101181702	negative	-0.13926549080743483	0.24731715898960288	-0.2628702332778794	-0.2586707669264461	-0.019860214688423583	-0.015553074288276514	-0.2621761447982973	-0.01818543513606896	True
5a36826be32d0ee4f6ace8ec52a7b67634a611af312adc28b4363c4f0aca69e0	generic_caliper	generic-F10	0.5968709273629564	positive	0.14565066127180576	0.13971128980712938	0.18765571367939549	0.1886425739209983	0.048931284113868934	0.10364560886421603	0.19528902295315193	0.08590032604625064	True
5db2272a25b7ae53ebc83b7bfc44e516f94a313e4053142cf3f4e99e991b43ef	generic_caliper	generic-F10	0.29756335407002593	negative	-0.11445562800702078	0.07430208657571347	-0.14351367662353748	-0.14149417190920105	-0.06921159004782401	-0.0874170841048405	-0.14841252999261728	-0.06453293516082492	True
60588e17c1e6ac3b64b77513fe56f295d7452da5eb9a235a9807683f4a0bdb55	generic_caliper	generic-F10	0.41296105011126527	negative	-0.13792893140304852	0.0464619755373209	-0.1620345487654098	-0.15862440006759315	-0.11723346273850388	-0.11557257322808889	-0.16863315600522832	-0.1070970918049966	True
6064fb028b2fed99d488677a0ab31bc25adb4c43f89b3fcdb0dfbf171b634182	generic_caliper	generic-F10	0.23223457268970504	negative	-0.18247427834260938	0.03953056346665157	-0.18712343674744347	-0.17782511993777528	-0.21727028785292024	-0.17773972438626867	-0.1753301981121722	-0.18941333962477236	True
62a0e9125dd8894661a2228ce315f12113d0fb3f471e89a0b5a0a2771b1138a3	generic_caliper	generic-F10	0.235912566347727	positive	0.10727474700736168	0.18061325229201414	0.18968355530915337	0.19133864913950405	0.01072539684748991	0.024865938705569995	0.19032428374365384	0.02781617423707944	True
63228f20f149ab244d211da219a2bf748bd8cd499ce17e5afb42740889cdfb7d	generic_caliper	generic-F10	0.2272359387068978	positive	0.11638511989561698	0.11989480132784625	0.17352036744779403	0.17519023721161348	0.05529543588376723	0.059249872343439924	0.17372158722014236	0.062363131996093335	True
63def6f6f3ee8843b9265e9e0ba2064de3bb7463b19f356fa4a293501337c800	generic_caliper	generic-F10	0.5641562453878461	positive	0.14667750754357956	0.04506780860118137	0.16385017163782378	0.16206179839567625	0.13129321669148286	0.11878236303664241	0.161750285089447	0.12629306870178653	True
65b98682174cc9e60d20d7d8e6efab868594d2009f35445202d4e86f3f251ada	generic_caliper	generic-F10	0.18481702232531982	negative	-0.15800071313169775	0.09692181430694169	-0.18650477368581053	-0.19402637153218472	-0.09710455722524303	-0.12949665257758497	-0.19409738508686702	-0.1125167616594242	True
6a2ffde0a7579e90306ccc168edf4323ae68953b761618d612a96bbf65bc61bf	generic_caliper	generic-F10	0.23083291146729398	negative	-0.12754826212048043	0.05369082760252891	-0.15616394612321813	-0.15230596512694686	-0.10247311852068922	-0.102790559114014	-0.14956310406561404	-0.10256761842389908	True
6ed4866e3e97e217c0820f66bfc0a1546bf9d134a8bc8e111f535eaddb9182ef	generic_caliper	generic-F10	0.2695171405190095	negative	-0.14944790367649624	0.009893593208184115	-0.1469205030705653	-0.1465431945829596	-0.15197530428242717	-0.15643678779114373	-0.14129262530091974	-0.1674280768119104	True
72706cc4da603d564a034d0191cdb4a12c8ede98c1dda242d46e5d901c47c777	generic_caliper	generic-F10	0.656054285997421	positive	0.13583502399699654	0.1316731365152899	0.19648291909165017	0.19423943263446153	0.07743061535953155	0.06480978257636028	0.19226207899400105	0.06508787741823086	True
76ab410f90132682097920db2911b53e5f9b68c8333afcc5c43ac4e9ef0f90fc	generic_caliper	generic-F10	0.17163792548473547	negative	-0.11944738262428731	0.028550158382370683	-0.1282331758550099	-0.12702163821602327	-0.11187312703255134	-0.09968301747263922	-0.1309635363783315	-0.1179165634689486	True
7a89be8fd998d67c18638ea987fd0b0eff6795caa25b171c7859e09d329a4985	generic_caliper	generic-F10	0.3569877074919375	negative	-0.10157022633943849	0.03890790698491364	-0.09939424596199464	-0.10374620671688234	-0.13386075864083047	-0.09495285165591683	-0.10885979437625842	-0.11075778366441202	True
7a94ff82c6650aa381719e3f5a95b4d7395c8cbdf8ec1b706b11788041e0045c	generic_caliper	generic-F10	0.5949424195457518	positive	0.20301745025110568	0.015817514705890656	0.20830117068185217	0.20794508040673482	0.1924836559759615	0.19808982009547654	0.20388524924715978	0.20967550275523544	True
7b5e5947929967cdcd6177bdb2d2bc24a8d7cc4005c59687a67ff381626848b6	generic_caliper	generic-F10	0.6188607422445975	positive	0.12408897865942597	0.01608529759965971	0.12836676226311483	0.12867593275163536	0.11259063515197565	0.11981119505573712	0.12515763819460146	0.11161088178737488	True
7efe40ca13b069f060155f5876ac14d112abf4e5b3da297770ee8305b1364a48	generic_caliper	generic-F10	0.13241636275787852	negative	-0.1689992512556775	0.2209700515743614	-0.27265439950394843	-0.2860367711518659	-0.06506671957750448	-0.06534410300740653	-0.28762019975267583	-0.05824652560189458	True
81d5d2b2de5fde7d707463afe1f61bae3dc08974cb65a49cd04377eb551efe16	generic_caliper	generic-F10	0.30240093097728865	negative	-0.10143742621576568	0.048644698975967404	-0.07841936665018512	-0.07585867526582285	-0.12445548578134624	-0.12450337424179025	-0.07325802958662775	-0.13497164517347449	True
82bae347d1940ddadc459d1f3dc110c5e79746a84bc434edc4b9cae3dd345002	generic_caliper	generic-F10	0.7197316289931623	positive	0.14805788438197842	0.06408656591752626	0.12299309181942475	0.11563880109102542	0.17972536700855168	0.1731226769445321	0.11416366024588431	0.1841081019358478	True
85e69ed659367ed46fcbde764d606825ad8d094017e5dfa0b8015377c39fcaf1	generic_caliper	generic-F10	0.17663160159190844	negative	-0.19964968642585926	0.07366248006177917	-0.22785779869119344	-0.22916796089328784	-0.17144157416052508	-0.15550548083150867	-0.22991193815953254	-0.134044583557967	True
8833e4f9356da7143aa49424b98e2af88d4ddc67042c9f9ccbdbdbf35d54cc4e	generic_caliper	generic-F10	0.32050632046541083	negative	-0.11469868230845104	0.14874106608487808	-0.1872605730973722	-0.1861122825916598	-0.038519507012494125	-0.04328508202524228	-0.1966365415525675	-0.01534101349262773	True
8a4922f2acde2e6d9574bda34b6d37ee5d0943ccb3191c98567163179ac1746a	generic_caliper	generic-F10	0.28825476556092294	negative	-0.14285855981335746	0.02555446454421667	-0.14746637868944584	-0.14407153777394505	-0.14164558185276988	-0.12191191414522917	-0.15274427081280179	-0.1202200356423272	True
8aa9a408b1d831dc9b7593c34e68d077f4890f469123833f772a57064f69e84c	generic_caliper	generic-F10	0.6308853645706987	positive	0.1531655404892292	0.01015930215208205	0.15129795302871873	0.14877470226443523	0.15893400441651728	0.15503312794973967	0.1504942968412898	0.16858490582949848	True
8c414cc0a8155da231e1ac5547e876cdac7bd027a4f367e55bb15af3d7749f0e	generic_caliper	generic-F10	0.312054059339898	negative	-0.18278169778917083	0.18641853198171215	-0.08916372483138824	-0.09191052630349117	-0.2755822568131004	-0.2736528692748505	-0.08756853947915644	-0.24449314378139958	True
8c74b7c2b150f7ef0fe440242cbc250a9860d6cbaed110ce0ba684b3f275537f	generic_caliper	generic-F10	0.658320725745949	positive	0.11394601284423406	0.04936633623514253	0.1286068261594776	0.13381470666818407	0.09928519952899051	0.08444837043304154	0.12676265213008364	0.12654396877509066	True
8c9a557a6a91e5be78a18b1f72eee0c5f1aa06d6a16d74c63a911713195ab328	generic_caliper	generic-F10	0.5959500663200974	positive	0.10729029409901761	0.11057072832121456	0.15901516391893938	0.15075269046210898	0.04844443559772482	0.06382789773592623	0.15344075496827903	0.04314140898660246	True
907296a53eab3f6332aba728d4fa5ab6c27fef1d7db4fb6e2a369a55bb5a8db9	generic_caliper	generic-F10	0.7660055006853072	positive	0.2008581925912768	0.12144550908075202	0.24111667289405048	0.2421174618969567	0.12067195281620469	0.16059971228850312	0.2385430733177033	0.16132789793901514	True
91de0a29433f4c5c2e20a5211bc3799a6f910d93aade4362da385de0176ebcd9	generic_caliper	generic-F10	0.2724911016705161	negative	-0.18325985532582342	0.1753648064630054	-0.26800262107364653	-0.2638607963290999	-0.10265891432254692	-0.09263781461064113	-0.2734281335584727	-0.09942563073743571	True
95fb204e55ce6ffbe024fc966adf70ee99eb7fcbc166095963515452dbe4c6c9	generic_caliper	generic-F10	0.3556466585889467	negative	-0.13084595318896186	0.10152373698999617	-0.08774149617457111	-0.08813814356099198	-0.17355376281693174	-0.18926523316456728	-0.08466914542863874	-0.17990017656093332	True
981198fd54071e0d261be7d57d3e8113cab934e0f030fd06c61aef8b10bbba16	generic_caliper	generic-F10	0.34012598222738377	negative	-0.19478306561236725	0.024338003911684725	-0.194415759347504	-0.19475551358292786	-0.21875376325918872	-0.19481061764180663	-0.199970826233003	-0.19646611289882998	True
9b40acc4e9e7deaf2496cd02578163e69117f7910169cfbed3cd9e04fede6ff0	generic_caliper	generic-F10	0.38591430914583147	negative	-0.11239629846497629	0.13442556907128883	-0.06163157082014603	-0.05413556736852082	-0.16316102610980654	-0.18856113643980965	-0.056515982599256	-0.1529858508465105	True
a27e1ccd59d647cc8a6fa320a8eabe686b9a26ba7c22063c38ac171e529456ce	generic_caliper	generic-F10	0.6985632713040625	positive	0.11564258009630729	0.028359450290063926	0.12359238270206097	0.12585312061876752	0.10769277749055362	0.0974936703287036	0.115207135453253	0.12698984139702385	True
a98d71072592e63574960a3921f618d1fc031fdddf2ab035b5078cb5e6468f04	generic_caliper	generic-F10	0.7459714935308657	positive	0.1690226082506554	0.07089421065504586	0.18294348676613703	0.1870860077171097	0.11619179706206384	0.15510172973517378	0.1800735820052114	0.1902429096402477	True
ac75862076902d40621612a74a5121630d962a4300dbe5ab9fc2920348a1e429	generic_caliper	generic-F10	0.6885030752158804	positive	0.12276571167888994	0.018952723130430726	0.11407209431990017	0.11385375905021877	0.1314593290378797	0.1328064821806495	0.11901131610255944	0.08953644223474166	True
b1863d45fcbfbc6167f84133841a7e02617e4b0bd60f5ccb274dfcc94819253d	generic_caliper	generic-F10	0.6163936850337752	positive	0.13528606789984748	0.06329629619629501	0.15772437690874475	0.15850777983850045	0.11284775889095022	0.09521148364220544	0.16329128097972567	0.10783232473702731	True
b1e5afecaa9a4d2c4de6138446799eb64fdf492f04737252394252792d739d04	generic_caliper	generic-F10	0.4118811101065166	positive	0.11344301100727164	0.10102089832271366	0.15968025828834886	0.1596564586700452	0.058659359965635205	0.06722956334449809	0.15761086827556708	0.054274982865280874	True
b1e7ffd610ec55623667b5e310ecb6e108e9a3873f3e6c606416d62a00a410cd	generic_caliper	generic-F10	0.4264389681482237	positive	0.1323210482462822	0.09337384277253591	0.17433168781853797	0.17547982867289946	0.08210598590036355	0.09031040867402645	0.1807772320774001	0.07974895041830898	True
b24b97aff7f53ea350523326604fd64e7c5ede0e6cc8d834f8f77a507a93ad5c	generic_caliper	generic-F10	0.24319301945211028	negative	-0.10087494367582914	0.012764608142745715	-0.10320144784826249	-0.10567338567159631	-0.09854843950339578	-0.0929087775288506	-0.0986696370791629	-0.09473694502254928	True
b45503b4de87166abd8d4c3db1a64a74d6ebdf794882e7eb9d02fa7bfcfc8489	generic_caliper	generic-F10	0.6168192331451379	positive	0.11186155911305651	0.0424734204437629	0.12887519042884232	0.13246926866127318	0.09484792779727069	0.08999584821751028	0.13473802041583016	0.08309403654942304	True
ba66fb9177045bafdfd32107778150b29d92af9d756601ae91dbdee40531ffdd	generic_caliper	generic-F10	0.2518637278671611	negative	-0.14740736179604913	0.13599743076688398	-0.21472623343673752	-0.21477582924911742	-0.07877839848223345	-0.08008849015536074	-0.2141125009332417	-0.08077070571904704	True
bc0e444c4d270eab6b682326a66fdb4370dc008746b1a2f56883af92a1642d64	generic_caliper	generic-F10	0.67126406953911	positive	0.11311332963321863	0.06102937224320382	0.1389177815065723	0.13766599616958575	0.07788840926336849	0.08856066309685151	0.1275643364467145	0.09380558758005841	True
bc7c87d5257d7c37abc6b11ac88237840feac0eb99befef9ed8e2cbadb02e4a5	generic_caliper	generic-F10	0.41339283616771766	positive	0.14103287928241875	0.06384255261260557	0.16903932400752447	0.16483758566844334	0.1051967713949189	0.11722817289639414	0.16145336424617268	0.09500909580640476	True
bf00cd10416462131a0c6be8261483b13a0bceae48c9644a8b4e66a12d1bba7b	generic_caliper	generic-F10	0.05580380754476543	positive	0.1496261473524023	0.2906521392519032	0.2942947800049217	0.29371873770846224	0.0036426407530184904	0.005533556996342344	0.29449709068851304	0.014427333640476568	True
bf39ca9b66c2f6243253e1b3481bec8153720f30628403e4f55abe5b160cafde	generic_caliper	generic-F10	0.2520236904826999	negative	-0.10861161850475393	0.05942061649966246	-0.1384902007930517	-0.13419951064570584	-0.08302372636380201	-0.07906958429338923	-0.13096181352907266	-0.060839413542406295	True
bf85bd07a35937447a9cb474ecfe4d196adbe906ee3af9e2f2389584cf2d0350	generic_caliper	generic-F10	0.30767447134389103	negative	-0.16871019526966297	0.1506639759503986	-0.22722668766100806	-0.23188526161379297	-0.08122128566339437	-0.11019370287831787	-0.23580245980808145	-0.09914527847051269	True
bfbd5cf6aa584eadcf2ce5bf7fb0eed74ef891fab7fd31f126205db606f3a544	generic_caliper	generic-F10	0.6342016188324596	positive	0.1136595786843195	0.0796967916805657	0.1503857379617703	0.146338730393425	0.07068894628120459	0.08098042697521401	0.15095582138818797	0.0658595204914828	True
c07dd903f14960add210f2dc3a2d3a797686b0c4e69e13cf48af04a3e508d791	generic_caliper	generic-F10	0.5616395130074412	positive	0.20238591106552906	0.06850573203043464	0.2238804556036692	0.22352334235561877	0.18124847977543934	0.15537472357323456	0.2264464215961593	0.16572925620627982	True
c25cdafdd7b0309eb3ce9bc5487e1f44a256d1699f323088caa7e37eb8787208	generic_caliper	generic-F10	0.13443188700649794	negative	-0.11440123987442784	0.019918064285419423	-0.12165201150938126	-0.1252445790536278	-0.10532651476820837	-0.10715046823947441	-0.11635489134276861	-0.10004683960271962	True
c486ec64f85d9909287c3d8f924370ef6a41af8bf83a85a10335d7bbd5b66d5e	generic_caliper	generic-F10	0.302629351998764	negative	-0.11302410773691174	0.10438406681365686	-0.1571050643441662	-0.1590715027932918	-0.06894315112965727	-0.054687435979634935	-0.16142674044501687	-0.04019132543725129	True
c6af878c378debe4d03e7fe67775c2cf7a1af0de2fb2de7020143d1ea817705a	generic_caliper	generic-F10	0.6509923064708667	positive	0.15408022046758807	0.11143273760681838	0.19875528187271418	0.19667032598125722	0.08732254426589581	0.11149011495391892	0.2031677716277986	0.1090174167995378	True
c6d301cb62ddd74e11a66bfadcfeeb2e8f119a1942c85ddf7ee68896ba26d5c4	generic_caliper	generic-F10	0.8595596058028344	positive	0.3316458997319779	0.12013987132546894	0.3698002889536027	0.37364414462591183	0.29349151051035316	0.2535042733004429	0.378257671401551	0.2619892174591607	True
c8dab27e94c3bcc7299909c3ea0d530a9338d31ad1a8a344ee7de755d46abf4f	generic_caliper	generic-F10	0.20695873333874237	negative	-0.14952722586220457	0.10391941000081012	-0.19296210663808921	-0.19758942351942993	-0.09367001351861981	-0.10609234508631993	-0.19820826182241363	-0.08896786267786677	True
cd681808eae8ea2a1a620408542f8de98d7129337715500637da8d78c4834b68	generic_caliper	generic-F10	0.2840544310550293	negative	-0.10485344505639427	0.06233947523588834	-0.1313466319911159	-0.13685833779480577	-0.07836025812167263	-0.07451886255891743	-0.12939082812071945	-0.0708715087045278	True
d23922c714af382408c07daf1e075829eb6310a8872dab0192283a75881b2861	generic_caliper	generic-F10	0.5790189466240405	positive	0.1395506227225839	0.03337375664791137	0.14189492813599336	0.14198239211717467	0.13720631730917443	0.1086086354692633	0.14247879168305239	0.0987039215843798	True
d5713792d3075eb192ec5de2c4afdbb824e25cf48953148fb13065d9e00d2dcd	generic_caliper	generic-F10	0.5011630352509585	positive	0.11129520991236924	0.06481673881034544	0.14199417507577367	0.1378609954707527	0.07717743626542822	0.08472942435398578	0.14633773060539407	0.09385233560219192	True
d58120d4ef2221cdac326dc7743093f809af3fda2a5bc447143f06503483b07f	generic_caliper	generic-F10	0.7201337966570958	positive	0.11972483536659395	0.019520373996002482	0.114141216257581	0.11286142549421752	0.1253084544756069	0.13238179949022	0.10452184453809332	0.14175581501278856	True
db872f605fe326b1ff6c2b2beb3ab8eae60aaae7a0d7e698c99d8606ba36b396	generic_caliper	generic-F10	0.09408084491561547	negative	-0.1188049792373576	0.14888667882810067	-0.19249234460047132	-0.19226818715871036	-0.045341771316004836	-0.043605665772370655	-0.19161686636212227	-0.04285015458253727	True
dbd693f02100cf6a6b99f07fb95da7f69654761604a15d66e8372c62a50d06eb	generic_caliper	generic-F10	0.29235060768187193	negative	-0.1920444176137764	0.08750172911434745	-0.22518244614295302	-0.22509308192231037	-0.13768071702860557	-0.15899575330524246	-0.2301377310574817	-0.15751906938020943	True
dfbe66cfd7b055062483f8e5a94fda8850cbdb226d777e44531a87edb3f75283	generic_caliper	generic-F10	0.6647960870145644	positive	0.12005990814329853	0.060173440581618554	0.1354200400310951	0.13276539678541233	0.07524659944947654	0.10735441950118474	0.12932129900934874	0.06369040374068635	True
e1d120480e077e3b07d219d6d0a991fe47e30ef01e8faf4eef4a5b3d6470ff69	generic_caliper	generic-F10	0.6577348213486109	positive	0.20412450049898304	0.06464279486403568	0.23504772280107977	0.23528837251242662	0.1732012781968863	0.17064557764839094	0.22775049001391612	0.19589912104995738	True
e565f8796b8de4e270ced98e7ab3c1b657341720e2a4a117727a46f10057347d	generic_caliper	generic-F10	0.4000307970079478	negative	-0.19493406982436667	0.060445533183204	-0.17152613598214134	-0.1731242098279992	-0.21674392982073415	-0.23197166916534534	-0.1660990170636975	-0.21186113843423077	True
e60e694c72642f566eb4e2f5ccc4df0ec013c22b5e7245468fd9f547ad40e725	generic_caliper	generic-F10	0.3275033010105013	negative	-0.11108036820241016	0.09178060126226723	-0.13459527251541192	-0.1338538084933123	-0.08830692791150802	-0.0428146712531447	-0.13113729983216954	-0.05593890272528057	True
ea5b34a03eccf6e6decfd5b5862ad54d0b2cf7c73f032b9a977cec272a03ba0a	generic_caliper	generic-F10	0.43663832330094926	negative	-0.11760271306074183	0.058645715618866	-0.09318872526356498	-0.09747756368901866	-0.137727862432465	-0.15183444088243098	-0.09624807691118659	-0.16128635330374214	True
eb404523612c9091698b7038843939bb76a8df94be51efc20f4e8617fbb2808a	generic_caliper	generic-F10	0.6497667971329623	positive	0.18359626392726713	0.09761463505914914	0.22190750671799553	0.22208636718221664	0.1244717321230675	0.14528502113653874	0.22005529937142698	0.11170022873067331	True
ecb89dd5e79fd81dfa933c099925d5dc192cd44ff56523242dc676aab88e6f05	generic_caliper	generic-F10	0.6023655682352351	positive	0.2063349671164501	0.09878599472153815	0.24348164570184255	0.2392074992952128	0.1446956509803044	0.17346243493768743	0.2487396382966256	0.14761203892469965	True
ecbb42483c319ffed1b7e41bb65a7a72e50d947cab8746157f73a42861097b40	generic_caliper	generic-F10	0.24659562572053767	negative	-0.1504453451511814	0.029963686269125767	-0.13920891841937338	-0.1380001648956356	-0.16168177188298943	-0.16796385116476137	-0.13364355991604998	-0.15233543481102946	True
eeea31f9b2531b484ee59b00afaa34a758b4084234badfb585986f2e4cb0e0c9	generic_caliper	generic-F10	0.5991130808158248	positive	0.10869272749547071	0.08998639285647447	0.13789455411166462	0.13486495137369559	0.08252050361724583	0.04790816125519015	0.13513488392169626	0.0906448004238134	True
f14dfe85576d5bc3f3d86fe2a1daf5f78c4f50519298677566d3d7114a628625	generic_caliper	generic-F10	0.3145099975521275	negative	-0.11572199822790535	0.015639106229563937	-0.11670208420980632	-0.11634196990377466	-0.10106297798024239	-0.11510202655203605	-0.12250077100951612	-0.12860667879725246	True
f4b8df220c80ab741f7ec4f6ff2aa8646dcb70a9ecc8747a82fef4dec745f022	generic_caliper	generic-F10	0.7824835462853138	positive	0.2015001423247869	0.04689767794275268	0.22248845593317046	0.22221942486533464	0.17559077799041778	0.1807808597842392	0.2175793081544295	0.19816106576639503	True
f871545d047adaf45c32b65e73ed4efcb23bca29e837d1109a2e952a2d3819aa	generic_caliper	generic-F10	0.46017346395887043	negative	-0.10353290531378967	0.062121978345204276	-0.0806768547856696	-0.0770666469264713	-0.13918862527167558	-0.12638895584190973	-0.07755248483357852	-0.1220535846223138	True
f959155fb54cc6bbf1bb3ece95d03a3fc394daca70a85db49088296d18fe2e2a	generic_caliper	generic-F10	0.3189414666177399	negative	-0.13280695069597964	0.03561268242861043	-0.13492446017591697	-0.1306894412160423	-0.10060862871371756	-0.136221311142328	-0.13003308615038356	-0.08592105284800555	True
fa1f2c0f64258d34e27eb6f715a1a0750449d05a7ceabce3cdcd9b1374babb72	generic_caliper	generic-F10	0.4527691679326633	positive	0.12482489739063787	0.03812971385805558	0.1461655963143036	0.14030506098916712	0.10934473379210863	0.10803588245624801	0.13441985953491042	0.12077833887289746	True
fa33619871ec3509eb1e95abd5e1c13cab88ee36cb9c3628c012baa06fee9bee	generic_caliper	generic-F10	0.6607503987969204	positive	0.11417479492224458	0.11873288502502499	0.16135400139570555	0.16601977664587675	0.047286891620851756	0.06699558844878362	0.16549534040037828	0.079569321733165	True
fb88e6e684f72947884b7ffca66246614141e56755a392776ebfcf1b6d71268a	generic_caliper	generic-F10	0.6051140568262293	positive	0.13895963680134762	0.07648807188655882	0.16519109854686526	0.16688847903767823	0.11272817505583	0.09040040715111941	0.16870063477514252	0.10118050620980379	True
fba8166f14b87df6d4af7622e32e7bab510c5596ab79a0529a71c64057fa59b9	generic_caliper	generic-F10	0.19736755722010088	negative	-0.14622785878199088	0.2654098782348716	-0.2733397766437452	-0.267510925393566	-0.007929898408873592	-0.02494479217041573	-0.2723968522555186	-0.019509867350114674	True
0421d8c22551314026a5d4aeabc7630be6a37efdcbc13916bbf73d3090f45531	generic_caliper	generic-F11	0.2998921060152064	negative	-0.20677758356132098	0.03850819046859638	-0.21841651060044648	-0.22582630755654137	-0.19513865652219547	-0.187318117087945	-0.23054140255870953	-0.19539074855465915	True
05c13e54c0f0bcf02799e59311865e157b9720b92c54a68a6dae97b6b2f90619	generic_caliper	generic-F11	0.3606053012516081	negative	-0.186804552842404	0.02060041734801421	-0.17886730562666192	-0.1811669812215589	-0.1924421244632491	-0.19946772297467613	-0.18993468037513977	-0.24048699533574364	True
06910cd04912200ed0d438aaeb331b97ca3d3f0e72b33f25455dcb29f1f8569b	generic_caliper	generic-F11	0.5966447152735398	positive	0.1833872048605531	0.08041576344035767	0.14654970957156183	0.1453236713086017	0.22573943474895936	0.22022470014954437	0.13862917100516137	0.22176888644421683	True
06d0400bdd32ae5abf2f5d4ab499b61ca71f4a6bc9931c8cb4d4a9aa69f047a6	generic_caliper	generic-F11	0.6528498981271142	positive	0.15864306452346216	0.025723940879002982	0.1578983596381177	0.1593877694088066	0.16722048369348286	0.14149654281447988	0.15205634702384474	0.14008107844966733	True
07f32dba71c1516115a273d279670c05c7a22b6bff577d794140deb005f67621	generic_caliper	generic-F11	0.33519127449407776	negative	-0.13393641591801866	0.17993213990203827	-0.2024853082292098	-0.202942019978324	-0.06538752360682754	-0.023009880076285738	-0.20934919062834528	-0.030450476485876676	True
0873de279eab9fefa7e62395d0bcf5740011f1911e1f35b02989c74810b08639	generic_caliper	generic-F11	0.4296890529957319	negative	-0.13706580693474407	0.050498704095875424	-0.145847169935441	-0.1499080457446702	-0.09940934164879478	-0.12828444393404714	-0.15241036174304579	-0.0960112765759199	True
0a65dba7e9195f7c973976eb45e1e8f751fee27de0d8a4bc680f74e16eff47d1	generic_caliper	generic-F11	0.2839405026342245	negative	-0.12043611839065191	0.11579609988616107	-0.17130381446245452	-0.1694172324070603	-0.05550771457629344	-0.07145500437424351	-0.17779270779726325	-0.050583274675647105	True
0ae427af4e95ebc4f738c469dce76677c520c1d036052ab4fc014817a1d10a57	generic_caliper	generic-F11	0.4800606456941501	negative	-0.14634957778297658	0.031352024292146785	-0.13377133086254922	-0.13788728585803445	-0.15481186970791871	-0.165123355154696	-0.13423354753544503	-0.1301087767083552	True
0b1f3f5caade04fbb8e352f6700e3fd7321ea33cedb7f386997f37b4c037775d	generic_caliper	generic-F11	0.33207957308472114	negative	-0.12471034061491418	0.01731244376611335	-0.11741532080193462	-0.11637643128657182	-0.13368887505268517	-0.13200536042789374	-0.12208070532633664	-0.1629525454929992	True
0b580fe578f8aac9c8bf14e9e6bed07bac50f81b5d8cc8a1476198877b589b94	generic_caliper	generic-F11	0.3355451081447407	negative	-0.11068416612787602	0.05786749296210203	-0.1350705553451209	-0.13497922635587256	-0.07720306238301888	-0.08638910589987947	-0.13838758478975882	-0.06359672137637712	True
0deae25617b2d88586efeb86a5ef01757261a9445c8d2d9e55dd865a4eaa5cd4	generic_caliper	generic-F11	0.29355749915783275	negative	-0.10207123289234071	0.027822426378310505	-0.11349535749168088	-0.11211373114541917	-0.09202873463926226	-0.08567293111337038	-0.113163268269518	-0.09058728031815017	True
0e3564c6e8e237b746e4423d12b6b7e494feb6f139fe9d25e03a8c3d9795e8c3	generic_caliper	generic-F11	0.289689359250493	negative	-0.10776400414112086	0.13027601169351233	-0.17060745597937355	-0.1645195797571024	-0.04033144428586122	-0.051008428525139315	-0.17730852238971667	-0.029554325308078777	True
12836e0a932a057de9635e21feb14240494ae18266e46be5d7e17ae9f59619c7	generic_caliper	generic-F11	0.6262897498604121	positive	0.12825462720047962	0.028184958163788965	0.13973385134010524	0.14377990171041555	0.11677540306085399	0.11559494354662658	0.13764497657686514	0.04722856612985227	True
12b396e7dc8efaca437427967b8615d4526bbde48a8ad4debc68dace5341972f	generic_caliper	generic-F11	0.6679941065994647	positive	0.12951423751662622	0.04401408048481181	0.13610970492037056	0.13451146615153198	0.12451700888172046	0.09209562443555874	0.13100408981779654	0.10630318057785926	True
14913c24f3a68bbb9a41df6267fb8a39decc9f955db7dc34ada19c97c106d50a	generic_caliper	generic-F11	0.32572884461957885	negative	-0.12474177378227969	0.0396574053617465	-0.12441423866156631	-0.12506930890299306	-0.1326770293754787	-0.0930196240137322	-0.12418338004434731	-0.09739990026674344	True
1603c238e2d4025d5a18aac96a676363fcb85594b1ce8638ea4b74e1c7691d3d	generic_caliper	generic-F11	0.6600693390298182	positive	0.1475516369226566	0.11694794277918225	0.1900381658669804	0.19067415324099807	0.07372621046181582	0.1050651079783328	0.19088396165785765	0.07609320898566674	True
162c4c380dd747b4dfe61381a243eb0f3b2c2ea5623ceedd48e36db5dbee8240	generic_caliper	generic-F11	0.6642205135270659	positive	0.24537603229164057	0.07378100149115352	0.2664631068494661	0.2687703636684727	0.22428895773381502	0.19498936217731916	0.2651445763946651	0.16898270124128656	True
19f53a85a371cd4a8ddb24be02f94eeb0051ef3dadf531039ec45a03f541d0b5	generic_caliper	generic-F11	0.2985217858511058	positive	0.12977972554953	0.03945820923795276	0.11889134181399322	0.10414112760318281	0.14359933684113557	0.14066810928506676	0.12150524100148927	0.14031197501383808	True
1cad8928375589cceb390ebc4ae97ec4154f968d2c1b4507352f0ce6c4595cd7	generic_caliper	generic-F11	0.6079299477075658	positive	0.11570994114278621	0.05456613564225826	0.09886016272200149	0.09600523822362717	0.13255971956357093	0.15057137386588543	0.09106763870481904	0.11992312902041374	True
1d9db8a4a9ba4c8bad8f4be82347e48128c22d96b32809ac6fdabcbe93d2c440	generic_caliper	generic-F11	0.5913064750869074	positive	0.1543025672152129	0.02551891216563945	0.15439821736310938	0.15420691706731643	0.13768749604613095	0.1632064082117704	0.15054084766373949	0.15421150010327328	True
1f0ecb2aca8319e5d46653e10a33facd1a5b1e378042022d601e7f84e1173e09	generic_caliper	generic-F11	0.32249698102917834	positive	0.1232090706703438	0.010640350597486858	0.12857575644599017	0.12630502003169058	0.11793540584850332	0.12011312130899701	0.1266417301418828	0.11369263960360493	True
24260cb1f000c97223c5d8cafbc40314cf622a181d197419ca13cb42a75fbe09	generic_caliper	generic-F11	0.21979043004901977	negative	-0.11900483137431689	0.014253691182193162	-0.1137711010682228	-0.11018695407287554	-0.12423856168041097	-0.1244406452550687	-0.10971768696735201	-0.13883021612529473	True
2568ce309672d9fa58f0930d0ee8efa8929664c44bd6c6383b922ffbc0040d0e	generic_caliper	generic-F11	0.5780840408336783	positive	0.10981414994406308	0.03268337043480496	0.11037588271612264	0.10925241717200351	0.09091748447509657	0.12360085490990153	0.10474166109480476	0.08174171979191946	True
2b3519bce8fa01dcda410ccba946ab4642f7fc0b3164086c9a301c5b96768033	generic_caliper	generic-F11	0.45120423815903093	negative	-0.10782818559510404	0.02718533941481649	-0.09664349263927813	-0.09473438857855904	-0.11901287855092996	-0.12191972799337553	-0.10364394109778413	-0.14543812257887428	True
2bed07e1ed25e17baeeca8ecbe27b0ac7f5231ff4685e7b09385040311b8ccce	generic_caliper	generic-F11	0.29919947902269506	negative	-0.16497972632206584	0.03915650457551023	-0.1804529380682952	-0.17332244131614788	-0.14129643349278498	-0.1566370113279838	-0.17953002144733493	-0.1498856827867594	True
2c8fcd0036cafa7ebe6c0efe00c5109ee271081ee153988fade7ac133693cadb	generic_caliper	generic-F11	0.29252309375242025	negative	-0.16600899128777086	0.03232866711080484	-0.17410816632102027	-0.1757221791191375	-0.14339351200833267	-0.15790981625452144	-0.1800324197496862	-0.1599030463900265	True
2cd9efc7b92407697dca2d67b934985c6bf86ccb4a6eea2e7e18865b6d7bc5c5	generic_caliper	generic-F11	0.40886174659903807	negative	-0.20852073343648259	0.03538917563085353	-0.20620305982674847	-0.21169709259223346	-0.2108384070462167	-0.17630791696137993	-0.21836899400342213	-0.24472896312695536	True
2e9355f4ff7107eeac8481889366ed6d0802fd867f99dad438411fc13c269e23	generic_caliper	generic-F11	0.3137727666254637	positive	0.13177942912584148	0.12641496168168476	0.19159969694625412	0.18529224771427652	0.07826661053740644	0.06518473526456936	0.18796340127853306	0.0571880688413991	True
2f09677b66620b5c7299cddbc67db9633d63c57a46f67c06b8d76c068dd76a69	generic_caliper	generic-F11	0.6734994639042711	positive	0.15191633339907296	0.052252665660942665	0.1734754720603	0.17362758429331993	0.1303571947378459	0.12137491863237726	0.1715724109462735	0.11468831231870258	True
307ee424fe38d53288f113885f0e39a62c89ab0f5fbb17844598c0d835fea3ba	generic_caliper	generic-F11	0.40863373638852807	negative	-0.13924017513709758	0.048030294905504256	-0.15106669986194865	-0.15006424265211693	-0.12841610762207822	-0.1030364049564444	-0.1545024117664484	-0.11303738543609165	True
322017eb7fb2d1c85404d2ca0e10b7d17d986454f81f3720095d468d5711fbf0	generic_caliper	generic-F11	0.2789709432555678	negative	-0.1771811605436532	0.04563945796799951	-0.19246178311781714	-0.1913323772339945	-0.16302994385331193	-0.14682232514981763	-0.19887542759705845	-0.15123377571408175	True
340fcb78fa2c4f5f22e7766d9f006e57410389a58bc966431fab6d490edd8f3e	generic_caliper	generic-F11	0.43761698734273213	negative	-0.16280473006129842	0.029633503903649716	-0.14527979759556098	-0.1514890919562264	-0.1749133014992107	-0.17412036816637044	-0.15747003971622242	-0.15531887651544174	True
343e4b444fc766d35fdc95554433d11ab5d7d1463e0d3e24f08db3b2b1d3d635	generic_caliper	generic-F11	0.6165724832846677	positive	0.1201911416963602	0.0744496288158063	0.1029064805668014	0.08643926134029345	0.16088889015609975	0.13747580282591898	0.08965509838316077	0.1414120361616713	True
387d17ef5b8d4cdb5b51605d218b997a0e559c0230ab6fe499191f24b9ef10f0	generic_caliper	generic-F11	0.36133014898175936	negative	-0.1309985627787878	0.07898152019317062	-0.11243607491728574	-0.11700434650347419	-0.1449927790541014	-0.19141759511045636	-0.11208591764628034	-0.20362131825658708	True
3a91d1aa0c6b685bb77ec5a194f639ec19ea6fea59d10813965d6d87c5a968b6	generic_caliper	generic-F11	0.23727395688598168	negative	-0.10622955393077554	0.06729296923310862	-0.12249764403434515	-0.1241918442340596	-0.05689887500095098	-0.08996146382720593	-0.12379411128833301	-0.05729667779731262	True
40e3757bddb8a529d78052499176e81aaa8c73518b2370c9e9544e2cda549793	generic_caliper	generic-F11	0.6074647165442579	positive	0.16564997010458735	0.18752055694423403	0.2394334440491372	0.24300730103946383	0.0554867440952298	0.0918664961600375	0.23803051852684615	0.05036866473142798	True
446e4c2e75ec9cd53cd4ede95a0f91641f9233f5b7e482ae4a51b58205d170b1	generic_caliper	generic-F11	0.569599443759568	positive	0.12925241559566317	0.09642973026785917	0.08766852838432432	0.07913450032845315	0.17556423059631232	0.17083630280700202	0.0798101111499509	0.18158237252963572	True
466737f9d16b5efc81cbddead0efa6bdc575311c45f930c6880f6bc77a38edbc	generic_caliper	generic-F11	0.34287661044662887	negative	-0.18047493163278258	0.08941610635088809	-0.21880274928491772	-0.21809089809550797	-0.1428589651700572	-0.12938664293402963	-0.22382465532988616	-0.1328044457676918	True
493eb71682c8531e96b081fa441edf4e5a3855766bcbaa1029e253a43528f832	generic_caliper	generic-F11	0.034597681514511876	positive	0.1121115281102889	0.22218799180931417	0.2226659027236933	0.22282506062368446	0.000637068814370291	0.0015571534968845252	0.22823823127067783	-0.0014615072698738324	False
4c32ec3680e292ddb1b5d2e2c85bbd34e819d5082a2d42551fa9f358f154ced6	generic_caliper	generic-F11	0.5544017053829144	positive	0.165182088993853	0.04341629209878217	0.14544361800857625	0.14597182467123598	0.18439235331647003	0.18885991010735842	0.1420246368445937	0.1853136984344413	True
4ece87af9ce24dfa03d593e7898f9299b32b7649b08327acb5c08bc725efe0e5	generic_caliper	generic-F11	0.597094236630497	positive	0.12425818509168757	0.07317251852601292	0.1585588916888796	0.16255080221355034	0.08995747849449554	0.08937828368753742	0.16023097537637393	0.09044309240505566	True
5447c703b4d1fbca27a45be33ba2526e12537eeee6948a80a89b60b3b98abc28	generic_caliper	generic-F11	0.34807948359715374	negative	-0.12375677128857587	0.045849881659696556	-0.13675040769305685	-0.13594254164233482	-0.0909005260333603	-0.11157100093481692	-0.13939751164573116	-0.099296227561196	True
57445f58f8c1f97afc22f514a8f9b58f18a70905698bd531ca0672cf529b7016	generic_caliper	generic-F11	0.2610257013471475	negative	-0.15573315745642574	0.01650057474492922	-0.1607422629748428	-0.15344312297511503	-0.14424168822991357	-0.15802319193773645	-0.15984544869585787	-0.1439147289708848	True
58558471af983819b667a097417fd88cbb8ce3a7d7c941479a3533ed2dd74202	generic_caliper	generic-F11	0.3079853368356987	negative	-0.14611407321372646	0.03613702062153534	-0.14963598065073153	-0.14690778358407802	-0.1453203628433749	-0.11349896002919618	-0.15441501354942455	-0.13282994870363285	True
59d7ca0744c91e4212fcee36351d5fa83fbdd044f45186f3f1d6d66a63809588	generic_caliper	generic-F11	0.641347028340662	positive	0.1247037627396266	0.07245785492414947	0.1587231119840118	0.1524522177284922	0.08626525705986232	0.096955307750761	0.15364074729820976	0.09436834072622369	True
5d5abfcd30f8fa95fc9bada2036f0547f43d16957d96e2c37c806ff2d706e555	generic_caliper	generic-F11	0.33666891259906223	negative	-0.11191094841365229	0.030687072321116782	-0.11170910125526218	-0.1121127955720424	-0.12089620382962823	-0.09020913150851145	-0.11898911062751821	-0.07388003079578198	True
5d8e1d522665d66c0cfd8f537f367bb73197a6f3286fb787dd88cf5da7410c76	generic_caliper	generic-F11	0.5237497699623876	positive	0.1351050256686412	0.006564988801515403	0.13730595557919756	0.1357132738098621	0.13074096677768215	0.13449677752742029	0.1327441954004544	0.12663372978114829	True
5dbaa02d9adc19befe60b962ad72f95e8a36984f4e14fd722b0c5ff522a3cc6e	generic_caliper	generic-F11	0.1542309779733912	negative	-0.13912606587023701	0.04875024960131641	-0.16073350220918542	-0.16405394042383903	-0.11530369082252262	-0.11751862953128861	-0.16008760546848955	-0.11257551558900264	True
5f40507d40e8a5a28f2c5d8a93e5acb59b6f6c69fa4cce0c22b5c007a9b6796a	generic_caliper	generic-F11	0.018208506912380355	positive	0.11071091188854104	0.22008522374935466	0.22105909191745216	0.2164361311915881	0.0009738681680975039	0.004985692585493974	0.23766303965609276	-0.0036623918804368633	False
63a619d56dfd6bce27ce598ee0425b644a9b044ccb1899a3bd53b33b0f1b7ca5	generic_caliper	generic-F11	0.7173500583025155	positive	0.167884268420047	0.08849762827105445	0.20746644208494913	0.2098409842411021	0.12134335597004764	0.12830209475514487	0.20247961842414475	0.0977252922930093	True
64d5b522996d35f38a543f4a146963170e22d9650c1bdd38fc09d893f15371b8	generic_caliper	generic-F11	0.5911883137885532	positive	0.14847939447774333	0.005819454112350242	0.14748421734824047	0.14480809704991954	0.1494745716072462	0.15062755116226978	0.14211702546104255	0.12717104511761756	True
654ea807a780f57edef98212040a84cd188184cde12892d660ebc2493bccfb47	generic_caliper	generic-F11	0.1682202081805138	negative	-0.1366197344673517	0.12920114133180416	-0.206375684400398	-0.19513251137504567	-0.07810695755965777	-0.07717454306859384	-0.21035816809412666	-0.07676757131158632	True
6848963bea3fe720581b7bbb2c8368f31618c2cc67baadfd67f95381b2b05f65	generic_caliper	generic-F11	0.7007258326965444	positive	0.13918557826954808	0.060091530828681794	0.16159164773342682	0.1661987240955548	0.11677950880566934	0.10610719326687301	0.15716638957733386	0.07571874822480684	True
6e14650424a2216cf4289ebd392c63b5cea281d65c21ba5db0ec5ace02e3e325	generic_caliper	generic-F11	0.3488766819425237	negative	-0.26032995405415327	0.05523160736327859	-0.2779261590175675	-0.2842454268694679	-0.24273374909073903	-0.22901381950618932	-0.2917306863138395	-0.2714628652199484	True
747bee404f8a4de29a3456f8b34c4768619590e37056b7e91dd7383af0968600	generic_caliper	generic-F11	0.3328328813633635	negative	-0.1235617767110885	0.03661429267704719	-0.12275986907636022	-0.13392696933066878	-0.1243636843458168	-0.09731267665362159	-0.13196690561306634	-0.12042250551052514	True
77a80a2496a57056c2b8f46ccc404f93a500d8646235d3c65523359450ddbce5	generic_caliper	generic-F11	0.6286354468760715	positive	0.1888671260647103	0.07337126052845516	0.2129208364527811	0.21728556455601455	0.1439143040275594	0.16481341567663949	0.21585047814880093	0.1250858018939056	True
7df9e1fdd20b9e050e5cb44d983ef9a4675c7d910ffd40b5379284778a41791d	generic_caliper	generic-F11	0.4445661611133819	negative	-0.1072908101720309	0.11687708881329462	-0.15350040278122112	-0.15359998294234312	-0.061081217562840684	-0.0367228941290485	-0.15511701990655202	-0.04329989529845385	True
80fa241aee69de1ace117dfd0afc04aedecb0badc38fcf5b1341f36aef62d024	generic_caliper	generic-F11	0.3326180898583779	negative	-0.12786809275434152	0.023012486909355978	-0.12833752774417656	-0.12739865776450648	-0.11794364986073391	-0.1409561367700899	-0.13532210550203022	-0.1218131325661993	True
8264c9ce9baeec1f5e75dcdb763cd93a437251a96a77234436c6385b113c69f4	generic_caliper	generic-F11	0.4436994220246668	negative	-0.12918625924970606	0.09712010355075018	-0.0819386340728448	-0.08437883538856944	-0.17905873762359498	-0.17399368311084268	-0.08884774257517575	-0.16006644135717668	True
84d3ec852bf22225a16cb5db9e01ac93133c2feb13d2a785069f84d63c1b4835	generic_caliper	generic-F11	0.7835927061265431	positive	0.21045901846726234	0.051586228113852384	0.19861876861826777	0.1926273578371407	0.2222992683162569	0.24421358595099307	0.18832817844273209	0.2074285029814703	True
857a1246cea170636b69e5dd2e9731e136435273c5f042d847276694e8af4af7	generic_caliper	generic-F11	0.35993964855574834	negative	-0.11619313833727615	0.08309667071640509	-0.1475365129710905	-0.14374094901768175	-0.06443984225468541	-0.08864532765687055	-0.15081069848478246	-0.09682694768880107	True
8608eba6d850550890af0770dfe489b620772d849e3fa651ec4e4c9dc33ac365	generic_caliper	generic-F11	0.20094438442967538	negative	-0.14286952260343888	0.19963433765943592	-0.21791635889704586	-0.22803440904688704	-0.0678226863098319	-0.028400071387451126	-0.22995305519742826	-0.053340359401968185	True
8784933db62b33ec3220a1116ca4ca8edd70ca870d853dd69a4cbb9a61ee7c56	generic_caliper	generic-F11	0.6458091362837144	positive	0.1038637767592378	0.040074204839706584	0.11733250528989392	0.1230428227652347	0.09039504822858169	0.08296861792552812	0.11544143873289636	0.11299395318806604	True
8ffc03c88e28415d37f9bd18ed788ae0323739a36143db97694a69d1fb19f0b1	generic_caliper	generic-F11	0.33838376415450977	negative	-0.12484087746158695	0.059617500653062205	-0.09742465772615538	-0.09504352048612746	-0.15466102113918967	-0.15225709719701852	-0.10312665335096377	-0.16987792114945233	True
91a9dae4eae211f619f82562e6148d51a2a3a1fb46205d756fff884f002b261d	generic_caliper	generic-F11	0.13436924991539687	negative	-0.11777916283766703	0.07937794848329457	-0.15817482249526374	-0.15162937350564867	-0.07879687401196916	-0.08392895216968538	-0.15377767660467903	-0.07643282137793311	True
91e35b2daa2a7b14a0d7750f1b616bcfdfba72f6fb82c6a269380df1b0ec111b	generic_caliper	generic-F11	0.27344683073931686	negative	-0.1632171790201019	0.11305102439187154	-0.12597998032972701	-0.1262219836293642	-0.2002123744108396	-0.23903100472159855	-0.1347971659482305	-0.20951452716101104	True
9539ba37b56fe72b228f4759302de45b8c9720775cbb5ca98f6624a60f41350d	generic_caliper	generic-F11	0.3117388388360902	negative	-0.1584180029187696	0.09706498815416431	-0.12446787610159588	-0.12262480063349179	-0.1923681297359433	-0.2196897887876561	-0.12266188019961011	-0.19153789746699312	True
964b604c47229db6bb92054528b76423adc84ca0675cf6b128a83f4876785f0a	generic_caliper	generic-F11	0.34592912570953044	negative	-0.1404221754506374	0.09094522091121693	-0.1025183246639167	-0.10244733274083612	-0.19339255365205305	-0.1783260262373581	-0.10547124597231583	-0.16524568585425842	True
96b51c88873e68e14184f0546ef939520051f835204da4f0179456b863c4a200	generic_caliper	generic-F11	0.6977003687181939	positive	0.1733158487083919	0.017833354843835636	0.17254340119104838	0.16917278986544482	0.1740882962257354	0.18700614470928045	0.1640019325373374	0.16536719418937862	True
970c55c7043310e51466b23dc1cde25202a37d5b310430eb7582a21c16ad3fd8	generic_caliper	generic-F11	0.6310960384489732	positive	0.13354394248912402	0.14695256755805497	0.18556733359625294	0.1859684391575921	0.0815205513819951	0.03901587159953712	0.18869334199218718	0.03320611733129031	True
9a8edfa2aee7f5ce47703b2d9084415e3a02d1c4843b4c9d0c5fa1cc53a69ec4	generic_caliper	generic-F11	0.5734583263377149	positive	0.11909132107968601	0.16806459226879467	0.18465049829122138	0.1900022977507092	0.021937705481914538	0.05353214386815064	0.18919040576310064	0.06331729011491627	True
9af445a726c05ad2ef203a4d9dd2a1e33c09cb8a74de1f04ae831e41417c38a0	generic_caliper	generic-F11	0.3410080986169024	negative	-0.2206854897295199	0.026214289574764904	-0.22258212481829087	-0.22255531317914445	-0.19636783524352597	-0.21881566627989535	-0.22812406036439592	-0.20646095133381026	True
9c734db11ee8fae8b7fd44137437b16576e55a385994235ce57111bee693405d	generic_caliper	generic-F11	0.6533740965364103	positive	0.13960020448958715	0.04103970951691871	0.16154960527993711	0.15703828019172816	0.12216212878744614	0.1205098957630184	0.15137911926588155	0.12780368793565655	True
9d4c920decd4892c33fc1f94ccc17199443e7389c25e825be9ae15dd7b36e930	generic_caliper	generic-F11	0.4260350662278121	negative	-0.11613274772370497	0.056351559683911256	-0.11499324164536767	-0.11727225380204226	-0.13677705487813346	-0.08042549519422221	-0.12265392330677	-0.0910874486913093	True
a70624a9ceee63e920461ba0820f8bbaae4360f20d46cf0181d7f8dc6a997c5a	generic_caliper	generic-F11	0.33708391089003864	negative	-0.13368731516919374	0.035802605567001766	-0.12276374113175825	-0.12173585324894909	-0.15753845881595085	-0.14461088920662923	-0.12375540644097466	-0.17263662809891644	True
a85481a94d82269728cb22a68266b8fbddfa919f501eccfcf4c0667e6e23a81f	generic_caliper	generic-F11	0.569534065454908	positive	0.10972683046550016	0.04685730017263401	0.1286625007250245	0.1238366822498056	0.09561697868119473	0.08180520055239049	0.13048488368122813	0.05844122541841268	True
a9b058a4fad0d88ec3d9849b0507db7052df4f09c19f84c2af9627b40ddcd7db	generic_caliper	generic-F11	0.6828084876852907	positive	0.10585939672455469	0.02285120985054856	0.11886442260758023	0.11481609711776553	0.09601321275703167	0.09690269633134385	0.10732919223691484	0.11042038016079447	True
aa7b0fe3ef2263dfdb8a45f22a807caa240e55d20e0f6511e1efe50f59c7ce30	generic_caliper	generic-F11	0.6171128784421265	positive	0.16806763632831015	0.06275129548189162	0.19292209890108047	0.19456285407687257	0.13181155859498095	0.14321317375553982	0.19208511928307276	0.12795693975185618	True
b0068e2f4aebb5dee30cccf375889d6fa29d2cc2660061fa5078be1b1753fe9e	generic_caliper	generic-F11	0.6768945594444172	positive	0.13839245579755566	0.0949783751742585	0.18582913856483568	0.18468002963000274	0.09210488196510858	0.09085076339057718	0.1788814480283608	0.07741240068812971	True
b13fab4d2271c1af155c54aeac039404eb20ff6dea7db8ca17fcb1bafba5c2a6	generic_caliper	generic-F11	0.28700543708594883	negative	-0.12570153111940932	0.10389932954769282	-0.17004365916738312	-0.16716234264283814	-0.0842407195959805	-0.0661443296196903	-0.1722857106596437	-0.08764756145682429	True
b194039d9639701e08805d80a7fd096493402968ad6f6693739e0f930d486722	generic_caliper	generic-F11	0.33988895350773585	negative	-0.10871700014442442	0.05519757746383813	-0.12024448456320114	-0.11761761901402956	-0.065046907099363	-0.09981638127481929	-0.12306129729913168	-0.09383405953902851	True
b7b5bdb59802548e002246137e823d4caf94316fa3813bce048d9045295d3223	generic_caliper	generic-F11	0.7783071456949341	positive	0.21439906240281548	0.03969946963557747	0.2349170796786172	0.23147193946735312	0.19521761004303972	0.19732618533827784	0.2263072121803612	0.18050550561905554	True
b9b466eb63df9a86271957574dfef7542a2ea165cb9755ab1397c46fa77bf091	generic_caliper	generic-F11	0.21094597781451715	negative	-0.13612150293031355	0.044403529401916386	-0.11798173326316827	-0.11941763845069078	-0.15282536740993632	-0.16238526266508466	-0.11653182484616967	-0.13248792800459333	True
bdef9d7d4ed0ca4e5f267a9c0abe373db6b5f7f14be318dff948ada483d362f4	generic_caliper	generic-F11	0.26232025315518726	negative	-0.13144684463935313	0.10080257741037119	-0.17229365283087306	-0.1731035937208168	-0.09060003644783321	-0.07230101631044561	-0.1790649566782978	-0.0573097697314926	True
c1ea033879dba1680d02dc84ff8915519de7c17d3aacbe4d8d2ed2980d44df50	generic_caliper	generic-F11	0.48982530166005905	positive	0.16628195105673244	0.010904426228424635	0.16794219296733798	0.16741580581509125	0.16514809629837363	0.15703776673891334	0.16353297357656132	0.13931443827276785	True
c2e57753dfdff744502471baea23704ba475f8fdf643b4c79471f0b0643f41bb	generic_caliper	generic-F11	0.4888664150292494	positive	0.13478570702041134	0.14557252343228738	0.19773663440028388	0.20013712348350687	0.0718347796405388	0.05456460005121949	0.20035484549669452	0.07199020018195701	True
c407664d15b19f82a0eae7b293517fb837ccb902d04da51e9798e0ac0aea9f9e	generic_caliper	generic-F11	0.2669283333895825	negative	-0.1098189334309132	0.019866285794572724	-0.11335320064956639	-0.11448295432732741	-0.10628466621226001	-0.09461666853275469	-0.11406013941566334	-0.09878806426420983	True
c4ad4ac7d3d2ba90831905cdff4f0e73e2b9a2c188151f30bdb129f334be0d68	generic_caliper	generic-F11	0.5288301457710294	positive	0.16490659487197648	0.07570284310410941	0.1337819711319358	0.1312395236717364	0.19603121861201717	0.20694236677584582	0.1290548310564532	0.19954423318642622	True
c813b945bf6469af9ec1f4539e988855174b2e5bcbbb0b26574aff5da8501dfc	generic_caliper	generic-F11	0.6661139821828537	positive	0.1102495170441195	0.05093931278301811	0.10580152219162953	0.10163901463914071	0.11469751189660948	0.15257832742215882	0.0955318137856388	0.10654637583983984	True
cb0fd8e4063eac3796107b2bd2426d82cd4b4dd7ec91b4c489c8b5efe79c1442	generic_caliper	generic-F11	0.10985271867894571	negative	-0.1970868671723123	0.23881106654161188	-0.3067771826625877	-0.31590082544555914	-0.08739655168203693	-0.07708975890394727	-0.3165745126031932	-0.07501032395659547	True
cb35240d06375c16333b7f5c0e975f6b47d887ae411b63b287bb30ceb18e2cef	generic_caliper	generic-F11	0.2969852549474274	negative	-0.1492281628579878	0.07097308010737624	-0.16813002451428793	-0.17418569515508459	-0.10321261504770834	-0.13032630120168764	-0.17812550621664097	-0.09465236075942118	True
d02edd507082c4e849024ee358033c393553ac35396f5526b964bc392f7c793c	generic_caliper	generic-F11	0.4711101341984342	negative	-0.10699858279127128	0.06658573997522499	-0.08063519038277928	-0.08256319866253631	-0.14722093035800426	-0.13143396692000625	-0.08882944790728914	-0.1613988900855991	True
d288ea38c862a829383dfdc9773b282cb0659f1c626350f4ac6983d60a745608	generic_caliper	generic-F11	0.22750437441383856	negative	-0.10317839128892167	0.16691722113211216	-0.1824678809000588	-0.1830836493228253	-0.01616642819071315	-0.02388890167778454	-0.1876988561074938	-0.019494334406460034	True
d3c2d49c27be8f5a0a2f0b2b10a2c7c938d9ce17442461cfaf85053f5ef02150	generic_caliper	generic-F11	0.5700550299300985	positive	0.15539526514109026	0.07682403136256954	0.13209831021918095	0.1276688310238983	0.17869222006299956	0.20449286238646786	0.12262264575468163	0.17551852248564564	True
d5c13d14c38e9e89465b2795119ced45c006980c187407b907151aea4804fc6f	generic_caliper	generic-F11	0.15890517744868785	negative	-0.12652087371712295	0.23633829678962848	-0.24052310249280892	-0.2416940163830895	-0.012518644941437007	-0.005355719593461011	-0.24007748777338037	-0.019706057384960174	True
d66f4ae833acb905de6b18026a7b4a0c68e653e33d4119863a3283b8359fba56	generic_caliper	generic-F11	0.25861365130666525	negative	-0.1014703348862589	0.18346295802525103	-0.19067949246754723	-0.1880690988604053	-0.007216534442296196	-0.014871570912112497	-0.19493619745512458	-0.007063002931583906	True
db464778fd2a91024215a5236526d8caa9823db95788fc85373de82f90b74476	generic_caliper	generic-F11	0.6553709374856961	positive	0.13184070464393227	0.03559551109101167	0.11716639867769285	0.1135420632349301	0.14913757432594177	0.1465150106101717	0.10407486610185124	0.10969002995469124	True
e110b2868aa4f99db8a0119f316f94b6a9d6a06dd11ef5a311da9e12d9f611c7	generic_caliper	generic-F11	0.5618680015828343	positive	0.11001579571441922	0.03504766545910615	0.10808969087759468	0.10236169170556142	0.13740935716466757	0.11194190055124376	0.09985941049146607	0.15286478184571328	True
e13962fe9a5008c5cbdc6b3519224acef66c74821bdb06098fc08f441ffd9540	generic_caliper	generic-F11	0.6970313995883216	positive	0.16046216697179128	0.028739399553021627	0.16238010995679264	0.16565780958215903	0.1369184100291374	0.1585442239867899	0.16067927210685207	0.15607625848904338	True
e39e7af2d2471edbd66b1a3f4f29103b56240ba2a704ff40151909113a649d81	generic_caliper	generic-F11	0.3887858691024969	positive	0.10021587985175784	0.04752526556654513	0.08864687701258817	0.08351745227062629	0.13104271783717142	0.11178488269092751	0.08974397105764642	0.11527669208038427	True
e41160efc10ea7a0beea432dc44d42016f1eee1de3ec44b7ec63bc49fff32ae9	generic_caliper	generic-F11	0.3508220156891596	negative	-0.16312148121105874	0.08690218287377599	-0.19094470555410004	-0.19051937189939272	-0.10404252268032405	-0.13572359052272476	-0.19279994780647658	-0.1076698872780893	True
e4bd4ac7763a50a8d3450250dcd0789bd9b85c7b0036a05d0ac4ddbdaac586b1	generic_caliper	generic-F11	0.5068765208289412	positive	0.13157699656903468	0.014870741513534846	0.12607008066641284	0.1225474803083671	0.13708391247165652	0.13741822182190194	0.12614826762059023	0.13577378296453912	True
e660bf28a4ec77b8be6b6690b1da96793b9cd4e8629492c349c5ee0eedb00246	generic_caliper	generic-F11	0.6851759175022243	positive	0.13558190329695147	0.05231042196662983	0.15842476039785458	0.1603269374684928	0.11273904619604835	0.10801651550186298	0.15555023106163868	0.0833047216628352	True
e7e7b2ad941d66801a46abbe7cddcd2bc2c2b14d853196d63477cb50be0d17f1	generic_caliper	generic-F11	0.7088794459688412	positive	0.1376996227137876	0.14364347896746893	0.0834028396903368	0.08270468277958432	0.22634816174705324	0.19199640573723842	0.07539257320999204	0.20297586438682658	True
eaca57a0a76ba593c6b940dd064ed4488b68fa1611ff1c33cb8857b1e1a9403e	generic_caliper	generic-F11	0.44076164145093544	negative	-0.12351164222522332	0.058958942156045135	-0.10565033571284044	-0.11111757186837834	-0.1359057125820683	-0.16460927786888557	-0.11058546997711727	-0.13293646549288884	True
eb190f5a2a266bd6442c4504c9a252df88d5cc31e16d3fb63d9d8982b426d7ef	generic_caliper	generic-F11	0.1884412674316288	negative	-0.10406784440622911	0.1579375287833504	-0.17761477026963263	-0.18068107850629084	-0.02274354972294043	-0.030520918542825598	-0.1845807430464289	-0.017344826165646643	True
eb2a303f787fde4635730e1952d59fa8bee09f6459897d4a4e21cf661154db1c	generic_caliper	generic-F11	0.7581973216188287	positive	0.14912361524574996	0.055559124235527335	0.14014287929539082	0.13305694351935704	0.1581043511961091	0.18861606775488438	0.12537183576514266	0.15882236695697738	True
ec94c900c80dcacacc4fe8836bdb744d075c4e0318e24237d4185d7f40b02819	generic_caliper	generic-F11	0.6413878025253725	positive	0.16607305492608684	0.04043540732077949	0.16110780962602467	0.16434173793882	0.16780437191335368	0.20154321694680416	0.16132793680802354	0.14830017534600687	True
edcf98b2eadc1a0c32bbe871eb3bcc36e3e63b3dc2b9d9a8866da66fbdb36d19	generic_caliper	generic-F11	0.3445330702350875	negative	-0.1859866404458926	0.0778595205028717	-0.15506478787612893	-0.14959871670513936	-0.2169084930156563	-0.22745823720801106	-0.1553768274428533	-0.2215743080178061	True
ef2363f39b31fc2bc365f401a5f9c585902afdcd4bd7e7c9525ec784d2445e3d	generic_caliper	generic-F11	0.5839981637346099	positive	0.1295418686347875	0.09786436050222808	0.17072875285652095	0.16937859200144856	0.08970514526812645	0.07286439235429287	0.1685630349890097	0.10320708875226281	True
efcbe0636ba71345dad8a4a28bd727a5e6dff530f90a16d26d82298c736c4da1	generic_caliper	generic-F11	0.36497157426433674	negative	-0.1080916149670034	0.09605050680170513	-0.15347342052686147	-0.14681600547077706	-0.06936722446322974	-0.057422913725156344	-0.16025006425864358	-0.04768334955238401	True
f1275a28286346b06439583b92bcc593860ed635faa625c7c14c138897b07474	generic_caliper	generic-F11	0.3633588892513873	negative	-0.10770182990281527	0.11560201607930215	-0.1549415346459883	-0.15075425240252366	-0.06464940740310687	-0.03933951856668616	-0.15930164213469994	-0.034589445214508296	True
f233c87f4e4943a98d0d7e20f07df9d1e0a1461838851e3b24b0ad6489ade95f	generic_caliper	generic-F11	0.35603448275456295	negative	-0.13235901372106698	0.207420358920688	-0.2349663182217966	-0.22425062112416405	-0.02754595930110859	-0.04046740631796991	-0.24007625567195323	-0.04941976490728839	True
f33c3857ee4a27ab7bd92cb0a4a3c437f6b9fb8671d0cdcf50d42fa09fde7816	generic_caliper	generic-F11	0.36368374600974895	negative	-0.11834227490551141	0.022587761887404523	-0.1216875847164508	-0.11716861867431233	-0.09909982282904628	-0.1195159311367105	-0.12347597191377702	-0.0919262794929393	True
f3900dfc3b5f1943b90727a21830969f94f8e892f57b6f6a4a4c01f631edbaa5	generic_caliper	generic-F11	0.6646473045634587	positive	0.13070113531875177	0.1332187590280604	0.19738289880191945	0.18959470893039754	0.071807561707106	0.06416413977385904	0.19361810512498628	0.056676806146580216	True
f4efb4a874c747b8ed1b328af105012eb7368621fa27332d58bc3d68d66b42ec	generic_caliper	generic-F11	0.592919891089696	positive	0.15606660105383932	0.07718614929070239	0.12109589818302052	0.12055937886663837	0.19774552815734076	0.19103730392465812	0.12280486166542715	0.24150061545709806	True
f826286ac65801353ab3c8a3258ac133ac6f18037f92fe0c6847e32cafe99ed8	generic_caliper	generic-F11	0.14526710384006455	negative	-0.12071048095680056	0.14395535732451234	-0.18869031061590638	-0.1937627469157097	-0.05273065129769475	-0.04980738959119735	-0.19414395253299885	-0.0501275317612955	True
fbba5df9d16a606ba4586fcfc3c8cbbfddf03ceaa906a3d96831ff0d2c2286bc	generic_caliper	generic-F11	0.6367870483404784	positive	0.1257396174828772	0.028579541536436603	0.12406901987830987	0.12741021508744454	0.10996365723098611	0.13854319876742272	0.12226644440319256	0.101048969159795	True
fc2c41740cc1a1e10da03d0902a8b923c739d7c498e22a91b916c211867fd7b0	generic_caliper	generic-F11	0.29125551628630364	negative	-0.1459531810553116	0.22813988548527858	-0.2593542217814425	-0.25601623512949967	-0.03589012698112354	-0.031214336296163936	-0.26596948515691765	-0.027112048049224513	True
03ac5eccffa30e8be4fef93587675847ccd1e47ea97fc491f3c0e63eb18d1045	generic_caliper	generic-F12	0.3723207932986946	negative	-0.11878246973731657	0.10283391134320341	-0.10078732660023965	-0.09345672657180593	-0.19629063791500934	-0.1367776128743935	-0.1122522771899297	-0.16232677750107372	True
05bc1063586e59aefee69feb3af4184a4aabffdcd391483db213f4dd13d755d8	generic_caliper	generic-F12	0.28435546226526276	negative	-0.11317703299135279	0.08729211150632082	-0.13295407020246763	-0.13618449725295934	-0.04889238574663851	-0.09339999578023794	-0.1447172941324314	-0.07504335864031231	True
0a0b183ab62d85a52239967fe0301785aadb9780bfe84f3734c3ac8dbef03f26	generic_caliper	generic-F12	0.594483614389612	positive	0.17198256696061745	0.043204507725854546	0.17961903999279571	0.18173471581329592	0.13853020808744138	0.16434609392843919	0.16834815303936373	0.15060400154429748	True
0a98e4a04c73439bf0b5c98205d5939c3ed5a3c6d6537dd5b42a9ece3b0ba426	generic_caliper	generic-F12	0.08972089511692297	negative	-0.1704284139777974	0.31439903519968826	-0.3176606297758663	-0.3256496055992345	-0.011250570399546272	-0.023196198179728483	-0.32949580387020716	-0.014053220894722065	True
0ab98071a4a9152cc206232a1bece29fba9fb11a91277222dba5040095d4803a	generic_caliper	generic-F12	0.4508373198589481	positive	0.13088540747654284	0.020493461605968266	0.12444259437994593	0.12759459424433	0.13417622070875568	0.1449360559859142	0.11945223925704124	0.16844638038091803	True
0cc7226929831d00e7a42bab1ca391c284e54411cca92446812411d85ba83a2e	generic_caliper	generic-F12	0.16504620453801302	negative	-0.11028168139611236	0.06471895971852998	-0.1327676679508906	-0.13638321029688502	-0.08779569484133412	-0.07166425057835504	-0.1348624678867529	-0.08052661143064099	True
0e0c7ada130d5494e064a936e1e204c4f9ea87d1ca0e3b8162cb455fe2fe28cb	generic_caliper	generic-F12	0.3932506057198051	negative	-0.10042222840263801	0.039867402609923	-0.09874645332631105	-0.10209800347896497	-0.06619503858446796	-0.10606244119439096	-0.11147047603154858	-0.08665109945644728	True
126a51837de3b4ba0669ce4d3d75e19ed1bc7440bdd1d3b3922ef42be47bab9d	generic_caliper	generic-F12	0.4267939822350961	negative	-0.11139538633250834	0.02827618702560253	-0.11628947303132575	-0.11269920057137961	-0.11009157209363707	-0.08801328600572322	-0.1251826633613653	-0.10775013810949807	True
129acbec37c72ea62f4dc563afb13c30c5874416ff6a88959ca90f0aea932288	generic_caliper	generic-F12	0.476515980013169	negative	-0.12783093103386073	0.021316978969854405	-0.13108182107871652	-0.12868714681432275	-0.1269747152533987	-0.10976484210886212	-0.1525077844695673	-0.087972542079434	True
162a27ed4334ce98a530f00f9daeb15dd3408e1e745bbf3387370890db62609d	generic_caliper	generic-F12	0.594220260143297	positive	0.10928059001704155	0.16290308737843917	0.03006354503462949	0.03093322090620665	0.18762795912787644	0.19296663241306866	0.011397945166084722	0.17609119656630873	True
182d0a3bc6166ec68ad18f0732442d00bea0bf77ccd35441cbd43727a171b2ac	generic_caliper	generic-F12	0.7654718065023565	positive	0.2345558835340416	0.005455702339622115	0.23591637573706592	0.23688104834465518	0.23142534600503306	0.2331953913310173	0.22714075093029917	0.23933208296735664	True
189f526e4a6d70b5a28a45dcc6d86e4db8b7e0fffc6a5d58ed3876d5803d8ca0	generic_caliper	generic-F12	0.33724791659071335	negative	-0.10454602410888922	0.17401562334269272	-0.18086824109774186	-0.18200263015799406	-0.007987006815301345	-0.02822380712003658	-0.19107306111812922	0.0011362473550659558	False
1904d0ba4943a7ea0583b094c4bf1c1434ceb00a04dff3b59b6e7586ba2adb27	generic_caliper	generic-F12	0.7977601204413574	positive	0.19829488597183192	0.05720695008458776	0.2172934415948642	0.22099807561881346	0.1637911255342257	0.17929633034879966	0.2022760000967161	0.19147787668903649	True
1a72dad4493584e8b6450b81ba26d451cea89255b739f7f5cafbcad60cfa11c0	generic_caliper	generic-F12	0.5362182718517802	positive	0.15834756572735753	0.03071883625827171	0.16638857152640674	0.16085010545416012	0.15584502600055494	0.13566973526813503	0.16135843166632508	0.1513134269281377	True
1c3a2b82c9244b2eb2b77b1a3451e8b63dcf8bd1b022a6829b2d25e41bf4fcff	generic_caliper	generic-F12	0.5987892102695954	positive	0.16702864690557231	0.038176776153747705	0.1603225197081508	0.16170594109918957	0.17235135271195506	0.19849929586189852	0.1543631893352767	0.1765997129499401	True
228021861d581e0720d0f38fb64d84bd4a486bcbe1e965facf5598b4f088e533	generic_caliper	generic-F12	0.37477613083156075	negative	-0.11388956075104342	0.08935073040336983	-0.15663449422070846	-0.15803277893704465	-0.07114462728137838	-0.06868204853367482	-0.17821826189177364	-0.05724149212718893	True
25a2c21e682fe2c1d3d38430361a1149137c315b3c86154a295c84f94a9d044f	generic_caliper	generic-F12	0.4536089122523955	negative	-0.11466828449298605	0.03438669434327257	-0.1287043559247748	-0.12874675980890327	-0.1006322130611973	-0.0943600654656307	-0.1425077453169702	-0.13727313207765734	True
281c8c2133808a033e4231d5293ddca9778e054f62bf9b15fb0ea335ccec4414	generic_caliper	generic-F12	0.3494537820531096	negative	-0.13862456582045676	0.04280945767420513	-0.1454263342925542	-0.13794933661740927	-0.10261687661834906	-0.13929979502350426	-0.1608270330693259	-0.10948532948614714	True
2b20355746b4febf23942b3542af90f82139fb05d60985db8b86df1ae342c7ea	generic_caliper	generic-F12	0.2961538006651327	negative	-0.12012304695574258	0.10775554339973925	-0.16741829605815534	-0.1665072977204421	-0.059662752658416085	-0.07373879619104307	-0.17298695821109372	-0.09535885003212452	True
2e14aa30bd3321a85ccdcdd695524a4fa5700f8e19a100f6d42ebba27e893a16	generic_caliper	generic-F12	0.3628653286854159	negative	-0.17585628158955352	0.06792232267252551	-0.14717127404884445	-0.14965464688801622	-0.21509359672136996	-0.20205791629109082	-0.16327581312508	-0.17920426114229915	True
2fb45815d5c561c0520bfcb4120895577cb95e3d648e47e511306cfbb8a6d984	generic_caliper	generic-F12	0.6824687165774729	positive	0.18580185648602493	0.11061825177210338	0.2046888434906473	0.2097560118545725	0.0991377600824691	0.16691486948140255	0.2026657744853465	0.1577734119513743	True
325d5473b8c82aabe0d06714d4bdc47f9cdcb87c7535e8271beb7c3894327015	generic_caliper	generic-F12	0.35686248020188627	negative	-0.11339016343142025	0.07885204796004763	-0.0910463496237196	-0.08651926606069937	-0.165371314020747	-0.1357339772391209	-0.0967871636436981	-0.1063939208624955	True
32bbbe1e51d5e3b6eddfd228664c5491b0eb610573ac46bf43954d0b72187af0	generic_caliper	generic-F12	0.4781773432923307	negative	-0.10059184103871671	0.04395460394676132	-0.0984276128246257	-0.10254248869140264	-0.09864119338603078	-0.14238221677138702	-0.12373708781972453	-0.11120060197693554	True
36261302015d232f23a9c957f81ce5ea94f6ed8f7830ff3b0644fac57ea33a69	generic_caliper	generic-F12	0.6150091859477753	positive	0.14996264161366576	0.05858346981143381	0.14156079258487853	0.14036842042519354	0.19895189023662735	0.158364490642453	0.1267231384007334	0.17218435428944895	True
3a9bd68c3f087012e72ca7b77b71325b3c1d4dfc151dc0e55cd961832e644287	generic_caliper	generic-F12	0.46916759590933643	positive	0.12168526651498271	0.03444824574958172	0.13535988875260702	0.1400517947295165	0.10560354897993479	0.1080106442773584	0.13123526412502523	0.10085448487562104	True
3b1dae2b7d0edd2ca8bba7d764f62f53280efafe49eca14979eaf3928ba0edb6	generic_caliper	generic-F12	0.27834337555535177	negative	-0.10995055766581074	0.05634456420188738	-0.12480208414764132	-0.1260479037834828	-0.09509903118398016	-0.06970333958159541	-0.13537809474551976	-0.08242553109339362	True
3f7bb230e93e0f24bfd6fc3f999162c798687914ed609c040838394abaf2f4fa	generic_caliper	generic-F12	0.359510324269203	negative	-0.19184679370767177	0.028576516469206115	-0.2084061402611595	-0.20235534923391058	-0.18133823818143296	-0.17982962379195339	-0.22372712168853975	-0.17280077796936116	True
4169d958a437dee80055e1a9c5d7dc4deeb301a9a17dca5d850a5fe6a9d5286d	generic_caliper	generic-F12	0.710238400713968	positive	0.11033644451145708	0.028356629243869724	0.09841965990652468	0.09451379991769226	0.12225322911638947	0.12287042916156199	0.07883876058891792	0.15031312622375803	True
43f832772a1eeaa6659b24d7bd23ec0ad1afb3271af48cac4ce9ed78799d3e6c	generic_caliper	generic-F12	0.379480288486375	negative	-0.16584294245059072	0.03532397086909633	-0.16582582454378664	-0.1658600603573948	-0.19812245134147127	-0.16279848047237494	-0.18388763021118676	-0.1870554831199192	True
4c58e53a51711f71de0ad2479dc9c589cdc0d9d8f3ab49040050dd621a592f31	generic_caliper	generic-F12	0.2796468052066032	negative	-0.12874742260942013	0.0435654595749807	-0.15167265084567627	-0.1478635581288667	-0.10810719127069557	-0.10963128708997355	-0.16356407740505963	-0.14159220935265315	True
4d1d84cd028675a4d5dd8cbc3e5137bf7814c0684ac3bf9584e5cf8f5e718716	generic_caliper	generic-F12	0.47808704665789764	negative	-0.14827840413206517	0.04930118768208158	-0.16887890333532513	-0.16733164127871053	-0.1292251669854198	-0.11957771565324354	-0.18933999392516493	-0.10468850963998694	True
4dbc94c23fafd6118b94d2c1ec85b8f151f2b5b4ac61083d94172305b94dc527	generic_caliper	generic-F12	0.8080429885738603	positive	0.23810880551110547	0.0796056247701653	0.27229430105231844	0.2727337778063741	0.2039233099698925	0.19312815303620878	0.2568949522655197	0.28129445701633726	True
4e4a0ee48716e8aa9af67aa83bb7fc3ed278d8d458276cdb69d0e013335feb4b	generic_caliper	generic-F12	0.5187963982809056	positive	0.1516983941021983	0.04389939737703308	0.14496869918929806	0.15842808901509853	0.16646817591680552	0.12256877853977244	0.15341898665425596	0.1827607256747686	True
4ee4c669184fe01c17ea7b857b3c95f7f9a064f8325b7539240c44897bc51f21	generic_caliper	generic-F12	0.6329872580720289	positive	0.10588546247987746	0.005505916533420141	0.10548275436246546	0.10332335715608643	0.10882927368950657	0.10628817059728946	0.08942240169138194	0.12407116924617578	True
4fb97f38f7c3d8ea3036974c62870dd1ef884898917fd949af3c596f853626d5	generic_caliper	generic-F12	0.33685789441133124	negative	-0.15377864304894945	0.04295218972384807	-0.16729225413394339	-0.17003691731947174	-0.1402650319639555	-0.12708472759562367	-0.18720811612281657	-0.13221432939420374	True
500a71cff37b6f3df0de249abe02f0bc1f2f2e274cc25f4119121cfeb60389ba	generic_caliper	generic-F12	0.5948424590789064	positive	0.15385318290195232	0.03540115261235649	0.15889043027408772	0.16277445178751965	0.12737329917516316	0.14881593552981692	0.15404368933603418	0.1860332638108677	True
5084dd02738d6dab6b2f6b2e6820f47e53cf4fef7ff3eba99403751dbcaf1fe1	generic_caliper	generic-F12	0.3152607805979966	negative	-0.19845364705756977	0.10145047291774917	-0.240436483286172	-0.2437771121477365	-0.14232663922998734	-0.15647081082896752	-0.2543649920614302	-0.09968986838136618	True
5205c4574d994b1be11a1ba838beb67a776c47e9286e3d194db3ab2493379c6d	generic_caliper	generic-F12	0.27667036040507825	negative	-0.10138790578488216	0.06975207884040602	-0.13365599274842987	-0.13286736222538525	-0.06390391390802386	-0.06990844934437906	-0.14031372110430057	-0.03979439124346401	True
52edaa177144a65cbdb0ba5f501f73d5876d1eb794ee6d5e361927318044587c	generic_caliper	generic-F12	0.6586513442415389	positive	0.1780564143393199	0.057562458467085464	0.1984474385253716	0.19966059001020658	0.14209813154312112	0.1576653901532682	0.18416348080011813	0.1404768946696665	True
55335d2db47a36916de8df52a7e861f90d096daf04bc2ebc26a1a80f2acbbc3d	generic_caliper	generic-F12	0.28885336997019184	negative	-0.10109298734212735	0.05733635196903181	-0.12808728036944939	-0.12839036906410506	-0.07409869431480531	-0.07105401709507325	-0.13657016596112526	-0.0782613441321876	True
5843cce2dfd88a44112a8dc6cddabd698ff8a1fbdda9033dd82d1dd6ae9c812f	generic_caliper	generic-F12	0.35775231243525846	negative	-0.12024998719698915	0.16735789166881593	-0.19447415198202483	-0.1890736953182825	-0.0514262790756958	-0.027116260313208906	-0.20713264603276477	-0.044951360319020695	True
58d60a0bf617f5d718a9d1e2ffda81542c272c8a580437b76d52ba4f0729af50	generic_caliper	generic-F12	0.3635715841508231	negative	-0.1276094205531819	0.07109751063907843	-0.1455264305477622	-0.1401207868600935	-0.11509805424627029	-0.07442891990868378	-0.15659591779096177	-0.061371316868362336	True
5a94588f874781131df968979ac6a62300b2a8e26b9acc0ba02f3ef631d09f6c	generic_caliper	generic-F12	0.5626996919138981	positive	0.13351983926404654	0.047187489246654946	0.1426523606656489	0.15072277972231002	0.10353529047565507	0.12438731786244417	0.13903474175171054	0.16639935314731003	True
5b886a1790f0d05c7206c1f225d9aa434c53ed3cfbb65140ee9af5d882ad7e06	generic_caliper	generic-F12	0.43198512427116453	negative	-0.12012941283762957	0.04047882275968551	-0.12270959891098154	-0.1257945157277569	-0.0853156929680714	-0.11754922676427759	-0.14131096659089493	-0.12548524322104837	True
5c7bbe942e86f44e14d078a0b9d2dd024fa500f7b90f7182597dd00e95a548b5	generic_caliper	generic-F12	0.5807764388192426	positive	0.11861228006885269	0.02579526883793659	0.11948702707148845	0.11773753306621693	0.11760705084934353	0.14340231968728012	0.11236867586502497	0.09684932942125352	True
5c991e571fbd0c57ac297a7a07e5419f7438cde3e9e9c093ed7c8d350b137671	generic_caliper	generic-F12	0.3070097757736072	negative	-0.199340371947032	0.08167511294655483	-0.231840075436198	-0.2380119522360754	-0.15633683928952058	-0.166840668457866	-0.24877408672590895	-0.15629662981532483	True
5e16bc9963a28d0ff31a9957a69f0237fc35caf1cfb1349693aa7ac9df600313	generic_caliper	generic-F12	0.37236703355799733	negative	-0.14457108455282303	0.08719370653418224	-0.1855132574938398	-0.18899937251589521	-0.10180566598171298	-0.10362891161180626	-0.20043540981566382	-0.10256403037845607	True
605978c4cab7f31af18d9c8b35a6caa6b273c13fa49eaa8a469589a8373a84e0	generic_caliper	generic-F12	0.6704190977946698	positive	0.12665703720586052	0.05987324593964738	0.14332756573509964	0.146981391877682	0.08710814593803462	0.10998650867662141	0.131873376323143	0.0971371301224806	True
616f943dca81f591ab4b50638e9866a51e84d2734639b4224b386430eac95cb3	generic_caliper	generic-F12	0.7346994381496037	positive	0.19415939512839175	0.07839941665078709	0.1604795834008481	0.1577804597098169	0.236179876360604	0.2278392068559354	0.14362208273375487	0.20070291398400453	True
61c07f965a15e87c007df0a91409f3e5508996b7ad614a210318721976475ab8	generic_caliper	generic-F12	0.278424244139448	negative	-0.1483748733031341	0.07079559060866797	-0.1362931567761233	-0.13350796912667157	-0.20430355973533953	-0.16045658983014488	-0.14226270108225963	-0.13856456841475795	True
668aa540a5e48f1214c7c62c35da9e4d6452ea2647b2b645a77aa97176254074	generic_caliper	generic-F12	0.26943032434458863	negative	-0.11299771695186464	0.05916559680326128	-0.1338538113797656	-0.13056815112041475	-0.07468821457650432	-0.09542728278331453	-0.1392257007018044	-0.09403791582720006	True
669c2faedd00904fb4a5072fe4736fdf10efbb25fe9eeb7bbd77ef45cea87d63	generic_caliper	generic-F12	0.6965405190051771	positive	0.10762801353861368	0.06834182960492319	0.13309753649993405	0.13647179491004946	0.06812996530512627	0.0821584905772933	0.11934699308867014	0.11359776172627656	True
671e6dc2aa5946ea4f9184005ebb0bd38feae93c1e460f9bf38ba6c68051cb74	generic_caliper	generic-F12	0.40543240523789503	negative	-0.1098069926740387	0.08658255502888285	-0.08279584485030567	-0.07732161605411098	-0.16390417108299382	-0.13681814049777175	-0.0938361395590584	-0.15053070501466914	True
6e255392bff15026175df7777d7c78f25e1d07be37205fb0985c7d5d22591b3e	generic_caliper	generic-F12	0.709518948620951	positive	0.14308288630087979	0.02925546246841948	0.15123571884625953	0.1512946735067806	0.12203921103836113	0.13493005375550005	0.12933724178654538	0.12722232406104028	True
7316bb150f99eec3fee0cea5b0200d1aff744f482f0208c832d71a4c1d3a71db	generic_caliper	generic-F12	0.22091200642135106	positive	0.10562104146576902	0.12947450012937534	0.1669816646672772	0.1724404131108006	0.04296591298142527	0.04426041826426083	0.16710441006242965	0.03863844215134307	True
749e578e048261f7acaa7e32bfa1b64f3a74ebf8a810af9d9e6bcc174e770214	generic_caliper	generic-F12	0.4170806375269882	negative	-0.12132686804814308	0.14534902894935298	-0.18084404500622053	-0.17208658039399516	-0.070567155702291	-0.03549501605686756	-0.19634592383546712	-0.07708651946975786	True
76f21e05b5e507cbe86ffc5a546442ac698bfbd91bb1c9fe1b90360c192896ac	generic_caliper	generic-F12	0.6948047588566085	positive	0.13106590065456825	0.09429651091436775	0.09117501478380408	0.09117716796419473	0.18547152569817182	0.17095463334494176	0.06523793841272352	0.16725060667562097	True
784ec06937fbab612175e757054165b8b1b8827affc1288dfe1262ccb439eac0	generic_caliper	generic-F12	0.4369091210168355	negative	-0.11634413159587625	0.02976044744806483	-0.13128936460386204	-0.1289221171705321	-0.10376614602122042	-0.1015289171557972	-0.1461138687831139	-0.07960787136592401	True
7ade927bed6300678da65a134786c9078fec8d6b6db94bf632c2189fe3b931c4	generic_caliper	generic-F12	0.4286786893235767	negative	-0.1293141981656014	0.020090321349280793	-0.13320817283544878	-0.1372315398337987	-0.11714121848451792	-0.12542022349575405	-0.15065466359115393	-0.1130948648273174	True
7bebc7d17c968792e35a27fcdb54706e6dcc0a448deaf13a31c9b2c1cdf6f103	generic_caliper	generic-F12	0.27238839620953925	negative	-0.16887244071818022	0.02928622640462336	-0.16884434951304655	-0.1735224463076614	-0.1689005319233139	-0.14423621990303803	-0.17822753184502527	-0.11283545655074412	True
7d06435e414611e20953876fdf660135302d4448e7a06a968ed4756489ecc04b	generic_caliper	generic-F12	0.31476543082425573	negative	-0.21608621474600984	0.11118025035541035	-0.2682172352114131	-0.2643299946768581	-0.15703698485600276	-0.1678424348151616	-0.287982100363748	-0.13727851916798728	True
7dd5cca54b9b75f146f9f814d1a5000fdd56ba240c3307d379567d8df22da0ac	generic_caliper	generic-F12	0.6028455169777247	positive	0.10184274849054409	0.05864414094448245	0.07965910747197724	0.07912322380516013	0.13776736474964257	0.12402638950911093	0.0701437977878725	0.16164095566595083	True
7ec25f64c8b6e0740988188cd60f09ad97253a6997403a4ddd1e452789ec6776	generic_caliper	generic-F12	0.6782145953638687	positive	0.1058188844859696	0.004401516644174541	0.10612904860745798	0.10588552015575048	0.10172753196328344	0.10575224881618872	0.08490664413837479	0.08959201832340624	True
80f396d0158b746b2b805ba53511304e8447040a61deb8c41a3755aadd6cc595	generic_caliper	generic-F12	0.31466811158197466	negative	-0.13105611617321783	0.15697246368303408	-0.19708707322250046	-0.19311058904070938	-0.040114609539466384	-0.06900164330572628	-0.21171768859001822	-0.09200372666533885	True
859b49651d8d284d2e606a9720a75f746bc6608342aea52d9a6c94c965b1ab34	generic_caliper	generic-F12	0.30120214630079134	negative	-0.17046160601980515	0.0777463628092615	-0.2096471331927895	-0.20706364493031293	-0.13385956710929736	-0.131900770383528	-0.21915975493433604	-0.1251901915972526	True
860c95636cbd097e01290efd4fb774efc2f09933576e84bb07c65862eecf3c3b	generic_caliper	generic-F12	0.31079924000033915	negative	-0.1226008120007056	0.14129608883552625	-0.1833101619912515	-0.18594634324029946	-0.061891462010159715	-0.044650254404773215	-0.20030211642006018	-0.049938071877764334	True
87d2d52ee747c987a1cecb04b3eefa06e5d3af86c0e143c622617e2aa2ded5bb	generic_caliper	generic-F12	0.27686563155446287	negative	-0.10527297160028984	0.047687555889139865	-0.12273904007256536	-0.12756640618965087	-0.079878850300511	-0.08780690312801431	-0.13732316948803658	-0.11691602852973138	True
8a497043ebe72d0f59e96e1c475610d76376fd6638c8fe89d21966063cb51d04	generic_caliper	generic-F12	0.8247662746241669	positive	0.3067747730705155	0.014149527922353244	0.31459471602215217	0.3049312525755772	0.3086182935654538	0.3004451880997989	0.29841531207977945	0.3627516880173335	True
8aaa3be14da7e263c1e0042b697a46c88ff0a7ce3927812e65c6501f7d82eae8	generic_caliper	generic-F12	0.29594520255661855	negative	-0.1604915403254025	0.026930380428003664	-0.15995627854310934	-0.16102680210769565	-0.15499698895023845	-0.1819273693782421	-0.17312840865879614	-0.1655930315143112	True
8b584511cc71c658ed5605670fb319d48186a116359090f6c62b8de8ce9d648c	generic_caliper	generic-F12	0.5634719859050443	positive	0.12117210801635256	0.11312539995535142	0.08151726702856987	0.08427909638460324	0.1946426669839213	0.15806511964810188	0.0732944891513922	0.1830004670561567	True
904d4ab17b0740339cc9df9f83719411287c17cac924e69d16953bbee237f129	generic_caliper	generic-F12	0.3265456470515547	negative	-0.1407713236145384	0.004896602674450468	-0.1416597952498277	-0.13676319257537722	-0.14150286387978672	-0.14003978334929007	-0.1497332814380114	-0.14299658797529508	True
90e3c1c9de16b2eb7eb626d15ced3b13de413125af2be0c9596cc3e68f2cadc0	generic_caliper	generic-F12	0.30908536690862065	negative	-0.10973700604635525	0.04380447171308399	-0.12086148551394005	-0.12550930969438157	-0.08170483798129757	-0.09861252657877045	-0.13349511944242198	-0.05956151459918069	True
91d835fe8910f52739addd7468d4ea096b149d947c53e0f0ba72e21eee266914	generic_caliper	generic-F12	0.7597087788546221	positive	0.21439749401122682	0.06920247441695804	0.2497697918145253	0.2436136821453998	0.18518130587705384	0.18056731739756726	0.23289386088945108	0.19423851632038114	True
997b1e1ca482104759536074b2608d66a62839e776b52756bfea4e0b89652645	generic_caliper	generic-F12	0.15528029457580142	negative	-0.14419997243462435	0.1592895809714751	-0.2199355539386477	-0.21639674204835033	-0.07200320282089837	-0.060645972967172584	-0.22741575916924092	-0.06027282100296982	True
99f27bcf8277829b42e202391d0a33cdc4223ca6769f2ca1a28d6e3efb4b63b6	generic_caliper	generic-F12	0.37182889522989654	negative	-0.12976753300608362	0.043580882436321966	-0.1271039215723065	-0.13243114443986076	-0.1270408631733277	-0.17062174560964966	-0.1488671135367639	-0.15911297280764375	True
9c33218922626f14248f280294daf7c5dd28c5af5f604a9a56dacdd4351b7abc	generic_caliper	generic-F12	0.5659332631852978	positive	0.1768820759599945	0.02023794896552855	0.1820997196331473	0.17706148157123258	0.17670267034875642	0.16186177066761875	0.1708926870430364	0.213690403477649	True
9d6787b98fb00c6925e7dc15c56baf7f3df4d7ad6d2044b2350b4177566ab961	generic_caliper	generic-F12	0.7370039908162194	positive	0.1467086479997397	0.026327459223998262	0.14145415685760931	0.1519631391418701	0.1259875472213362	0.15231500644533447	0.13236833237013568	0.18728755846682177	True
9daece36884d5a0bdb4596555d0d32a69b83f5be682118a73930bfd671c4b507	generic_caliper	generic-F12	0.6732369912286182	positive	0.115291554252749	0.05836698391256834	0.14277487223563867	0.14403160765990364	0.0856646237473353	0.08780823626985934	0.1363644240265346	0.10853901732520677	True
9dbb35c127adbb0182587a9bda315a1532337fb730afd1a761d7b0c79954bb33	generic_caliper	generic-F12	0.7314263129165807	positive	0.184739808555356	0.04359917465313823	0.19329881178873964	0.19107264985800954	0.17840696725270244	0.14969963713560142	0.1757965573762056	0.17427357206017502	True
9efdc2e10fa032817ba68e78c4c785b6d6d8b7674f8639d134b981bba2d3d3ed	generic_caliper	generic-F12	0.2937232931485124	negative	-0.10638068169554629	0.05543426452188932	-0.07631945308716082	-0.08266828008617882	-0.13009308330491376	-0.13175371760905014	-0.0855680842754239	-0.12180082394123803	True
a5a375f18773fe310ef949be29b720baf15883d47ffeddac5f91d62d9f26cbbf	generic_caliper	generic-F12	0.4144440012196102	negative	-0.13971648058005953	0.0055857066261133514	-0.14029132524098198	-0.13914163591913709	-0.1412288659715476	-0.13564315934543425	-0.15733795852890697	-0.12198301432483105	True
a5a8d9f62185fa1b31345381f92e302a29cc533b4f3974f8369bebc50bae9b46	generic_caliper	generic-F12	0.5438623301479657	positive	0.13449595041798554	0.02850651430439316	0.12732350553993355	0.12648900713931543	0.14166839529603753	0.1549955214437086	0.11364257556350665	0.11519976743721227	True
a65d7fddbf65befd0be9e15a1d26a2665fe3f47f7ebc9c34de15cc42f96dd60a	generic_caliper	generic-F12	0.6549585364567875	positive	0.10717933854887429	0.11927201980919433	0.16185271866961326	0.1662724183127957	0.04700039850360138	0.052505958428135324	0.147768427953056	0.04265234257053352	True
a665a799f56e1ae82588f0afaaf54d739720186a79204034c99112a051ea618c	generic_caliper	generic-F12	0.4258805853247697	negative	-0.12330537283635912	0.1200368222442002	-0.08151361294485171	-0.07345299401830674	-0.19348981626250694	-0.16509713272786652	-0.08980154498058623	-0.13361101531173358	True
a7d760444795e2459e431006249aae27070ef584460db765e46a6269cf747419	generic_caliper	generic-F12	0.6406451238493168	positive	0.10210376702083906	0.12905123170476557	0.1576548967466081	0.15085253469649185	0.02860366504184253	0.05335499934518628	0.14513704571727537	0.05905795096781541	True
a8c09c3e57489508f987b3303e1f275d1da5c51161fab1cc93006cf3f1a38ae6	generic_caliper	generic-F12	0.71128509971998	positive	0.12247466532932233	0.05023952696900824	0.1370650521969381	0.13370054225295025	0.08682552522792986	0.11124878840569441	0.1132408606213342	0.11860261383968074	True
aa96e95fd3ac8a6360cdc475a3ec1af381075dd54ba07787d6f5c0d57d7b7558	generic_caliper	generic-F12	0.25197596483651025	negative	-0.12338039795392791	0.07341599518530162	-0.09481097978346137	-0.09729790333846272	-0.1494628925693931	-0.168226974968763	-0.10321206220206408	-0.1149219092125427	True
ad7abca1bbae48b44ffd35facbfa8c8199638b666c9387310a28a6a089172514	generic_caliper	generic-F12	0.24721255564743236	negative	-0.21144213351028324	0.14480024609003725	-0.2733146898150758	-0.2759106116393131	-0.13111036554927583	-0.14956957720549072	-0.29653910505304126	-0.13417539550121613	True
ae55b8c3d5464c24848ddac33b4537868d7a2b2c23a103f05186e9fe3df9dd95	generic_caliper	generic-F12	0.48562292272814767	positive	0.10953786742371452	0.049952780233170124	0.13367169427847175	0.1326560077335351	0.08371891404530163	0.08641972711389395	0.12162196985731472	0.10788231375146184	True
b04967d8a7b98d539ac35d6426b7a2e36ad871539eee334d981391a8d76aa1f8	generic_caliper	generic-F12	0.7148564547106033	positive	0.1302771969035031	0.0792091349769185	0.09159262617614161	0.0933063147122628	0.16724807909474337	0.17080176115306012	0.07011612332318284	0.16142455651391208	True
b1534e2a53e23027da02c1be313f0dd4bb3fc2dc3b2067b6d229cc38423bcf77	generic_caliper	generic-F12	0.37575493362489387	negative	-0.13271883570437154	0.1304842306196835	-0.06597372774328425	-0.06952178430988631	-0.19645795836296776	-0.19591588709885677	-0.07694585793700526	-0.17000285240502	True
b293c8d6d047d5d400fae4a693275400c54e3c7c5c61abe3f8d521cf14c74ca0	generic_caliper	generic-F12	0.6165046982815793	positive	0.1082539770314862	0.03078416239465831	0.10919834377753579	0.10730961028543662	0.10393953987402826	0.13472370226868657	0.0965706809167266	0.08891733890893916	True
b2f10fb7727190d9288502999a251f1858d1d50b83aac55d958463374af8f732	generic_caliper	generic-F12	0.6876724509634339	positive	0.19556863590860862	0.055399560411233506	0.20715820808846708	0.2040142069263685	0.18712306489084873	0.15175864767723357	0.1986589589631909	0.15797365641556738	True
b488698beffca132d2ffbe8d5c06cd651a727580a2713fb00a54f9ef55ff41d6	generic_caliper	generic-F12	0.4854984396865954	negative	-0.1139016057226172	0.04327813812964709	-0.13048341753393883	-0.1369189268294843	-0.09364078869983722	-0.09731979391129558	-0.16022734522587728	-0.061280897572888515	True
b6870e2e6853d957ecbaa3f052039d5f951e4d06c2743d861587b354aa66bb38	generic_caliper	generic-F12	0.2750336863077323	negative	-0.1234557244485334	0.09817668642365546	-0.16982808774186747	-0.16835154113399287	-0.07165140131821202	-0.07855990776307392	-0.18227277154091365	-0.05845104481260471	True
b723cdb593eabbfbf6775ecf7f5474b090203e9d571c56ce9f5382224708d213	generic_caliper	generic-F12	0.6342912546170764	positive	0.10943923619099616	0.11306203512683749	0.16216800300659634	0.1538744970987037	0.04910596787975885	0.0650039752832886	0.1451720880441948	0.0721217125982041	True
b911bb972ff62657117f02751c7ad3d0dcc747739ecd3fed1068c514b842470b	generic_caliper	generic-F12	0.7016786485282203	positive	0.15430384037313855	0.07111374513491964	0.184547034356917	0.18450053333962058	0.12410714740665652	0.11343328922199736	0.1671828824403232	0.15015744999616742	True
bf15fbd0f334f58098d3800f408bf9d5f31b9f0abc3e71f8df58b206121d84d5	generic_caliper	generic-F12	0.2983299360471627	negative	-0.11949867690888683	0.13024061336967874	-0.1774046712249237	-0.17734182525323589	-0.061655528564537765	-0.04716405785524497	-0.19432554561091647	-0.09169116603600436	True
c3044a2207c960c88cb307bb8ef3268d826014627b9e4c627ffe68fafbfea533	generic_caliper	generic-F12	0.44746778199373194	negative	-0.16062917065206472	0.05242642413843046	-0.18454071178337406	-0.18486443185178847	-0.1367176295207554	-0.132438007713358	-0.2023713793344869	-0.0954114619800861	True
c7811affd564eb57007a83f99664a50703e0754f9b6f632489493e8c57d81cc3	generic_caliper	generic-F12	0.28399326421674576	negative	-0.19669457618064873	0.027998468754623473	-0.19621947150146912	-0.19716968085982833	-0.1714114227367558	-0.19940989149137928	-0.20879715818107986	-0.2060393585927806	True
cb4087668a341a4fc08160f00350afc25dce7ee1db59e5d551b0e334bc8203a6	generic_caliper	generic-F12	0.3743936267544956	negative	-0.20830620998183136	0.08436663578194481	-0.17302355427110738	-0.16904112163404295	-0.25340775741598776	-0.24358886569255533	-0.1829944449395402	-0.1922055026591195	True
cdb22417b942ec79c4bb1fcdfecf7ff7ae898cc461d74e4b673cbf90cd1db31a	generic_caliper	generic-F12	0.4812534587712686	negative	-0.11293601431574818	0.02348842673385476	-0.11119166783578821	-0.10435983269219068	-0.11468036079570815	-0.12784825942604544	-0.12568902935315668	-0.10592037131339377	True
cf047fb793e6931a76a2ae6879ef1932aca465b0c4a0853f86e03d197d159574	generic_caliper	generic-F12	0.2466756297685709	negative	-0.1973039805614956	0.017335192856380077	-0.19092704014758602	-0.1924210842049444	-0.2021868769180468	-0.2082622330039661	-0.20520203705359955	-0.18142209281637114	True
d12e138add884ddf9ad77a2a26cfda312e65ca4516346f8f337b98f48eb313df	generic_caliper	generic-F12	0.6788100271114406	positive	0.13168534302823282	0.026716073853435107	0.1497045954560129	0.14015177512710453	0.1232189109293611	0.12298852160257778	0.12173066968743984	0.11867332855184531	True
d4571102dcd598fbcff7c0af5faa2bff06c96093d2e064de0bd0f2830ab7cbcb	generic_caliper	generic-F12	0.6226553771280441	positive	0.2219946124904233	0.07153209767178809	0.25330653346808707	0.2523475534938912	0.18177443579629898	0.19164167148695538	0.24703601328532648	0.1387296144005084	True
d4fa32595fa3d0d47705ab368254f7505d26f447be2222980462ec1ce7d698f4	generic_caliper	generic-F12	0.5886415425652615	positive	0.13170519607875203	0.084850506321697	0.13547186801471534	0.13576155463090167	0.050911048309204676	0.12793852414278872	0.12518563786006648	0.07459726838371394	True
d560e1773e1396e076fc6fae74e1b3fafa5e27dc18b67245f2065c78444cbfae	generic_caliper	generic-F12	0.5764120448390109	positive	0.12427016534079383	0.07802553165441173	0.15895847298324872	0.15914908636402447	0.08958185769833893	0.08112355470961274	0.15098005899995243	0.0908193004945334	True
d595993850882028a0d2b13c2aad0aa573482fa328fb12b19f8437f40ed076be	generic_caliper	generic-F12	0.3296415509100783	negative	-0.11117421113942191	0.07839970189809248	-0.1436868332967962	-0.14492437269606356	-0.06652467079797109	-0.07866158898204761	-0.15310926585511286	-0.0802761306237108	True
d85e271ffac14997cf5efec57c3da92d949ab6df28023fbcbd7eac3a843514dd	generic_caliper	generic-F12	0.16633561682865294	negative	-0.104975762033239	0.1498291346701229	-0.1769024695762898	-0.17479986300390843	-0.027073334906166896	-0.03515166106256956	-0.1729452435036764	-0.034069210043983694	True
dd754463bfe8e92463bef5006c6ea9807ed530e2f6cdd954d2b33a029af60de5	generic_caliper	generic-F12	0.17311633046537542	negative	-0.15486200630892036	0.0993188548204737	-0.200036723151116	-0.20490049910722016	-0.10558164428674646	-0.10968728946672471	-0.2199423390612453	-0.09990356039885537	True
dd7c1a3d49e833a7f63d46ad52b90cf042d2e806da85a50dd6bd77630ab24e14	generic_caliper	generic-F12	0.6050298138081179	positive	0.1434877892390712	0.04448096224761272	0.16003106201417439	0.15751541107471173	0.1294601674034307	0.11555009976656166	0.15181338925078558	0.11761499783260215	True
dfad3160485409cdc107f8e22269721c33a37ae0c0f6dabbe39beed5b0ac2ec7	generic_caliper	generic-F12	0.6964518214882914	positive	0.16844030635421675	0.05722202488528638	0.18939852026964288	0.18246893211887816	0.1321764953843565	0.15441168058955534	0.1714350528969525	0.12236057184089877	True
e0399a107b039707ed186fef408b40fd4f6fb2f967c7bb3b0545c6e793678d85	generic_caliper	generic-F12	0.44545078361769613	negative	-0.12093067361676041	0.058841500383543854	-0.1490709953094907	-0.14936345635977327	-0.09279035192403012	-0.09052195597622942	-0.16592015036618796	-0.0770029009957271	True
e05baff7b7e74f576ecc752bf64725dc0c74278c130f845a148f3a37026f535d	generic_caliper	generic-F12	0.6435027029202461	positive	0.1384711277657253	0.074107735870102	0.17881413468593121	0.169070763802449	0.10470639881582922	0.10787149172900157	0.16871668623126373	0.16775294188982864	True
e2f507fbce93530b4283555b9529a9ccefce058c8e06c5e9751097e0bff42820	generic_caliper	generic-F12	0.6449429775700473	positive	0.15048664303909265	0.05743995114467926	0.16858645248977633	0.16834717054649817	0.11114650134509707	0.13262611553168713	0.1487025643660808	0.1189162094744981	True
e71a2f6c8f727ae1e6c64cd01b64ce6d64da209c07b7070527ee756392e731f8	generic_caliper	generic-F12	0.2287458480098865	negative	-0.18528725512310337	0.1663677710917894	-0.2597214861402878	-0.2667982124378008	-0.11085302410591896	-0.10043044134601137	-0.27925333350495274	-0.11325571156199016	True
eb36319844114dbf16f6ddb0489f5721f800dc79a513ca726cd47907c4187b71	generic_caliper	generic-F12	0.6561801911542886	positive	0.11544961072334964	0.08396277717648493	0.08132895229101278	0.08645872137267241	0.14444050007402687	0.1652917294674977	0.06706769326472439	0.134528143677903	True
ee387679d1545ac713a597f6d29bfc1ec7016d1821ae85cede780e500b9dabbf	generic_caliper	generic-F12	0.33029856746006464	negative	-0.14615738050335436	0.08506407418352674	-0.11948247254659344	-0.11825491999427251	-0.17283228846011528	-0.20331899417779925	-0.1268041221829319	-0.12738378235193215	True
f001603eaf04b0e4a8c130599a13efe1ff537c7030c49027fa4ba593ef4fbb89	generic_caliper	generic-F12	0.40857280994525036	negative	-0.11446250642340974	0.08855636303913106	-0.15795037053338257	-0.15798022718226723	-0.06942386414313617	-0.07097464231343692	-0.1709319860311922	-0.004898260809711674	True
f2879c3a680365d132257a80dce15312e35b2c5c76ee3ca9c10af1080c7000a7	generic_caliper	generic-F12	0.2993596157471052	negative	-0.11152816488728776	0.060267205655768985	-0.13507241373348572	-0.14029348512698447	-0.08002627947121549	-0.0879839160410898	-0.15337737615438646	-0.13882990911393628	True
f2b53d4f53470d6329e0587e0e9e6ac955ad2c329d124d9c930ec23d5d634b5b	generic_caliper	generic-F12	0.7137693695143799	positive	0.12394640336165502	0.11620047258976651	0.18316904766815223	0.17268378447321298	0.06696857507838572	0.07520902225009707	0.159869160736954	0.1474406931930169	True
f42a1f8b2936dac8de7a6c2eed5c762cab5ff9d8d883a6dff22d88d6ae40d195	generic_caliper	generic-F12	0.16422199479818583	negative	-0.1552276101428185	0.21215476112260334	-0.2610079200431626	-0.257430280751806	-0.04885315892055925	-0.053024939533831	-0.2676338878514065	-0.057984343166980895	True
f4f25808d228b494bfb30d85c175823b2eeb26f701aa7d8af7c22bdc691ae2e0	generic_caliper	generic-F12	0.2819859090803848	negative	-0.11136797607601334	0.15710442255222729	-0.17546593292161328	-0.18247463388927376	-0.04727001923041341	-0.025370211337046478	-0.19811191508842385	-0.03132471601183162	True
f76fc7345c9534ad4d2045094afa77517d6b47b13b0cf6b6ea396b7dc0031de2	generic_caliper	generic-F12	0.2835041009371545	negative	-0.1020317296006745	0.043930408935650145	-0.11029058549658555	-0.11651767097421412	-0.07258726203856397	-0.09377287370476345	-0.12619479194915328	-0.0797650320379435	True
f7d831481ab487e3970bf27ea42d1fca8d75ca5f33c040e6d9051f89f0268a56	generic_caliper	generic-F12	0.7511119939350928	positive	0.2479340624411585	0.04905540539610287	0.26174665389672525	0.25741277866841883	0.2384553462138982	0.21269124850062238	0.24251504602184737	0.21526488011953426	True
f968760d8e908df73ea7a75ad32fc72f007eedc66a6125e1b79061242e9fd7b6	generic_caliper	generic-F12	0.6404563064763992	positive	0.10088524149434097	0.06357661910465451	0.08047833172963059	0.0747371609761247	0.12129215125905135	0.13831378008077921	0.06105672806112661	0.1244768881108751	True
fc3065830c681b89135e7911f6aee2c99251c69af1382d22b867365c1953850f	generic_caliper	generic-F12	0.6853186928745841	positive	0.16678987050378885	0.05742842416752447	0.18814614226433857	0.18523078385029101	0.1483489571572867	0.1307177180968141	0.17041995736726712	0.1291600320600883	True
fd30ce8504ae144b559f93dc6f87ff66149093578326f1a0ccbf0ae56f3aaa36	generic_caliper	generic-F12	0.5058031299104023	positive	0.12116412369391405	0.06872686910621129	0.14935727571742752	0.1507514156332327	0.09297097167040058	0.0820245465270214	0.14259942563820427	0.12415068450700661	True
fda2b736251e73809347ced37e01fd283684f95a2fe0800518ea9506c8222a80	generic_caliper	generic-F12	0.4075072891563003	negative	-0.1771669543200048	0.03882445961376946	-0.1849069217153807	-0.18593022348356136	-0.1471057638697919	-0.16942698692462888	-0.20340900897630143	-0.15003497143879196	True
fea57400770f571b9d8f8cd10c91b65149975fed5098d9cb3702bf5e485d303c	generic_caliper	generic-F12	0.4726728868581863	negative	-0.11145187641327697	0.06747631083271899	-0.1431051519141121	-0.13917510075005957	-0.07562884108139312	-0.08372865207649438	-0.14639717331713809	-0.0758452929224005	True
ff73aae2de88fd90795bb8394fdb3d959664fa73204b3e921ec078c458c12c6a	generic_caliper	generic-F12	0.6703394340497577	positive	0.10461722134399687	0.04919173783221431	0.10441610509454524	0.1048183375934485	0.148602662327464	0.09941092449524969	0.08722453237842354	0.12903660863821464	True
01a9654d756ffc5a85555606304fa9d3fd1e72d3f107f39a2b8b244bd186d995	generic_caliper	generic-F5	0.27294407057163367	positive	0.101938650389547	0.12905317554637186	0.16325674343267627	0.16082089349951267	0.04305640727958132	0.03420356788630441	0.26233094150764763	0.03920044001474868	True
05fb3847d8ab410bd8e0490aa9e8b953c87c57e9eba18195b695aef2f12dfe79	generic_caliper	generic-F5	0.5915323232442846	positive	0.1807999422687843	0.060114932559339584	0.20176538873294225	0.20029511498500135	0.16130476955256723	0.14165045617360267	0.37455367127747474	0.14036987342863966	True
0fd031849061a7b7170e7a4b6020d1e2129c60bef6dd95d2816798dd79db1246	generic_caliper	generic-F5	0.4907220371374879	positive	0.21084717297532432	0.14876728152852697	0.27728226062688643	0.2695863169740632	0.15210802897658543	0.12851497909835946	0.39327734183223917	0.11361173323692869	True
141de1d7372426d3f9ed5fd35c1f897ecfefce34ae23574f610c85c95e9cbe4e	generic_caliper	generic-F5	0.5540079674792516	positive	0.15277708228889034	0.08571739043962806	0.1948538500431548	0.19362476271151619	0.10913645960352675	0.11192940186626449	0.40437178082764696	0.09577850419736367	True
2887256559785badff917c0620f12edc78b878dff5a89e7ba64ba38f06f00a72	generic_caliper	generic-F5	0.714410363898728	positive	0.2860751812986639	0.17662737288728647	0.3547307395736702	0.36703939690797305	0.21741962302365758	0.19041202402068658	0.5757943234526931	0.21480118948903815	True
2d121e50feb3006e5a7138d72d26e31b7b77de564b9b30976861b68c70299abe	generic_caliper	generic-F5	0.4394718509022261	positive	0.10789488198831004	0.02974584919362505	0.11971777126045113	0.12457923705931806	0.09483338786569301	0.09607199271616895	0.30932385939699625	0.07938942562580437	True
2fd8f096518856597f7b8f07cc62c05163467065595fb9fee49569eadeedac5a	generic_caliper	generic-F5	0.4677387152889079	positive	0.17614531268278902	0.13844213843236783	0.23454995532166872	0.2358664125286615	0.11774067004390931	0.09742427409629367	0.34692725837349997	0.11088289813648267	True
312d957b3ee258d9a5196162d4331d48b70eb4747e8d580c6a84bc8d630753d1	generic_caliper	generic-F5	0.4845546534894025	positive	0.10935502218645518	0.06299519136831339	0.14187005857439433	0.1337796746018735	0.07887486720608095	0.08493036977103685	0.39674173282595815	0.08701747898325568	True
38f5f6428d2ead3299b725ab747b4ebd01f2c1b0c57059f2858137bc8e9842c5	generic_caliper	generic-F5	0.5704266136977697	positive	0.18737867216588197	0.05365942574046134	0.22041784833923228	0.20373326790958496	0.16675842259877094	0.17102407642217898	0.3585881307068846	0.12491087552654612	True
45cf5063763fd30ae82ff42354bf575296f03b07760bc8ce868e2df033d844a3	generic_caliper	generic-F5	0.19568877027771212	negative	-0.13933442895052606	0.09724589277893347	-0.1837924775931036	-0.17278445638568143	-0.08654658481417013	-0.10588440151537068	-0.2400076777817244	-0.08559208970394214	True
4e9c34c13bff67a714ff8baf8c483b2dd480faf0f3ebf2f71e67d19507fb5b10	generic_caliper	generic-F5	0.5914674495200664	positive	0.20792983043925867	0.1320401417203178	0.2714109338568902	0.2730132037015414	0.1409730619812236	0.14444872702162714	0.3638752154072384	0.105781179561591	True
513d523188a6786d9321b6ecdd592a1b4fce341e8ae6c969089a78f491e102d5	generic_caliper	generic-F5	0.44985956884160494	positive	0.155090657857481	0.09614620287420322	0.20923982172665162	0.18377066234187345	0.1130936188524484	0.12641065337308854	0.4368822882042325	0.10366660753377788	True
553e9b017c9ac90bafa3ee767a9031c7c0a477581bc4262ed8c91189bcaac75c	generic_caliper	generic-F5	0.1687267269036568	negative	-0.10445265962712749	0.11816255259011735	-0.16087378286624315	-0.1636334803397922	-0.045470927749674844	-0.04803153638801183	0.0921000894433604	-0.04694687224828756	False
5cd1b6951c1b0b780587703e92a1a4dfcd20d7691a4b4c50f6e9659494dbb6e5	generic_caliper	generic-F5	0.47411547839719104	positive	0.1236732975546887	0.04573263049789139	0.10407190688339263	0.10037988683740656	0.14327468822598477	0.14611251733529795	0.24012215171253481	0.10343522818200501	True
67e01eac240ed55f518a55dddbe46cbfcc03fd939da556a4bf60ffe06e6d9b21	generic_caliper	generic-F5	0.10243311779078487	negative	-0.10112227738376328	0.23108698718783466	-0.23280846145751208	-0.1990494386791309	-0.0031951160883956498	-0.001721474269677406	-0.31377293700253206	-0.003976529712750629	True
69cfec01b9649e306417dba3fa1d8b335cda25e1b94d99f8aec69656ae4ea413	generic_caliper	generic-F5	0.5158876389576859	positive	0.11434321788463936	0.09426368112130351	0.07656315237830791	0.06847649638523245	0.1521232833909708	0.16274017750653597	0.20058565337852696	0.13409202432388095	True
7560e2ad3a17e7ec55eb51dbe0eac794b496af75309123c9c72466d355c16b69	generic_caliper	generic-F5	0.36886455051525613	positive	0.10577976429504884	0.026199621062585277	0.10471396135275435	0.10684556723734334	0.1150138346392589	0.08881421357667363	0.2301383953869374	0.08440158087831562	True
7820a55d38f9ff83d6aa2808cbfa248bd0ff372a8ae6d70cf67b61a7cb4371c3	generic_caliper	generic-F5	0.17463947073890412	negative	-0.10373286476379634	0.030031902829575297	-0.11262535303072574	-0.11558585054311282	-0.09484037649686694	-0.08555394771353753	0.024825580527249147	-0.10090075210578642	False
7ef1f3006781e35779896ea15bda4e6bca7f25c19f57074b7cd3ec80e6998190	generic_caliper	generic-F5	0.4676248172463882	positive	0.10542482558034347	0.06553220745762534	0.08494040324240498	0.07719308020303012	0.14272528766065545	0.12590924791828195	0.31302751289691666	0.11708867536669176	True
90bcc493fb5b9b17118b6dde9962aa942411e86610c6999fb43d7f804a73291c	generic_caliper	generic-F5	0.145983831144474	negative	-0.12212319064336652	0.15698041149513525	-0.21258033833292533	-0.1872198736477656	-0.05559992683779008	-0.05702650763896744	-0.20431339697775475	-0.05511433113212699	True
9254c84aadfddb318b706929fffdae232e6bcf91241b0a05b29dd2d5eea5da63	generic_caliper	generic-F5	0.4513922832721024	positive	0.10728424801021388	0.1028613339346503	0.16544799452695724	0.1476852669578026	0.06258666059230694	0.06688322906262517	0.3445884766954389	0.0624498896567911	True
95ae3ec5b2ceec9268eab49110d62c0ece5a5237fb79632636937df0ab4ff75a	generic_caliper	generic-F5	0.06690042329724566	negative	-0.10542527986096126	0.1580889883709922	-0.18131803378551836	-0.18479344384393936	-0.02670445547294717	-0.02953252593640414	0.11092255855297006	-0.027684097233688518	False
996d167ede5246bd5191b49e974a62b4cab3ae384ea45f0e5e90d2f29fe10e4e	generic_caliper	generic-F5	0.5069320589910065	positive	0.19627057792882358	0.1164315959712442	0.24361957530990092	0.2527564315329193	0.13632483556167513	0.14892158054774624	0.41256304288277634	0.12776166381367904	True
9f5bed846aafa0e8a429b53ce17ad47e6a75142e11f77652110a18200652fc97	generic_caliper	generic-F5	0.539017185316813	positive	0.1489504762795793	0.05106457164035877	0.13749799713546595	0.16040295542369265	0.16645463956199807	0.1153900679216393	0.27205736076523923	0.13800104929304569	True
a6f20b31aedc125dd8743fb6499782676a2a5d7e8038f4218ee860d58b5fb2d2	generic_caliper	generic-F5	0.24080909916761664	negative	-0.10446691239360567	0.1252312841738894	-0.053327464919440654	-0.06044779157674399	-0.17855874909333005	-0.14848603321046736	0.037777926896831515	-0.15937290818163255	False
d641bdf7e8569e1d0c4180f52f5e45ef6d255b0bfe96fda935a541f2bd40bfc9	generic_caliper	generic-F5	0.25183731312029556	negative	-0.10041087467299065	0.20424678721250744	-0.014270127412528255	-0.008334177303344625	-0.21258096451585207	-0.18655162193345304	0.08188475217815622	-0.2162935046814996	False
db74ae9ddc26ac0bc3b563deb90f730e58260df07ab0acecfdf0e892051bdc2b	generic_caliper	generic-F5	0.18176416884562718	negative	-0.10270853307913433	0.006663674767918792	-0.10305703303056951	-0.10236003312769915	-0.09655358907231937	-0.10321726384023816	0.055635341407830025	-0.1024123928229777	False
dc8b5cc85723245876114a044cdf74031ac29f9da0ab90036d382e216026ae9e	generic_caliper	generic-F5	0.18490836150448886	negative	-0.12244959778432604	0.04285867298011731	-0.13912095046618878	-0.12879315297826266	-0.09626227748607147	-0.11610604259038942	0.004135040987357036	-0.11824141581998221	False
dde9529902aa5723392ae74e940a27867212a113f475580e3bf167778e637ca0	generic_caliper	generic-F5	0.1768048893182922	negative	-0.12163452261756948	0.14612713434877014	-0.19731817517238764	-0.17358221147220243	-0.0511910408236175	-0.06968683376293652	-0.1890168089365441	-0.05090038483900203	True
e1f2c7c691ce8cea82180c05cf83ac025361f86ab199ea3df0f659999c4787cc	generic_caliper	generic-F5	0.5327156245699161	positive	0.15355588736135292	0.08569920516219981	0.19428400934954881	0.18600295811228507	0.108584804187349	0.12110881661042078	0.31703853328306	0.07442666907632622	True
ebffa211c96a68ddd4d00de9bafe4f813dcb3184cb3927b211fec6c882d7893e	generic_caliper	generic-F5	0.558500494630368	positive	0.2447448542490247	0.19831482652616228	0.31350865737857136	0.31813032999895796	0.17598105111947804	0.11981550347279568	0.4300237994230244	0.1250483869615054	True
ece0a8dcc550654ea906d1e024adf8150e309694252c2b25f3f8e483b7cbb66d	generic_caliper	generic-F5	0.23389816253278248	negative	-0.10350090213289653	0.0185145363780424	-0.11117661275516591	-0.11178189114625112	-0.09326735476820872	-0.09582519151062716	0.04184222043547803	-0.11196420698751017	False
edf8960e4bd482db4889aa5c4d0657c1dc786b422911de8a6e346a828397d901	generic_caliper	generic-F5	0.5430689781552206	positive	0.13061790830881587	0.1367838403938355	0.17081623153950037	0.17213175792062807	0.09041958507813136	0.03534791752679256	0.310243358355065	0.05257162948144539	True
f23e8b7d88d8a45f4b14841b5a1118aa62c39f71d8ec0ecfc8fad2e30bae485d	generic_caliper	generic-F5	0.24459702314590945	negative	-0.14875534861956416	0.02916260216098343	-0.15892582841263678	-0.15437837832499748	-0.14313231891413083	-0.12976322625165335	-0.00960997305381281	-0.1310879001545092	True
f7df050f2491c4a08c31dd76a04de42142bef27a22610cdb3db606b69edf38a0	generic_caliper	generic-F5	0.23377029717702	negative	-0.12218203221192928	0.1514161505286682	-0.06578249224919838	-0.05776913046901841	-0.17858157217466017	-0.2091852809976866	0.08148989802017662	-0.18678139778981936	False
ff7040e1d956d0272965002bcb9123300bf9e04bafc07e9f7e2741e09c2e2215	generic_caliper	generic-F5	0.48830033392010325	positive	0.2024919206954709	0.11618809287277049	0.254697584124113	0.24495158842678275	0.1385094912513425	0.16003225296415907	0.37548569181757574	0.1567616902041052	True
05a31b6e0350c0f058d54622c50240bb81a835ff618479d2b4203cb4be8a0910	generic_caliper	generic-F6	0.48626275946254244	positive	0.12914725946886652	0.05530316143203046	0.13060077149479615	0.12769374744293688	0.133417657056627	0.07811449562459655	0.12801428437451995	0.1240307178231757	True
071a8a483a899d4f405e1c342f13f614bce4d171540fbd481495ddb79642d515	generic_caliper	generic-F6	0.6185822523976898	positive	0.21216955569880983	0.07443363780584933	0.24556504411338703	0.2518706206739913	0.17743698286814197	0.17877406728423262	0.2518182629652688	0.16200380795703384	True
08ff23b6e288e5e1841f9f144bc0a1dcf4df4ad339dab0f3c22990f3f523fa61	generic_caliper	generic-F6	0.5314883771593882	positive	0.11830823328550766	0.2124397424957608	0.213758094862603	0.22154739081204422	0.009107648316283412	0.022858371708412317	0.2260892002871177	0.004967484129985045	True
15c306a138fbf2150b41bea6978939cfbcb2e7e81a2bde855fad0d083b672e68	generic_caliper	generic-F6	0.635610907198664	positive	0.17771283848175984	0.15509696495392944	0.24719651169497736	0.2472695501777351	0.10822916526854232	0.09217258522380567	0.26005178120797695	0.15129139002297654	True
1cd184a5df02d7a277c8ed59d33ae93e24f5e5aa30b62c33a2d6a1642899ae5c	generic_caliper	generic-F6	0.4292794599038657	positive	0.11016272713993891	0.12121842108396341	0.16564957730092256	0.17311026928508183	0.05189184820111842	0.05467587697895526	0.17381829558101425	0.04692065496129949	True
20b7827148564c871925293be121ff60985b8020fe8767d0a3285a88dfacf4b3	generic_caliper	generic-F6	0.10524618468161039	negative	-0.10876266579750013	0.14184742514957438	-0.171641636922297	-0.18244964680809117	-0.04588369467270324	-0.04060222165851678	-0.1832410122857827	-0.03908371691058231	True
28733b294a8fa340918231187cca77b3a9b71f0757a21d641679a5b62506c2ea	generic_caliper	generic-F6	0.5536533316528214	positive	0.12097611841463518	0.117605474234871	0.17237148221341275	0.17822422543660965	0.06061875120173865	0.06958075461585761	0.17540208468418744	0.026404841472035034	True
2b814b1252cf1aa6e068ac6d17395ad34642318911c74f1683e460bef924df38	generic_caliper	generic-F6	0.36987781218942334	positive	0.10857468515472865	0.03966456496302917	0.1280248447013455	0.12639882339876785	0.08836027973831634	0.09075054691068946	0.14313544304304504	0.08918774989930806	True
2e3b8bc60e03304411a4ac13f71231a4b4fd65f8d60e2e16a208482ec5c489ab	generic_caliper	generic-F6	0.5751546322306158	positive	0.1901120598310844	0.23909453925847146	0.2886968403348288	0.2826467118529763	0.0975774078091925	0.049602301076357325	0.298037964030869	0.06557017882938421	True
439ffa52df1aadf4e2a75136cac19bcb40d28bd2205a669b956d5d3ad7e482d2	generic_caliper	generic-F6	0.49500580585806503	positive	0.10372420112802755	0.1039567513671874	0.13258964542955542	0.13944501273152599	0.03548826136433858	0.07485875682649967	0.14094551199709338	0.016538539290953447	True
4870908a2571ef57286f908115f0c807d86750e59cc3bafced1ee40163426c50	generic_caliper	generic-F6	0.5277331558749028	positive	0.15678501351244642	0.024689067586786406	0.15785083636584923	0.1557191906590436	0.17598239245348507	0.15129332486669866	0.1495122177951662	0.16930112428046307	True
54dcd7740363fe7af466cd582315f3867c0ceb65b6f51ae6d8c32c9ced975da2	generic_caliper	generic-F6	0.5591852228632235	positive	0.14265212581990874	0.06603534053568844	0.17625983826276287	0.1671175586595764	0.11022449772707443	0.11818669298024109	0.1729988448300243	0.11502613400956907	True
618771e78c72ae7ed8f3686dee21864698246b2a7808a42518431040e159d6ed	generic_caliper	generic-F6	0.43507332196064746	positive	0.13822095329091444	0.07443289463845021	0.17077320049311612	0.16937804898544512	0.09634030585466591	0.10706385759638376	0.17487262955796096	0.09088700273683525	True
64206fbe636751a3fab1d76563801c01b3beca5d291ac482ad413131099f80f1	generic_caliper	generic-F6	0.6391139936671504	positive	0.21465648078921015	0.0828425918762728	0.2591648518932564	0.25066714565164483	0.17864581592677548	0.1763222600169836	0.259016612337562	0.16944288640030392	True
65adf0a5e8b0298e1aad53a81bd85357d85a32397157f6edfeb625770e3bc9c7	generic_caliper	generic-F6	0.6908550887351059	positive	0.2691435518336346	0.22736631708953126	0.3742433245978253	0.3697908655508348	0.14687700750829402	0.16849623811643444	0.3808320308955141	0.19351933579461406	True
7292ea5e1da4119ec32df6fbbef22e3d1306e22557fb3fb89b8242c7f23b34ac	generic_caliper	generic-F6	0.5473783130889737	positive	0.17025806689466197	0.2593695123603283	0.28777455561375176	0.29251753851860435	0.05274157817557218	0.033148026158276056	0.30358800781935286	0.05318453462946421	True
89afa4ba70e3356f97575cc70e3b2372242b58c766d47b6e6bd62a091d66b026	generic_caliper	generic-F6	0.20419778390950236	negative	-0.14015637045674123	0.07385857740361346	-0.17360873755958575	-0.1788380889510656	-0.10497951154745214	-0.10670400335389671	-0.17553631615624507	-0.1047016768691674	True
8f426a6c9673c13e28b587afe6772cabda7516288b407dbc438c1da25a52b701	generic_caliper	generic-F6	0.15896508277949714	negative	-0.11468687225249422	0.07587150240833165	-0.1530992387919605	-0.15092598333919574	-0.07722773638362884	-0.07844776116579269	-0.15769820134827875	-0.08214499809976755	True
91f210e987e4e64f70d888b7ce0613ef53d8d8274f9268a9749c37868ad63070	generic_caliper	generic-F6	0.13790162964130845	negative	-0.1068619600974831	0.11395592724685202	-0.16960392554496248	-0.1567391723046356	-0.05698474789033059	-0.05564799829811046	-0.16675267827102333	-0.062002006786684716	True
9313a1963596d67fff856a3cf37c5cdac7437474098d9da67dd20b9e7db7824a	generic_caliper	generic-F6	0.4747246169258041	positive	0.11944269776856767	0.13278807039150137	0.18336095579221917	0.18344205485295761	0.055524439744916165	0.05065398446145625	0.19041337298015482	0.033545887601325486	True
9341b79e425e32e8489a9e8967b9f855f6afcf9ce2d9088a9bd47dd95c277fda	generic_caliper	generic-F6	0.1413631566127297	negative	-0.12513991230746385	0.16398875114626058	-0.2005412073559507	-0.2065716067487146	-0.049738617258976964	-0.042582855602454034	-0.21310776076261334	-0.0536929477272825	True
a1774af1d895dccbaac4f29a051dace124178851aea3ddeb6e843e46334dc637	generic_caliper	generic-F6	0.5979764742309337	positive	0.1874858763891988	0.1940968049431419	0.2843747889222507	0.2794315028550806	0.0902779839791088	0.095540249923317	0.29015959915729855	0.09062304010955258	True
a270397e554d806f1b2c6a42cc29de30da3a38f55cc76e9f4c92c9c1ad23a0bd	generic_caliper	generic-F6	0.10214250414713785	positive	0.1113075512921867	0.20351779141515997	0.2219656931795285	0.2011165287567341	0.021498573827639283	0.018447901764368516	0.2501757242806274	0.018096191421217003	True
a6412d884ec226e045b1754144fe3d07749248d15cb7e694973d9a19abd6993a	generic_caliper	generic-F6	0.4643954788948394	positive	0.11742446379413371	0.0674632042067273	0.15057640367529718	0.14917731102804133	0.08311319946856988	0.0856716165602261	0.15930039690115766	0.06506967551999332	True
b046712419ffb518c17731ea5efc3d8fb1aff8b6751941943d31c1f4850ec631	generic_caliper	generic-F6	0.4652424649960057	positive	0.11929572428022236	0.0627894926891881	0.14615395493728833	0.15135194146503378	0.0924374936231564	0.08856244877584568	0.15353202996851806	0.11793951918175738	True
b575ccaa83b9b405bf68a21a63ae211ca0a83cdeb3c61bee1e2ccb82e114e1de	generic_caliper	generic-F6	0.2908445879262168	positive	0.13046208421494992	0.00998015438144162	0.13240759622086812	0.12969798064180588	0.13122618778809397	0.1224274418394265	0.14486000887267259	0.124094577918134	True
bfa34f8ec57f27bb0b9d8f306e2921f1ea1f60d4999c43b041c421f5989752d4	generic_caliper	generic-F6	0.5403485554164807	positive	0.14435993510041076	0.005557546464557639	0.14424119211768832	0.14709151015772992	0.14153396369317228	0.1444786780831332	0.14318348734562475	0.11469886591225775	True
d00a883a00f672482ee327209baf044ada36ed4353a85645f01fb9db2db3e440	generic_caliper	generic-F6	0.24052399376045802	negative	-0.12324693640744744	0.11744746500287573	-0.07999399288413822	-0.07500470983883611	-0.16649987993075666	-0.19245217484171184	-0.0693680212597822	-0.19393500276790454	True
d6b9afbdf9198b72981f98ccc9413a46b20ccfcbc0c2ab59254d10cde4bedbdc	generic_caliper	generic-F6	0.44510475121177057	positive	0.1768222450031312	0.10565000472145336	0.22429650927641517	0.23366813363805894	0.12801812891660558	0.12934798072984727	0.2407238638321732	0.11987984776136085	True
de3b0b82f5ac78d321bc184493883cf2201f20fb47ed15a61dc143e42d457b4c	generic_caliper	generic-F6	0.45760619017965026	positive	0.19660940706277405	0.03684637418043485	0.2124075088958104	0.2170044504400097	0.18015807625957486	0.1808113052297377	0.22633204614816554	0.18949121430357185	True
e1d048054d1abc5ae3bc6a681c38c2947b5f9582d62dfab030bf3d99740f6270	generic_caliper	generic-F6	0.3909263787447623	positive	0.171098528328069	0.07933422237309884	0.21054105284928132	0.2095595804716404	0.13120683047618248	0.13263747618449756	0.22747204798568435	0.12614592166101135	True
ebdd3b07603ec133e6172cf215e917551908544e95830b25fc4603e079332553	generic_caliper	generic-F6	0.08649549704162122	positive	0.11681656835775626	0.22701539960741135	0.21859802546074253	0.23825812007135477	0.01503511125477	0.011242720463943437	0.2581928846505191	0.014087130107087828	True
f3eadb6d37dad38e992bb0304016d6c91384599f833b2f141ba4d2267cb3b575	generic_caliper	generic-F6	0.0580433744690105	negative	-0.10072165441740859	0.19411039404617345	-0.19598955438462526	-0.19941453140856616	-0.0053041373623927204	-0.00545375445019191	-0.1919776321183931	-0.00572667654007316	True
f85df3085e0759f23850057281195e75841b8163cde41c66114cfac3c451e93c	generic_caliper	generic-F6	0.13389070996745406	negative	-0.10971003113493076	0.017088461813135364	-0.11647195444111386	-0.11590164130807176	-0.09938349262797849	-0.10351842096178976	-0.10345244947446625	-0.09603832129293757	True
fa190194d251128560adf9fb123271359c9958696d244de579d1d4f65c83a029	generic_caliper	generic-F6	0.6143862428657624	positive	0.20852683422534798	0.13974544537985006	0.27898692442961115	0.27092581903481516	0.1461278494158808	0.13924147904976109	0.27537421817191904	0.0948460449338756	True
fb6025055e06072052a9c7726f124dad0a851aece6d624f238064cec75c8a84c	generic_caliper	generic-F6	0.6063070873609188	positive	0.23003517521725733	0.13881449213565578	0.2995165663376616	0.28915566182638747	0.16070207420200583	0.1709146886081272	0.30953307536896246	0.15895668463680895	True
fdb646996672839e2e1261e3be1b2c219d9cea3ac8c49360f72f1d97bd540176	generic_caliper	generic-F6	0.14147517796106732	positive	0.10500258250916557	0.1693834006091956	0.18525236261782144	0.1899608478419851	0.0247528024005097	0.020577447232789522	0.20604559086817284	0.028141326924663188	True
04d8069d450edbca2941ff79d5a0ecb9375279ae52781d8bcba757faa114f4c7	generic_caliper	generic-F7	0.5532462374847306	positive	0.1115040724297405	0.1485857944243842	0.17176954972530117	0.17090131396835778	0.052106830891123224	0.023183755300916986	0.17285703524488777	0.04971995708567145	True
0519aa8d678ffb877a61f5e1619a7558d711b08ff2a6c43bc13ffeea5b347445	generic_caliper	generic-F7	0.5865146980661781	positive	0.14707019317817407	0.09728799865372023	0.18766087075073284	0.18028025786355756	0.11386012849279059	0.09037287209701261	0.18321001982361873	0.11696392363937719	True
0d38457b191c085761ea3cb88f56e15e372f32d638de8c31875e8cf539d0a280	generic_caliper	generic-F7	0.3039523765447544	negative	-0.12016108409431825	0.11884386208973435	-0.08151764619838409	-0.08012845392255358	-0.1588045219902524	-0.19897231601228793	-0.07696914186248721	-0.18414376464761667	True
0d708207ac11d0a844531bd7a8f5f2540e0ca9cb0e7e4a37fab6cb87d473614a	generic_caliper	generic-F7	0.20892578339987325	negative	-0.130602699428187	0.09363474401964078	-0.17540474118265284	-0.17345138578755867	-0.08775401306881533	-0.08176999716301206	-0.1701843894658134	-0.08255025796791818	True
11265ac9ace6f32c124e7b96eaf6e5085eb4e4ad90542757f5f25ae6f5e1584e	generic_caliper	generic-F7	0.14460966790849336	negative	-0.11481546295999058	0.11760500891402453	-0.17169782195688602	-0.16306361667239153	-0.05409281304286148	-0.06656730924758963	-0.16825147781081776	-0.04930631114327552	True
11d877717793379349f8d1ab3ff32954478e2b678b87bba1451b185c9ec68275	generic_caliper	generic-F7	0.4070271983769895	positive	0.10177579306805098	0.01779384107174653	0.09827147147203769	0.0937283482062794	0.10528011466406428	0.11152218927802593	0.09802404654986274	0.10754379888387444	True
11f660a790d550a34954c1d5b58773486d6b0ef01240a6a09427a24da64cb867	generic_caliper	generic-F7	0.2520524034838557	negative	-0.10815816855705854	0.04152952031668855	-0.11707194534280535	-0.11896707055131872	-0.09924439177131172	-0.07743755023463017	-0.11544255338728626	-0.12036228588094833	True
157f3ec8ec225317857c444936190883629f707bfb113e6c4a7e484532b768e5	generic_caliper	generic-F7	0.5256490727403187	positive	0.12485846600186079	0.03526849499226581	0.11906997713894063	0.12137040845714347	0.15433847213120644	0.1283465235465781	0.11946456226735369	0.12682094882623252	True
161ba7d5668dca5a0f1abd0fd1a9b118fc67a97200efdbbb2b49b460921875d5	generic_caliper	generic-F7	0.5761733989609733	positive	0.1356756852859533	0.15053779758312008	0.1887173845155048	0.19213479180176468	0.0415969942186446	0.08263398605640182	0.1928503984862246	0.07960931525006426	True
179847e81b3024f8ca46a013a9e7421c6232cc023cc55536a317078e8e0a6b81	generic_caliper	generic-F7	0.5264584056954795	positive	0.11568838935926476	0.15601296980245377	0.18170368352626837	0.1836970574961032	0.04967309519226115	0.02768408769364944	0.18948611908457275	0.06450392288688689	True
17ef32de146168986048d34dbc5628f443f8c07de3e105ae5c1afa96e48ed1b7	generic_caliper	generic-F7	0.28258654362795477	negative	-0.17950091859791856	0.12083618260642315	-0.13240915925167562	-0.1300103184641519	-0.25084650107057505	-0.2265926779441615	-0.12671692440236237	-0.20431369794102827	True
1d45680ba51d719311281d6e698c687e32a600499dce3f6cf098bc037ec0bb32	generic_caliper	generic-F7	0.5569426557295386	positive	0.11624530068731964	0.07696421168015755	0.13647790544109561	0.13716133060252833	0.060197118922370785	0.09601269593354367	0.13785403382961492	0.08797316648707187	True
21cbeef48134e699d39b3cd6d89c3ac5e639abc6060ad7f0302071c597d16fd0	generic_caliper	generic-F7	0.1186434110252203	negative	-0.1400099549961007	0.23577640046061263	-0.25627955780690403	-0.2549661655801407	-0.025053744412060736	-0.020503157346291406	-0.2517882351948937	-0.017484079846034672	True
25451a6c6f9c21fca6f92ef7f0aba812c5aefe289983e0e199c1be60c336f9ee	generic_caliper	generic-F7	0.5657719217552981	positive	0.1785473627824454	0.14270886579987146	0.24116185588256084	0.24287016145396084	0.10016129565408938	0.11593286968232996	0.24406601194024763	0.10576758899837807	True
255b37c2be505e40816d8607993601f586772069c51258aed133367e16e91d8c	generic_caliper	generic-F7	0.6792502237556213	positive	0.20839641207294196	0.10144150548778075	0.24780626049186805	0.25037330153819604	0.1489317960504153	0.16898656365401588	0.2539744679667024	0.1347950107491166	True
2bc323cec89e59b79150ba609cd99bacaf6c8cb35065abaec5c5dd1a2cf6b103	generic_caliper	generic-F7	0.6294963646553561	positive	0.14014299167482303	0.09484445379019357	0.18573649475438858	0.1859184700936204	0.09454948859525747	0.09107401630342682	0.19057120427043517	0.06743432304387953	True
2d4f07f5bd16d635b15d02d9d8873dfdc1aba06a6a451f7a9daa32a516e57b87	generic_caliper	generic-F7	0.6316543332902312	positive	0.11114090107007923	0.1639393374621791	0.1897622083735238	0.18689265190732607	0.0353891502328324	0.02582287091134472	0.19219206123528243	0.012357681762160122	True
2d8ac60320b93bddb8de2d40da0a1ee30357a1bdcbc03004a92c5a618ba024af	generic_caliper	generic-F7	0.4859790310544453	positive	0.15130366344980006	0.10385353770588207	0.19892312349405633	0.20235522172863762	0.1036842034055438	0.09850168402275555	0.2088242049922302	0.10145248128898726	True
2fc63a8a5b5c55365632d270b6408028475da61564896a3459fa7fc4b3f63d06	generic_caliper	generic-F7	0.528857301113601	positive	0.14015299699108602	0.035520896731055074	0.15331721693142397	0.1528257851218029	0.12748020886036915	0.1177963202003689	0.15361643713436912	0.13076659370921784	True
3164881d3abb521e07a7c3532b3effdf107a07fb42b7db72298119807df23920	generic_caliper	generic-F7	0.38186355245387843	positive	0.11747169465078877	0.03510310055752969	0.130531697701253	0.1305616620640051	0.09545856150647541	0.10441169160032454	0.13789148228327647	0.097242700044958	True
3934634c5828fcb41ca9ad9a73422f43e51fa476fda0ada08a851bb49c0dcc39	generic_caliper	generic-F7	0.19315391434147403	negative	-0.10183069977744938	0.07741705848973413	-0.1346325043633602	-0.13436785968231998	-0.057215445873626064	-0.06929353987257877	-0.12997061470662666	-0.06708153934443442	True
3f5961e5308519f70412dec96e313f4b0794054bdafe14fb6aa8e48ca1b7291d	generic_caliper	generic-F7	0.7458522392903429	positive	0.27140877682936515	0.05296509069429045	0.2906971878354032	0.29547340123602006	0.2425083105417296	0.2521203658233271	0.29011813538154807	0.2550104173764419	True
432d1b436ea6f83919b557e356a821275fe585bb804a7b3ee631e85db7f42ae8	generic_caliper	generic-F7	0.11825152161304925	negative	-0.10229628206583846	0.1447437968444135	-0.17431752192621064	-0.16875517478606294	-0.029573725081797148	-0.03583738934561398	-0.1641084242489786	-0.0315591491362921	True
4b51f789da0ad41fddc74dbac8ae586c6400d69e67cce98f6fd3d0d47c2992c8	generic_caliper	generic-F7	0.4774072300561592	positive	0.15980389928949487	0.08418530377176514	0.19122273082022784	0.1914699045013455	0.10728460072958035	0.1283850677587619	0.20162864004192232	0.11147776808128884	True
4e6b74888be7dc41740b0fd8fdee0675bb911d9a9a5954c8a9279650ecd80365	generic_caliper	generic-F7	0.6013469952051088	positive	0.19580819733598376	0.13272018885638942	0.2549901620000484	0.25466299274845294	0.122269973143659	0.13695340192351457	0.2562389816002878	0.12524369447876876	True
4eba175385ff937191c104e296a80f2fc4b08eb8161121268f912ad4d749b3af	generic_caliper	generic-F7	0.17283786078711807	negative	-0.11230685993165157	0.03207521788552964	-0.127027271977161	-0.1259547565982441	-0.09495205409163135	-0.09865896326505905	-0.12466995406073975	-0.10498056245230117	True
4ff4fb0f3ca5a618b7c73dd878a4cb1ea767d480e3523e985644aa8f644ce50e	generic_caliper	generic-F7	0.07582996441700462	positive	0.10882736194652434	0.2110995034779633	0.21424948178246933	0.20947958331879596	0.008175140574252712	0.0031499783045060292	0.22915531129684336	0.005073136712464593	True
51358ab7a4dce0dccee681f8219246decea4a4215196a075c43a6c6e38bdda56	generic_caliper	generic-F7	0.6784213299550274	positive	0.307307242322982	0.13733892191500385	0.36115303310528385	0.36237680709995623	0.25346145154068017	0.22503788518495238	0.373758032784231	0.23651528780086423	True
54c985b53a8b0663caaf47f8cf5efdb91d47597ef432a30079f4b04f270036f1	generic_caliper	generic-F7	0.3500634585703969	positive	0.13140222655350633	0.10396832573776549	0.18524763498627034	0.18077581200194032	0.08202864110507235	0.08127930924850485	0.19330258495459093	0.06626321990362649	True
5c7278e0abc200742a866f003e0545463d04c101b1d390ce213ab7aa0bf981ef	generic_caliper	generic-F7	0.5536288418896627	positive	0.14005567168346691	0.05318573546584021	0.16537774442416997	0.16441123999422863	0.11219200895832976	0.1157001033727052	0.1655611974990785	0.0867497098186647	True
600972f4b3ea83d9bdb212b08f57afe541e4547d2e863ab652931b93b6c73604	generic_caliper	generic-F7	0.14643334767339042	negative	-0.14537735870185137	0.09558343948839007	-0.18297473788259042	-0.1865262435063623	-0.09094280401797222	-0.10777997952111232	-0.18277242730098667	-0.09750190786446833	True
61cad560f17c8797bb3f9d6578926176036d12795f0bfef2175043dd79814fef	generic_caliper	generic-F7	0.5182635436904828	positive	0.15084612379091275	0.08523632169096718	0.18113270288279099	0.1815320919096906	0.12055954469903452	0.09629577021872343	0.1871737142589971	0.10343646612921387	True
6a9854de72131800f0bb843d4a00c08ab2973e4a8746a7bb8f284dc4d13ef38d	generic_caliper	generic-F7	0.2885992945240518	negative	-0.12045690003721998	0.14100202854581362	-0.18648769835829032	-0.19290838016588757	-0.051906351620073954	-0.054426101716149644	-0.19706685454178074	-0.040051502416950435	True
709356d6e8d5dddf49d17208690fa61c5909a8980ca080736ebb5f30b30d1182	generic_caliper	generic-F7	0.7368457667203738	positive	0.2848211653156709	0.08624855226275185	0.3228965651672241	0.3244001795030455	0.2467457654641178	0.23815162724029365	0.32329719498573173	0.24207528841098364	True
71b2f571fa7021ccfa87c980ff0ac7546fc75fed2e09296e18a1df4b027f242d	generic_caliper	generic-F7	0.5621399639726161	positive	0.14101969747887727	0.0502929534747214	0.16281465379705012	0.16211812673103537	0.11992126822671917	0.11252170032232872	0.16054536025315963	0.1187812874560199	True
71bb67937bf2429dc5e6e3fae664a372a1127b20fb6b6ab467d210f62a6bb3fc	generic_caliper	generic-F7	0.17590292487348358	negative	-0.1200764224085937	0.14561568013995152	-0.19036950701075084	-0.19315242067524452	-0.04978333780643657	-0.047536740535293	-0.18886709458288486	-0.055224107499345726	True
74bffd7b929fe81de2dcd1e8b7d748a3186345b3d6e7af2a468fd4f81b9f7a85	generic_caliper	generic-F7	0.5614942349657818	positive	0.11214339289297715	0.11631704470163878	0.1643232156927561	0.16749896425437355	0.05118191955273477	0.05996357009319819	0.16786306020006686	0.05694537288709578	True
78b23d9b2c508533a0715cdd81fc8f33a6e35cae88d2705b8ebfc513d17ca4a7	generic_caliper	generic-F7	0.4794826395583466	positive	0.18914939814474763	0.14764773160599343	0.2522757620483619	0.2555134348768543	0.10786570327086087	0.12602303424113337	0.26092829753273117	0.11847195440200764	True
7b67d8728d763df06acaf89d6cd77ac18186b0273e4a4be255fd57b79cf7c49c	generic_caliper	generic-F7	0.42102244586812404	positive	0.1523024870762822	0.19115210023998092	0.2466581855737443	0.2451557281855692	0.05550608533376339	0.05944924596699519	0.2565857761226352	0.05538828368819776	True
7bcceee6e20c9d40e2cac8c8060183c92adc081ac775d826f6207f7aa2ebc55a	generic_caliper	generic-F7	0.47834913229931064	positive	0.14219995219962223	0.023094547325819836	0.1508226845838937	0.14808034171496304	0.13631956268428141	0.12772813725807386	0.15157878545538317	0.11068881074743242	True
7cfe41252bc8c3bd82204a005f084fc6118413e024e26527b6188ae878072aee	generic_caliper	generic-F7	0.033933375397083784	positive	0.11804736081822904	0.2585619304304934	0.2615932164362744	0.2306983177313795	0.005396403905078596	0.003031286005781019	0.2738712823405776	0.0015555897039494296	True
8e25a96cedf103288504bdad310d5a760d4064adb372ca97589a71fd76260986	generic_caliper	generic-F7	0.56063929250782	positive	0.14407858150217612	0.04735329219165818	0.1420221909570557	0.14613497204729653	0.09885149681620897	0.14620478900786715	0.145749960358386	0.13624975723056548	True
8fadaf42bae9dffbda826914d6632fc1fbddbb732a529753378c354f1d1db8d7	generic_caliper	generic-F7	0.5056392999776078	positive	0.10858188197277743	0.12108016885214895	0.16224778097072518	0.16309520009147682	0.05491598297482969	0.04201503123932787	0.16880028588752483	0.04366922325536238	True
9049e6824d28c34f2a12764ef727916dec8ff3b0cd4e8259eab09b2fbb97fa00	generic_caliper	generic-F7	0.172971452041573	negative	-0.13487681549560196	0.13519610041822305	-0.18623373098112317	-0.1849469237691887	-0.08480670722201522	-0.051037630562900116	-0.1806657567550497	-0.08299067795407644	True
9347bac50434e8018c0ffa5df9cdd776963615925a7967281d4cdf00f1f2c9b0	generic_caliper	generic-F7	0.0020170278549736017	negative	-0.10766036606205463	0.20483260863970493	-0.21068299386798184	-0.20748380879919887	-0.007836923324910388	-0.005850385228276909	-0.21327346108089873	-0.0034432563592928407	True
942e408fd73b77fcdf354d5a7596cfffa006b0a72b4afb402cd8d9b20b5cd849	generic_caliper	generic-F7	0.590133080248423	positive	0.2007857527504716	0.1458288981426794	0.26593091486167275	0.26802897856448316	0.13564059063927048	0.12220008042180375	0.27487235805467625	0.14645817232870328	True
943767a05696ea9c32c1f603a70f9fcfceb18ac0298f6dde9a060d6d987da810	generic_caliper	generic-F7	0.2338623871960877	negative	-0.10039424462803354	0.06361940282410483	-0.12835696207267072	-0.12395305064359363	-0.06473755924856589	-0.07683543861247344	-0.12016926837330488	-0.061248585666657196	True
9bf8a450b827a8bf958487d070b81d6b2626bfddb3cb621538e29c53648453a5	generic_caliper	generic-F7	0.17240526956798521	negative	-0.11937760466804712	0.20901183586983177	-0.21090740670044825	-0.21006661999424828	-0.0018955708306164776	-0.028688589341845955	-0.20979588397078328	-0.016863752390199188	True
9cdc3f48c1ac6e1e51365141617a699c58ed7e92335e85601175aff836e7726a	generic_caliper	generic-F7	0.5674135608295293	positive	0.13316555820481776	0.11004311443633441	0.17937292241082897	0.17493829269527533	0.0913928237143602	0.06932980797449456	0.17898946895538215	0.09901084797579779	True
a997abe0539e2c57d92bfe58737388a3497f86840b044bcb877cbac31d848b46	generic_caliper	generic-F7	0.22361386414365067	positive	0.10845500497218494	0.07356059841095128	0.1436373294106086	0.1399147049283567	0.07007673099965733	0.07699530501601318	0.15349775345907765	0.07556978312024501	True
aaa555cc4127e6124730846128793b961a949fe33d05673ebfa71617dd7edf70	generic_caliper	generic-F7	0.18813915386243532	negative	-0.11768048214563501	0.07666999196609492	-0.15310378339828026	-0.15804594675109582	-0.0813759547850009	-0.08225718089298975	-0.15077983964569616	-0.08980652834671213	True
b28d00f7aca593cf4673fe1876fa8c4e61a914eb9acce7715050d22bef6df3bd	generic_caliper	generic-F7	0.14729694148401196	negative	-0.10764204173342351	0.1999088906816391	-0.20850165483410577	-0.20519690452534778	-0.008592764152466653	-0.010087178941499242	-0.20465006052116586	-0.014746145740723304	True
bbd980eb7ecac8b2fc37742301913b3032b28b61057d68c12fd8503cb6b6e07e	generic_caliper	generic-F7	0.5558148431839252	positive	0.21276294450283847	0.027151127291872412	0.22887850115664576	0.22332094683726927	0.20172737386477335	0.20220494216840768	0.2311336855942911	0.21235076670098357	True
bc17821efe3daafcb5509d70c34add5aad42a4dfe66634dc4a0f5231404da8f0	generic_caliper	generic-F7	0.6102524907759993	positive	0.16756845089435857	0.1617345220965437	0.2413255968513237	0.24308959396343166	0.09381130493739342	0.08135507186688795	0.2490088202764551	0.10881121699233354	True
c03834a641361ea057715cbf97caa0f2f6161f8b30a0d1fad4708986602ab05b	generic_caliper	generic-F7	0.14177957325579588	positive	0.10016590049937574	0.1590461001217404	0.17630179967671372	0.1809433325567152	0.024030001322037767	0.021897232434974795	0.18662608542968562	0.02377351971279089	True
c395551f7c3af2a49ea39a67e33dd3f8cb77eb73ece2f2a7d913ad04266243ca	generic_caliper	generic-F7	0.6214781223448487	positive	0.1296027356604743	0.11669482671897718	0.1728648317638265	0.17514790736294	0.08634063955712212	0.05845308064396282	0.17858221422942822	0.05604842262160625	True
c4746b2eee8dd3413a5d06a4132074ae88b0d111843cbd5cd49080eb684c95c3	generic_caliper	generic-F7	0.0839625634937932	positive	0.1302596180760217	0.23792601345494102	0.24504709136260905	0.2507732672260735	0.015472144789434372	0.01284725377113248	0.2556647720366433	0.014602721668358035	True
c86fad4d6910b7993fa166a5c1ce2d89aa0b07dc449b6dbde130e5eaed6f91f3	generic_caliper	generic-F7	0.16543749718503023	negative	-0.1444271403837342	0.11270929709743163	-0.19288135021962913	-0.18829163214808978	-0.0801720531221975	-0.10056264861937861	-0.1878420599986048	-0.06815331619681442	True
ca72caba54a1fc08513df32463615023952d75740bc112e150eb98f60c75c770	generic_caliper	generic-F7	0.5601296905169597	positive	0.2382856520745207	0.08093920149791384	0.27472417368066376	0.2742018261446429	0.20236947800439853	0.19378497218274993	0.2815766803780169	0.19155780002984507	True
cba2d620967130e580883f4cdfb0f8c7d2477fa00965acd9f172730c7553f436	generic_caliper	generic-F7	0.7256586729104728	positive	0.30304076326944585	0.13975466512299672	0.36463789430171134	0.3656744464986663	0.2259197813756696	0.24144363223718035	0.36960302367299536	0.22893748960864396	True
cd8ebed858189ffc1f40f98e6848905dcfb9ac2a2d365bd8f6886eb9f58571d7	generic_caliper	generic-F7	0.4670197701838412	positive	0.15272521202860437	0.10171330342172252	0.19033371963874068	0.19502296526556673	0.0933096618438442	0.11511670441846805	0.20174193363842408	0.09650431935994286	True
ce0aff6f9d0649077e3d2f1979f8337fa711226f78acb1ee41198a853f350b92	generic_caliper	generic-F7	0.2972516134571787	negative	-0.10785854757392685	0.12247425614238883	-0.06100442221054664	-0.059302216236905236	-0.18177647237929406	-0.15471267293730706	-0.05106684645813503	-0.15542825204463234	True
ce383b9a44019b03449b4479bdc2098a9cf68ddf6b409b728f92d7defa22d616	generic_caliper	generic-F7	0.5777846538526243	positive	0.17277436828554044	0.08574343467039819	0.21248949660424488	0.2142629169344274	0.133059239966836	0.1285194822640292	0.2203243871539397	0.12634309963357837	True
d8088cc248bdb31aea387a242d2a616ece7249c628062af1da56a42b14fbf296	generic_caliper	generic-F7	0.5252541128025815	positive	0.22222596838384856	0.11138327923642444	0.2683738775656006	0.2722207449657997	0.16083746572937524	0.17607805920209652	0.2778502738902996	0.16257308505172174	True
e48e114d8f98f786203da7be19f262361163fbf537c697a95f5cc4c591df706b	generic_caliper	generic-F7	0.6902307275245304	positive	0.2787806384776421	0.1730210646496485	0.3429799192864543	0.34033794698604314	0.21722332996924115	0.16995885463680582	0.3476610480890789	0.18931405388904377	True
e70e6ee1047c8e7bb85f3a4f30fb0e7ece8910b423bb7bbccb2714345fdb7e87	generic_caliper	generic-F7	0.11200494520028093	negative	-0.1197067879112044	0.012445902487090432	-0.11609399186238495	-0.11831131526353883	-0.12110226055886997	-0.12853989434947538	-0.10998346418153077	-0.12400074329740007	True
eb0b9c4b2a9a3d8a3d16daadf2e082cb16d065e60ea4e996b7630e848c3975f3	generic_caliper	generic-F7	0.5825318263729193	positive	0.1289063924050369	0.11652311869189025	0.17981851857826125	0.17910787672694156	0.063295399886371	0.07870490808313224	0.18366159825366246	0.06330034909639459	True
ef99c021f47da61bf0cb23815592d6f2c6e4fa33b5ddbf8b4f806b5fbaae4d54	generic_caliper	generic-F7	0.20941625106349582	negative	-0.11411980611767192	0.09324201499084611	-0.15107721704285149	-0.15250375697553864	-0.07716239519249235	-0.05926174198469253	-0.15159344113101242	-0.08139543140045674	True
f18affc67441569a35b497c31d5657d98a89b271d52ebe32a38611b431363574	generic_caliper	generic-F7	0.09276590776344489	negative	-0.11380285730830922	0.17461513066334358	-0.19765972440562823	-0.198585485603954	-0.029945990210990203	-0.023970354940610422	-0.1939896074386962	-0.02109451008810674	True
f5e6def3f8306475d6a3362f8bd12ccaba91f64a35224f2049950248f9936d10	generic_caliper	generic-F7	0.0780161511797102	negative	-0.10442391837239176	0.20350401710266575	-0.2062970571790743	-0.20582913232475689	-0.002793040076408529	-0.0030187044200266355	-0.20509857330158462	-0.0055280599165268285	True
f66df30e65c889a9945162866775e8d8a49311b7bbb0ffa74f9ef305e4c54c6b	generic_caliper	generic-F7	0.6231470529769024	positive	0.20426834984488393	0.11086031544591579	0.2513980281278415	0.25560825565400297	0.14474794020808718	0.15713867156192635	0.2560025410470077	0.15114504348676228	True
ffe284fa20678651ad936e18c084699dad46b205c1dcc190b599aa68c69272b6	generic_caliper	generic-F7	0.06190557868744474	positive	0.11216755284705343	0.22464151126612397	0.2285613252064011	0.2180381186268489	0.006296987067257946	0.003919813940277142	0.22231830455848745	0.004300269259190512	True
04e9ec63f2b6bde8cce1d8a17989f73133f55a8233dfc9d943df2c2451ffb317	generic_caliper	generic-F8	0.45576193993238995	positive	0.10938103438995245	0.16007384216330622	0.18706472960749743	0.1778440177444347	0.04091805103547019	0.026990887444191203	0.18570085015707483	0.023309891164006225	True
0b5ef6e51aae04296c0db0555c2410bc4f06f51a0e31fb87977fa2d8d2384fa3	generic_caliper	generic-F8	0.39685271513231357	positive	0.1781315884482757	0.03197334847534056	0.19208081860291593	0.18678251578529798	0.16948066111125346	0.16010747012757537	0.19151535382206625	0.16351658481792938	True
0f78af932ae1b8a30ff73d732d45e3a8f213d5f35df590bf55badd3abdef9400	generic_caliper	generic-F8	0.569804556861663	positive	0.10427399546656657	0.058707216188612854	0.10650506150818428	0.1056263670042803	0.04779784531957143	0.10292162392885285	0.0986250044846389	0.07691852504930258	True
1397ae4e2e9e75eaa2d07c5a0af8f345b975c6e554ed350d416a54ff54844dc7	generic_caliper	generic-F8	0.6572434110435158	positive	0.23645734699141666	0.10289630854391113	0.2765936539875366	0.27567119542341356	0.17369734544362547	0.19724349855941975	0.27130117450343466	0.14746851946196426	True
1446f3f6f1b8e68d0fa074d2fb434ed9a2ecd6b42c9a6ba430686d0396030a15	generic_caliper	generic-F8	0.3813651349415251	negative	-0.129081738583186	0.027094907512923316	-0.13260589691920627	-0.12555758024716573	-0.13303936854937642	-0.10594446103645311	-0.1294989048771487	-0.11623967873386454	True
151561d52ba061d2cf07b74b75e7d20a25258cc8230106416cddb621fcaa0007	generic_caliper	generic-F8	0.7173589963009481	positive	0.2123293985600252	0.11251865522969784	0.25650439837795624	0.257779585885776	0.14526093065607815	0.16815439874209415	0.2584093898930675	0.1822358690856214	True
19724ab7e991de156e5b755163cb6562e41edc526a968f944221078afa01fa0a	generic_caliper	generic-F8	0.4875811743184089	positive	0.10773025722174606	0.0922920027918055	0.14451945265221555	0.14201943487692764	0.07344107956656448	0.05222744986041006	0.14131572089126615	0.08910225160928809	True
197e0f53997df6bf7161f21c832ad6434ffe099321405003e39e9b77830abb24	generic_caliper	generic-F8	0.6133123571093614	positive	0.22476549661817588	0.07311510985835978	0.2601653373395063	0.26130200489653144	0.18818689503817165	0.18936565589684545	0.2556016166124307	0.18383237488132864	True
1b25fa85293e7d76daae19af3fe72a4035ed2a1e87d0e2ec6971649d3c722196	generic_caliper	generic-F8	0.5970873055247039	positive	0.15237782421044854	0.11478097051034969	0.20386269450130617	0.20397068212428765	0.08918971161393796	0.10089295391959091	0.1976902439370708	0.07795918602034735	True
1c27d9719aaa7648175f87494cd0e53dacb1b036c1536ded9af33d5f8b27b420	generic_caliper	generic-F8	0.20483662353223112	negative	-0.10578611447839989	0.06772948826676473	-0.12830825748491329	-0.13032887213848518	-0.0832639714718865	-0.06259938387172045	-0.13402330779868213	-0.06945882959589347	True
20c1a39ae75c00768fbab3c75bce23b05234b38507ee055bb5eed87ae26e8348	generic_caliper	generic-F8	0.26686011308800583	negative	-0.19806632122813925	0.11035898443908365	-0.1559588043299615	-0.1551073477845094	-0.26546633222359306	-0.24017383812631699	-0.1582972586267537	-0.2111215540497965	True
2f2671d1e161306eb075103bb24f673e6d35f0a01c0de80b3605f351f56a3435	generic_caliper	generic-F8	0.07213204160983737	negative	-0.12623135658763135	0.1475476149334085	-0.19625083948027938	-0.1961928369022588	-0.05626987627300388	-0.04870322454687086	-0.19253724068745204	-0.0498171933777785	True
38a2f6b21c1df7d5ec35e59a5d9f268cab12935d26be0cd1c42d296a5bcc1f54	generic_caliper	generic-F8	0.1901342461331368	negative	-0.1284914652939311	0.10086571670676575	-0.17529310216865995	-0.17591727316300554	-0.07505155645623979	-0.08168982841920225	-0.17842301054659515	-0.06088822948697581	True
38bc868ca9b42a863b78f59d9f9b9b6f6f386ee355f3685319ecbf47b8905a3c	generic_caliper	generic-F8	0.41849994280646363	positive	0.10281006814307414	0.012211178884902418	0.104391829725965	0.10069500092959105	0.10122830656018328	0.11290617981449347	0.10166285917873485	0.10746432046100057	True
3b76d671e68be33cb2f5097a9f039fbd41fecb8466863088ddac5a2392943da8	generic_caliper	generic-F8	0.1264411199020415	negative	-0.10673548726050394	0.1228040203037225	-0.16972369936927323	-0.16507779017146962	-0.048393184349538265	-0.04691967906555072	-0.16936587599778263	-0.054328945166852244	True
403bdbe71d5954b3d1fdd732b97faf62de20e95c2291553b7f1326f6f1516ccb	generic_caliper	generic-F8	0.5766579143340583	positive	0.2384484358425765	0.10395907657413478	0.2935909326595261	0.2857020087209105	0.19119486296424248	0.18963185608539135	0.2879565625528981	0.17921526823308737	True
419997cf3a69b3ee19af99f7aa7714256ee4f9579aa1e912e18316470f65b5a7	generic_caliper	generic-F8	0.3742179375557583	negative	-0.12972307539892466	0.09808762420332873	-0.08180088665965074	-0.0806088796064075	-0.17869650380973623	-0.1776452641381986	-0.08705767694739769	-0.146250498493542	True
453e7e6e4bb103a14c68c1b9623cc98037ed7a459b0b97f801a634049b4355df	generic_caliper	generic-F8	0.5825326749952838	positive	0.2248812960147214	0.03879167910161019	0.23431112774434	0.23403106512959393	0.21573152689984887	0.1955194486427298	0.22660767919278835	0.1834193820246271	True
48f36230e8875daca21d8f6c20cb411978419cf5c14003e7828e6d3da5d8bb67	generic_caliper	generic-F8	0.7187774157890193	positive	0.26573593867352113	0.12185313987868279	0.32110661666128687	0.3188937885746157	0.19925347678260408	0.21257808877242657	0.3204108680875436	0.2140006161981972	True
4ab390657ba9bde151d076a3a1ad6e1a1e454a84c430b819e417040646526fd7	generic_caliper	generic-F8	2.0327844013814595e-06	negative	-0.1374606337047766	3.871876029675767	-3.879760985141863	-0.2660253704069801	-0.008895897002573106	-0.007884955466095871	-3.851743887029291	-0.003367453795004761	True
4af1566d07a5ecbd45975adab1f55f827afce63826f5513115b4a82ab8dff484	generic_caliper	generic-F8	0.6653469611540663	positive	0.15124316317890907	0.07982258215173132	0.18871928800897642	0.1875414190650534	0.10889670585724509	0.11494490729276474	0.1844418677314673	0.14747411804273491	True
4f70906e990dc41e371772744113c35b4c205eb742ff5e318407a3fd1b0c6901	generic_caliper	generic-F8	0.6377469636115211	positive	0.1413614828594254	0.08725508939752857	0.16923848495896132	0.16751289920890333	0.11521006650994747	0.08198339556143275	0.1604328898084625	0.10273308352406196	True
530b7ef2e9ee4736c31dcbb164860761e35ae5e284ea6b7a6ceaf26f7a1bafe7	generic_caliper	generic-F8	0.2934288482117255	negative	-0.14521726845278263	0.10418050093145814	-0.09469889264815567	-0.09587634104729781	-0.19455819585826745	-0.19887939357961382	-0.09889545533509286	-0.2079104634194538	True
545ee23618231ee56d30880dd562b6bb90d8d0e432b184d0c207ddf573597528	generic_caliper	generic-F8	0.2675246555334	negative	-0.12503226475095	0.07800318970971226	-0.15614557997020978	-0.14705451562698568	-0.10301001387491432	-0.07814239026049752	-0.15219941184198138	-0.0975521694236961	True
5538552bd256c4a364410b5b9516d73bab22aa2060838a8172e189253625557b	generic_caliper	generic-F8	0.7126084505033675	positive	0.24102652623731677	0.1526636384613152	0.3170480806958766	0.3110420113068402	0.1710110411677933	0.1643844422345614	0.3134636480309458	0.1931437210026432	True
585c8566eb8130770eec0726970dfe6a3fc58c74123f3eb1229fbb0d5df20499	generic_caliper	generic-F8	0.18513716925381146	negative	-0.17042659255930995	0.10964493418293858	-0.21460294014725573	-0.21733800035948364	-0.12625024497136417	-0.10769306617654506	-0.22171726834818734	-0.12093570663140835	True
5a16ebcb9dd70c6c321c0336fc9e5d6d5719f4d99df524b208afb523a990b21e	generic_caliper	generic-F8	0.5116824987681841	positive	0.12976842844407246	0.04653510414337031	0.15086121045434203	0.1519550563232963	0.1086756464338029	0.105419952179926	0.14926849710631857	0.12102199459048413	True
5d2b35355b25aa97de551f253d11f18a4b82c3a60de2cc9cc82e5bc9acead9aa	generic_caliper	generic-F8	0.12859785547254599	negative	-0.11175299741803346	0.2270198290779468	-0.2203285167985164	-0.22708002865914445	-0.0031774780375505296	-6.019958119765634e-05	-0.2266988318087768	-0.002502154041073845	True
5f62b4edf2469ad9b989a342fed2659988a72abfb16f91abada1fc2dedda49c7	generic_caliper	generic-F8	0.6229757609011051	positive	0.20280175041410148	0.07897910564239635	0.23593716265177112	0.237511470736539	0.16966633817643184	0.15853236509414265	0.23511720910668066	0.1595838658685137	True
60eec7183606ff0d11d137fb8bea55a27be46f390eb00c7eb00135aed083dac4	generic_caliper	generic-F8	0.488322351734043	positive	0.12965386268972975	0.11630920526836902	0.17931374357962293	0.18383326227332736	0.06752405700495834	0.07999398179983658	0.17916785974922278	0.0058589331792136545	True
611942f4273c36fc9ce932ea00813e380adebd7cbc091fcd22a5e01d45768e28	generic_caliper	generic-F8	0.6865018486822891	positive	0.16879994992945696	0.0890532318952843	0.2109175259378251	0.21496970217231953	0.12591647027703523	0.12668237392108883	0.2056782808367178	0.14067433974043098	True
653d3824820c1d6a0615c309373aba93b6d0f502d4665ef162f779d05105b9ba	generic_caliper	generic-F8	0.10803631991639032	negative	-0.12746723609466612	0.10906751062421535	-0.17872159587755562	-0.1769481841371949	-0.06965408525334027	-0.07798628805213734	-0.18182563232963636	-0.0749705799249106	True
66679e1c052099c8c39ca19f2bc0d25389b2bd4a78dac0cfb0e4f9e99208075a	generic_caliper	generic-F8	0.12519843475719655	negative	-0.10728055702803387	0.16455138315130738	-0.18956978247441741	-0.1876186076897532	-0.025018399323110035	-0.02694250636631454	-0.18982382036181483	-0.03076249735605835	True
6dd0ad194111c19243cf57b38615a9ce32ed3e230bbeff462e596cbc3f61bae2	generic_caliper	generic-F8	0.498816580863035	positive	0.15465291490066635	0.0638549510879452	0.1757870617832183	0.17649236326165135	0.1335187680181144	0.11263741217370615	0.1743272666363399	0.1154747386958691	True
70ea38642cf77fde5fce9d6ecd5f4c63ae68102e6ce83b677f36388bf9bdb47e	generic_caliper	generic-F8	0.14129954979638684	negative	-0.11682354836627863	0.1866941580049323	-0.20394735640939174	-0.2109735450379582	-0.029699740323165524	-0.0242793870330259	-0.2086262686771951	-0.02379651513060657	True
73cb3f65aac576a3cc61c2bd4a99aa9b4d056d6b02206ee0001171c0e8406d40	generic_caliper	generic-F8	0.12619983485324965	negative	-0.1031000041423833	0.06425131562581562	-0.1355304450261685	-0.13438932268892528	-0.07127912940035289	-0.0718106855958413	-0.13374260757836842	-0.06846887859272124	True
7444a582cdd89e66b2764aee8630587cfa0cf5247465da45da69296e59939d87	generic_caliper	generic-F8	0.27376104138705354	negative	-0.13997567699415966	0.03563257029107425	-0.13945151875665862	-0.1404998352316607	-0.1552365531040325	-0.11960398281295825	-0.14932514121564416	-0.14379821262582249	True
784ae66dec6928bd6cd932c1d2c060ba5bc9304f6ef010198a8ce25d0df75636	generic_caliper	generic-F8	0.4472421909585719	positive	0.10184853311555711	0.04229017923671863	0.09689313941156491	0.09916390801963448	0.10453315821147974	0.13918331864828354	0.10001646839701722	0.13092490883913593	True
7afe95a0b943f675b1c687ea33e75834b282d4ffe2c15b77cdef6105bb4f0c2c	generic_caliper	generic-F8	0.17610366189707896	negative	-0.12776025917360462	0.17372032369981547	-0.2031059062479462	-0.20499777243991987	-0.03127744874010441	-0.052414612099263014	-0.20620988279335004	-0.049143654198915615	True
88d3f82ba8463be62ede371a2a8af466633f22842695997a8b5ec594361e8a57	generic_caliper	generic-F8	0.5479718310944875	positive	0.11249993807518985	0.08588429042335899	0.14604789673208773	0.14888278289802565	0.06299849247466666	0.07895197941829196	0.14135941786520856	0.0605578708963353	True
8f765d5c7f3aafdc03aa5f2ae2c101826a4a7bd5cef8df88869ec4c9734d4a5f	generic_caliper	generic-F8	0.5166068587040714	positive	0.20381823390576215	0.11135620974295046	0.2549969081608092	0.25701117205032054	0.14565496230737007	0.15263955965071507	0.25553926598612303	0.14204634101828695	True
8feebec1e5b6223c1861bf1c63cd4a3c480990781310a7ca9a2ba6587a7895e7	generic_caliper	generic-F8	0.1405018693103452	negative	-0.13174690112865284	0.14902439674007015	-0.2059487992761614	-0.20571754890232163	-0.05692440253609124	-0.05777625335498404	-0.2068935402736854	-0.034894134689225614	True
90849564086b21837a9e6875ca47055093afcf1229aa3ecc01896f70782f1bcf	generic_caliper	generic-F8	0.6557313694137352	positive	0.15412769782621005	0.1253967073325174	0.21099257180885878	0.20983868825662655	0.08559586447634138	0.09841670739579356	0.2076089202074452	0.1101802525130432	True
98ed4c9db8faa3ecddb2f9d82db4c343baf6903c107e770db59e716b5df7bb50	generic_caliper	generic-F8	0.09468179043960205	negative	-0.10128689466682314	0.16113588495675824	-0.18942124720871406	-0.17316384766777154	-0.02828536225195584	-0.029409941665874753	-0.1806888819666122	-0.025439393577560837	True
9d65405638c4fe170b345074741428a55c32d5d6d36be9e7a03e9060f8456ffb	generic_caliper	generic-F8	0.39615314095223086	positive	0.13934611493053212	0.053764196031299505	0.11701053830142871	0.113047101962238	0.1668112979935375	0.16168169155963555	0.11321721264553597	0.17104122531030644	True
9fae188b2a2dcc9583d06ede90beac2f1aea5a072ca3cba58da123dba66b44e9	generic_caliper	generic-F8	0.6077095590978342	positive	0.19455602010623863	0.12505051077664137	0.2422372889882124	0.24517896471971035	0.12012845394306898	0.14687475122426485	0.24255433116019376	0.07760382537537369	True
a20488a2c90aa3b56ad47674d59acee6b934ce72246be9fc0a67018c23fe8636	generic_caliper	generic-F8	0.5654928509977896	positive	0.11838787071234913	0.04256736361489433	0.11919111892325285	0.11972642793461419	0.11758462250144541	0.07715906431971986	0.11581209331489095	0.13062191350440622	True
a3f046b1b6187274711fae0b44d8eae17424674b7a9a36897c43313e6e592077	generic_caliper	generic-F8	0.15949485203828292	negative	-0.11982257308518975	0.13976070549624578	-0.18718073168609076	-0.18482619270783787	-0.05481895346254162	-0.04742002618984498	-0.1885679305363875	-0.04436313224330632	True
a558d6e27a654d31f10cfa498cf86a3eeb62b259bda031bd1b0ec4c34a72cca1	generic_caliper	generic-F8	0.18687650972393036	negative	-0.13646770201401953	0.18044638379713662	-0.22370457883048958	-0.2246764751220722	-0.04423009132493558	-0.049230825197549455	-0.2306795748689812	-0.03126539214582144	True
a6f2b188acea1e8661cb61475bea3559c2be47637417ef006bac1932dcd46922	generic_caliper	generic-F8	0.5280340300180797	positive	0.10505594528252185	0.16451576193455902	0.17726038607180433	0.18054935005947198	0.016033588124912956	0.03285150449323937	0.17682761062812774	0.034170484838454696	True
aafefaf97921d86b9d3869e62f6363541eaa0f6b42a854fa0ce98531773f7e18	generic_caliper	generic-F8	0.2854771467238209	negative	-0.11001534652981634	0.08271797618592058	-0.07708877928126517	-0.0819928098863722	-0.1380378831732605	-0.15980675546718576	-0.08060308605698585	-0.13469714907532482	True
abd5d4e6a82d3a50303f1ac9e48d02e49fc88cd78dc21959003cf547eb43112c	generic_caliper	generic-F8	0.5765020673651396	positive	0.13011065697035917	0.14165130378356766	0.20024260505611957	0.20118888177374122	0.059978708884598775	0.05953757799017356	0.20256056015651008	0.09775850198311059	True
b29adb0c852aeabbc8b4b757cbfe7be0bb2256517f282c29043a3029bf7b9361	generic_caliper	generic-F8	0.5138202857417649	positive	0.14292611503540767	0.06431951396199498	0.11460654421927874	0.12251431018852177	0.16333791988229357	0.17892605818127372	0.11383793466168135	0.17620948027285493	True
b862f4837e0ce0552e2e35bea96a7977729411926d9a4c10745f244d58ec257a	generic_caliper	generic-F8	0.5068899002565009	positive	0.18225434593166964	0.01572319379535686	0.18356406781145373	0.18094462405188555	0.1704597237811965	0.18618291757655336	0.18144111255987705	0.17114697705814247	True
bb9e257d4d78c09f97c23579422818849d4033ddb2fd11c1d4f1eff46e1f3b25	generic_caliper	generic-F8	0.6221726102421844	positive	0.1392710409290245	0.15322777479368355	0.2110979850921899	0.21035907927261516	0.057870210298506364	0.06818300258543386	0.2093915782641373	0.04310297920489381	True
be8cf8d99428cbc7cd0746d1bed2024fbdb0ae21e006510c657724d228c0fece	generic_caliper	generic-F8	0.1635427825442305	negative	-0.14751267054811856	0.090136034120406	-0.1920697539505355	-0.18659577721594445	-0.1019337198301295	-0.10842956388029268	-0.19642781053614322	-0.11232559609736281	True
c88ee5fbe706ea210b73b7aab1abd787525a286a257c0b48ecad81a5cb251375	generic_caliper	generic-F8	0.5302659624489852	positive	0.17173804362455722	0.06047435406419088	0.18839780769488446	0.20030804801564905	0.13983369395145817	0.15507827955422998	0.18569907565583726	0.16020598465714586	True
ca2544fa350f42992980b24f006f5626595e9c6a5a4eaf05250ead716765320e	generic_caliper	generic-F8	0.5075350453931831	positive	0.11707414621284362	0.008235555893482516	0.11486194330779231	0.11443215679807534	0.12266771269155785	0.11928634911789493	0.11166204811679037	0.09944014704065213	True
cbefcd34ba848ee09ea0fb1e0d5fba87068ac50a119041f79ffdf52bc84123e3	generic_caliper	generic-F8	0.582685324639956	positive	0.11185138353772872	0.1268782179836867	0.16953720792040594	0.17271193891734382	0.04583372093365712	0.0541655591550515	0.16606861151022823	0.05540244666900718	True
ccab0f1cc266905d09730ad5e919a8db9dca2fa18fadfea09247cc22e99d46d2	generic_caliper	generic-F8	0.14026810507699924	negative	-0.1749230176602189	0.10904751116026867	-0.22617687835774172	-0.22714734159666236	-0.11809983043639369	-0.12366915696269606	-0.22950978974291755	-0.11002934857770927	True
cd4dcbca26905c3946cf934a0afb1c7555e2d36da3ae66c4c97b8c72c8239f1d	generic_caliper	generic-F8	0.5757394110672305	positive	0.13992291363451367	0.05572028518994021	0.16753552585326092	0.16608187745189612	0.11181524066332071	0.11376394981713123	0.16281052013014585	0.11136424009517559	True
cdc60df52ee44f4a06713887dfd276b1714f5f73794d8a13b8a5239de55b6ef8	generic_caliper	generic-F8	0.5756916262837476	positive	0.18060664108872582	0.11923932517629549	0.2386040382008579	0.23819746639073314	0.11936471302456242	0.1230158157867185	0.23133406221795716	0.1054849361760189	True
cf5a282576734fe41feaa1d297f023dca99c889b3ab8399172b1777ac5afdbdb	generic_caliper	generic-F8	0.21559291895263163	negative	-0.12959651936941594	0.09796149161054823	-0.17328503835179895	-0.17622259370679774	-0.07826110209624951	-0.08590800038703292	-0.17690136924257308	-0.0876623415176899	True
d1d1ca92c7c5f1feb533539974f22c2b209322e44a27b157a0cbacdad9df010e	generic_caliper	generic-F8	0.6664610091925184	positive	0.10225388222595738	0.15926342910822627	0.17714321780521286	0.17709757756315947	0.017879788696986587	0.027410186888755295	0.171683452668827	0.060345946337224454	True
d3aa947e0ef6d448f2bd8be3ac4da48113707c32d7650a205b2ac0defebaf554	generic_caliper	generic-F8	0.2778722797318742	negative	-0.1043338776098112	0.016907361990598946	-0.10845382948487503	-0.11161922970257393	-0.09471186771197498	-0.10021392573474736	-0.1117966721255581	-0.08956751995532958	True
d5ce975ee4c75c1bf3408b6fe9031cde0cc9f986c7bd63fa71c66e9cc1bdcb7d	generic_caliper	generic-F8	0.6819467291119641	positive	0.254224419381624	0.17399897940572395	0.3299247234757544	0.3282772068545097	0.15592574407003046	0.1801716319087383	0.32585371410696357	0.19253432533445047	True
d731680824a6ecb0f68fcd2855d0301cab5f7ea073e03ab72f1bd36dff650a3f	generic_caliper	generic-F8	0.11056648742203652	negative	-0.12326489834863782	0.1277335557905266	-0.19172796438061396	-0.1801321595941327	-0.06399440859008736	-0.06639763710314293	-0.18911864868192724	-0.06040546296140946	True
d943c310741090c554581f46a645cc747a5f457b7d213b17807910af7ebc19ed	generic_caliper	generic-F8	0.7448532509168573	positive	0.25439115906079995	0.04039409875468686	0.2702926198161648	0.27259526571537424	0.23220116696068738	0.2384896983054351	0.2669041281698581	0.23043986735400457	True
daec39557bbae457f7ca500cc18927d8a8318d6391b0d0ce9a09764d23c3c32f	generic_caliper	generic-F8	0.21262305578380197	negative	-0.13993231110967846	0.05983248622669429	-0.1598742306001259	-0.15760019502787964	-0.12226442719147729	-0.10004174437343161	-0.1588625763685929	-0.11020217570882901	True
de5d7b71988581fa7babf43084cfffad808586b43258e5e70fa194bc8d7b4c39	generic_caliper	generic-F8	0.5664836338239773	positive	0.1694886283959021	0.029299532649420257	0.1775262877898558	0.17777716118097858	0.14847762853155833	0.16145096900194839	0.17269765200525833	0.14319500246889666	True
de8b42346d9c305ab13d919c035d957ebd5108a4d964c703d9926119108071f6	generic_caliper	generic-F8	0.1323200384219456	negative	-0.11878216083952929	0.19610292451602537	-0.22086274520569263	-0.2106092626260961	-0.024759820689667256	-0.02695505905296247	-0.2271850823118419	-0.019014553553868746	True
e09fc06e8591027f54f401f741dac7653620052d280b31f57fd46ce13e88da76	generic_caliper	generic-F8	0.1692445381688054	negative	-0.10146940776552617	0.06902368670397513	-0.12920017641653944	-0.12845667285481313	-0.0744821426762392	-0.06017648971256431	-0.13150381720836288	-0.06507540552662236	True
e28e10d2be42fb5b9913890ca984aea94acfe9cad235bf95d74da7a1c9ccb4b2	generic_caliper	generic-F8	0.5464081866414876	positive	0.13659537860662913	0.005953048342632272	0.13554834652875591	0.13764241068450234	0.14129456980340044	0.13534152146076817	0.13232139044756336	0.13672660897169536	True
e6b0c1cd18f05a380d9b6babaf2bcd6095b9d5313c8a46d63d6bd7bc3a8991f2	generic_caliper	generic-F8	0.5946671941983146	positive	0.10816123151101611	0.13005322636389866	0.16851417878015423	0.165537057650119	0.03846095241625558	0.05078540537191323	0.16571047424344676	0.01848390477128037	True
e8e1541e4465fde94eddc1abfa1238ca7b86abe623959417a56046a70b38d572	generic_caliper	generic-F8	0.14691000193616618	negative	-0.11072950055563706	0.2042012234394282	-0.20855139720105484	-0.20811810631995523	-0.004350173761626636	-0.013340894791318891	-0.21021780259305153	-0.011161674409038563	True
eb165eb8d2e6ca7c96faf49ada93aa5cb52cfce21b5a9e31a231cd44c741195b	generic_caliper	generic-F8	0.4734224313836317	positive	0.12522025251773888	0.10166059203298605	0.16491884617344127	0.16689485089905254	0.06523425886606649	0.0855216588620365	0.16550390152306588	0.07051927697347293	True
eb44d5bb521829295570bed23585767895b7425ca8f9b07e6f08d7bc4e51950d	generic_caliper	generic-F8	0.22200092524773754	negative	-0.1464079455672676	0.14750521020460206	-0.21273041493470432	-0.21940199045512945	-0.0718967802505274	-0.08008547619983089	-0.22021008391449146	-0.06499764611063688	True
edba3d764ee4d46415309b8c7789b7a90e67080fdd7b9ffcd870b70cf2dd39b8	generic_caliper	generic-F8	0.07779665421654593	positive	0.1172990098803879	0.22690720153073216	0.2301455962132335	0.23002403128435794	0.0032383946825013388	0.004573988476417851	0.24134070733932256	0.0029716997992153965	True
eee42d39124f41598f19697ad46e455da2ee3581dff2fefa23e0ccef1769006d	generic_caliper	generic-F8	0.6921437001704945	positive	0.18886371896352677	0.09342845468500216	0.23230118155792545	0.23284993376036744	0.13942147907536528	0.1454262563691281	0.22805740553284481	0.16473529127541986	True
fd39f4fc853bd8c1a222ae443798f75cc2a3007fc9f1f8158165c652739b43a6	generic_caliper	generic-F8	0.5627705320044999	positive	0.15466644676050315	0.06787328388455965	0.18098750467515157	0.18306299866673065	0.12834538884585472	0.115189714782171	0.18067354047484607	0.12077291098457371	True
fd5ea037a0a0ac2a5a87447c5ac2bc9b598754f448bb5046030a18c008e733dc	generic_caliper	generic-F8	0.445788667007117	positive	0.11443897697767619	0.05552861030544304	0.08601671505065173	0.08962678471022922	0.13925116924512315	0.14154532535609476	0.08483698086918762	0.1215400994049865	True
008d5112fec42c70089a26c65bbbfbf155cdefb2f5c331e66d00f28aabb86711	generic_caliper	generic-F9	0.30812801757845015	negative	-0.1526733401939527	0.006999940949389827	-0.15684689674414803	-0.15536753501966788	-0.14997914536823753	-0.1498469557947582	-0.16051314347433338	-0.16702570275725442	True
02a56a9df38f2b6dbb580d68668c6408eb6014820f5a6e3e75f8a2596b2e0bd9	generic_caliper	generic-F9	0.527093545694334	positive	0.11739902965727467	0.070113422832488	0.10355919025133098	0.1119696815440131	0.17367261308381898	0.12282837777053623	0.10180894885152819	0.10684356279524565	True
054a6a33405452a1155413b91bf7a59bb72c15956270430ebcea4cf92280b66c	generic_caliper	generic-F9	0.4856165940460066	positive	0.1311253372519566	0.01822242542230401	0.12733637840799356	0.12708197073889832	0.14530439616120233	0.13491429609591965	0.12665588104064596	0.14274432802028497	True
05958fe5582dcaaaf536b8739e3aa937cfd787ab6989198a37cf1f87396ba50e	generic_caliper	generic-F9	0.31647491569633956	negative	-0.12591115244194467	0.05404837136014079	-0.14574306409513754	-0.1497554309151305	-0.1060792407887518	-0.0957070595549897	-0.14800363872970113	-0.12163095122165468	True
06600d39bb1a817f909a8d6e0f5114745c6c6eb888e822c571da2640016112d1	generic_caliper	generic-F9	0.20399411583232607	negative	-0.12755760338578712	0.16187043281531863	-0.20082795326483793	-0.20603529433812356	-0.0542872535067363	-0.04416486152280494	-0.20787118600898657	-0.0477731363957844	True
077813c7e183b1468d5d0954683c70bc557a98cab5097170f5f7fbfcab9d33b1	generic_caliper	generic-F9	0.6042458454981353	positive	0.1882700523779344	0.08958731199863235	0.22293688574135084	0.2212647448565369	0.1333495737427185	0.1552753598993319	0.22291467560852352	0.15886735769600208	True
0b9531541ea92dfe7d3af6e777a3387fd3a493de9826a275da57e7edfc6ce4e8	generic_caliper	generic-F9	0.3247053549362443	negative	-0.16882593428654466	0.09385739596782239	-0.1301248071472309	-0.12589070512394362	-0.219748101091766	-0.20752706142585842	-0.12922310596096498	-0.18976607804785395	True
10936e9c916bc6216d15d145d92bc0c23b3d05a067eaadbd2b7e7732f66d8b78	generic_caliper	generic-F9	0.26814617271550156	negative	-0.1644514059167179	0.09853020272065288	-0.20231860850215366	-0.20834655436659577	-0.10981635164594289	-0.12658420333128212	-0.2078682315019721	-0.10714637632071755	True
202534d8cdcfc52a3bfcd4b1f6704842a82d33f243cf4198e30323c345ee63b5	generic_caliper	generic-F9	0.43533559690911494	negative	-0.10503829127895442	0.05518739145332241	-0.12158065617184566	-0.12594802341065126	-0.07076063195732885	-0.08849592638606318	-0.13331550067683862	-0.09169264415395462	True
20acf72e6f3a8f60d92b527cd8eebd696bd6f8234a575585335a39563e237e89	generic_caliper	generic-F9	0.4812998256384577	positive	0.10161559724767383	0.02641084353913581	0.11111138874859727	0.1126949502024554	0.08628410666331959	0.09211980574675038	0.1143469739992451	0.09514431162363102	True
266a7c875d17bba25535417e62a5beb32c910f4f4e3dc605944f478c03b64f8d	generic_caliper	generic-F9	0.585190141692394	positive	0.12252376897970901	0.020913005360906234	0.12841892335131455	0.12545798710950595	0.11958955084991207	0.10750591799040832	0.12236291228879925	0.11337851439549668	True
2919317d62e23a26d32ce0dcdf227a21b466b6698707482015a2d0354846a3f5	generic_caliper	generic-F9	0.4591314176819346	positive	0.16225825525238413	0.10744052789465752	0.2048224971386105	0.20424183672749513	0.09738196924395298	0.12027467377727313	0.20574641074269467	0.13860731571204282	True
29852069defc9fa4bd6b65e12ddd453973d52078de88905125fe3a8d04711b45	generic_caliper	generic-F9	0.5187177477462473	positive	0.12775866087291152	0.00779175393903675	0.1273825090640257	0.1267248860661555	0.13451664000519226	0.12813481268179733	0.13067276153444768	0.13253042004014237	True
2aa26d724610ee3d37ca4eb759f501ec1395579e71b4932352d04b6cb61827a2	generic_caliper	generic-F9	0.39150500775938796	negative	-0.1067400287635582	0.1129329899935308	-0.15418480803377205	-0.15403710911908647	-0.04125181804024125	-0.05944294840802994	-0.1671662323049739	-0.07348335530469857	True
34dc21c8a08e8d58c73993407a70a4e194845f91b4a54ec2e4208922c745688b	generic_caliper	generic-F9	0.4375013123185938	positive	0.1163930303669653	0.11429228509061173	0.17089925183751087	0.1730135379270668	0.05872125283645507	0.06188680889641973	0.17600088209768255	0.04289137131805071	True
36b733d45cfc7790bcf576b9f06b424779de41dfd755a3ef620a3831150a4eda	generic_caliper	generic-F9	0.19266429605688112	negative	-0.137936376076303	0.04189588825647378	-0.14709560813535721	-0.1437166938894432	-0.10519971987888344	-0.1321560582631628	-0.1457706194419376	-0.11190950678248107	True
391061a1293060e63c2103f52fee70fe8fd5cecd869ba6c8b5f821dc48b4619a	generic_caliper	generic-F9	0.6468709505722153	positive	0.19072792971190028	0.039487435255249226	0.2075289635588144	0.21171456597128407	0.17222713071603485	0.17392689586498616	0.2052345698744737	0.19703022712222446	True
40c3e6824be475cdd4c449f8ad308df2638698754adf595eacde33913f6bd847	generic_caliper	generic-F9	0.24231967629997164	negative	-0.13277256393716766	0.03017285518847862	-0.13706245688189234	-0.13307057561723	-0.10688960169341372	-0.1324745522571053	-0.13398416748556763	-0.0981785669143424	True
41217936341bc3d10de329577fcf9bb72993514d4bf17f68377593652f5f8318	generic_caliper	generic-F9	0.20515822693321506	negative	-0.1257545200361077	0.046468166571044967	-0.10844226356377695	-0.10739624833006933	-0.1538644149011143	-0.14306677650843846	-0.10887900225304781	-0.127466207092376	True
440ba7841a9b13998d6702d607ed9f45a5e3359d63329bd77beaf3105819d0fc	generic_caliper	generic-F9	0.33173590409508313	negative	-0.10104163785604989	0.07076163528509916	-0.1164882391763784	-0.11751138621410484	-0.08559503653572137	-0.046749750929005685	-0.11786023568745818	-0.09384747861593223	True
45865f87fec39d7a600413dbaf057d7cb3d9b5162f39d74e817c60acb0f82b51	generic_caliper	generic-F9	0.7811353314855473	positive	0.28656048376892024	0.13238523899713162	0.3520745394965539	0.3473589572381153	0.21968930049942226	0.2257620102997252	0.34864872452127216	0.24397686512018746	True
459f7b11b0d83ce814b0b2612e98af46313d076b6a427285cc5a03a053cbed3f	generic_caliper	generic-F9	0.4431464055383955	positive	0.14409240421267916	0.04750932088571547	0.11933902417132458	0.12559757475985145	0.16684834505704005	0.16258723366550687	0.11823265025364277	0.16283758298742013	True
45bd797835bd19d4bc5aa8cf662d4343da6e0dedff0b51013b79b67725561d3f	generic_caliper	generic-F9	0.4002309594867299	positive	0.12891785725035482	0.005227997354586678	0.12843318050693397	0.12605533818067366	0.13128333553526034	0.12940253399377566	0.1278457678386707	0.1404438742301668	True
499092f9ed6f2c05a8398e6bfa81ffb65cb90ca95f191ef8596b7275de65f8ba	generic_caliper	generic-F9	0.5118589882850383	positive	0.1186072429810805	0.02398995015199773	0.129003392827861	0.1279582876322798	0.10501344267586327	0.1092561983298812	0.12827633490947876	0.0980205489931118	True
557bf39da0cfe30ce57dded8da2ceb1b3cfe35aa370da17048f65d1da785eb07	generic_caliper	generic-F9	0.6927244865895184	positive	0.26240988566122525	0.11183874469196814	0.30758706896548843	0.3067422577553779	0.1957483242735203	0.2180775135670726	0.30766089273853703	0.22032705385272466	True
5987a145a30b8505a7b9d1c841ab9394ca769dcb5a16f3978508f335a6051a97	generic_caliper	generic-F9	0.10834039999818572	negative	-0.11287809178021238	0.10974846975817841	-0.1687823288797094	-0.16250649580931298	-0.06324968775111177	-0.05903385912153099	-0.16815720022143282	-0.05442938604292409	True
59d40f95378248dbd4f9e179d937fb1019b92190f0d54e9ce960876db6dba952	generic_caliper	generic-F9	0.20423334459447956	negative	-0.12289683513579594	0.11585227044359603	-0.1819863113529146	-0.1784369037370087	-0.06613404090931857	-0.06735676653458317	-0.18428903854744888	-0.07155541967622187	True
5b5c4e7c63ab77001f61b8fdb7a0d9b1dc6bc53173c60d01dc67169a86a06819	generic_caliper	generic-F9	0.2663951233621712	negative	-0.12018234083109705	0.04084942482796722	-0.102526193524061	-0.10216766974911262	-0.14301709457707984	-0.1378384881381331	-0.09920951687193658	-0.12648256476072922	True
5baaff7a9c6b4d48eef3af8ed4b2378e92db9de6988502d7cd78d4ce1c31ebc7	generic_caliper	generic-F9	0.15101242441159501	negative	-0.12570250043955788	0.0827944727902474	-0.16162314140243755	-0.16409524477868448	-0.08130077198843708	-0.08978185947667819	-0.16289625697823829	-0.08434223944752486	True
5d09f997fa53f821d88d32bb8b505be30e2c3decb713dcdb3479cf9bad16480d	generic_caliper	generic-F9	0.6373999526107583	positive	0.18786785415047988	0.06411201716447734	0.20845800429680306	0.21060181740347217	0.14648980023899483	0.1672777040041567	0.2069478025132352	0.14049327083169083	True
601935a3f196bf9677408cffdc8cff4e7ab4467ac8e0fcee3fbff271fa3c4deb	generic_caliper	generic-F9	0.3703863603213973	negative	-0.10524895105522283	0.024076411628649153	-0.09548393288447887	-0.09692847223193785	-0.11356942987850782	-0.11956034451312803	-0.09988067815565405	-0.16382195562222518	True
67181359f0665687ac73d56ee285ff206c05b01000aed57e7a30972a658deffd	generic_caliper	generic-F9	0.350209698380773	negative	-0.10470470740113427	0.012266902537169111	-0.10990374278750037	-0.10890913858896262	-0.10050027621330593	-0.09763684025033126	-0.11662997667827563	-0.1007428492018535	True
672aab45d5c6cdf9e92a0b3d6f001bdab9236f83f71fa374edb7b8cc2d465936	generic_caliper	generic-F9	0.2404887937746299	negative	-0.13277732490801963	0.05784528574787556	-0.1559075444111191	-0.15928600148227862	-0.10964710540492018	-0.10144071573440305	-0.1584050516441632	-0.10928108134302689	True
6a8e0e15f7e6846bcbdd7093153dd28bddbb3eda920deb1ca44f805fdff67ada	generic_caliper	generic-F9	0.5087544081976557	positive	0.11040587487039488	0.05416342057255141	0.12504609206459633	0.128040273667408	0.09576565767619344	0.07387685309485659	0.12380558027991206	0.10454374566488428	True
6e70a2735b99b96f063b12283b5a5410c566efaf5757a897390329ea76dc19ff	generic_caliper	generic-F9	0.4547847789781693	negative	-0.10464919400633454	0.018115663604506116	-0.09865635586229743	-0.10209157964839227	-0.11677201946680354	-0.10720680836427682	-0.10365078375190168	-0.11315700873252027	True
6f4ca7ece4f83d16754ad56ffc7d3c8ad811f053e7a05c55e82a0105ccbc8a9f	generic_caliper	generic-F9	0.12643342502026528	negative	-0.10778102179240055	0.14316452821177705	-0.1714551535453655	-0.18584150227499735	-0.0441068900394356	-0.042676974063220297	-0.18223924082803444	-0.0438732881337586	True
702894e274b23b09eaf4ff0412e9a0417be5e2e0d9316a720096637383e85d96	generic_caliper	generic-F9	0.6301657044483274	positive	0.12223401094883268	0.17372123583089694	0.17610277017018405	0.18109280515597814	0.06836525172748131	0.0073715693250812064	0.17715530700661875	0.024933435833088047	True
76d1db0fc0260ef9c7e59b6360ddec8610e67e89059a3dd57155610fa4aa8a63	generic_caliper	generic-F9	0.40518064000286547	positive	0.10250697023763611	0.1502553940350007	0.17131419391502883	0.16408440406448926	0.021058799880028123	0.04092953641078295	0.17260725865356769	0.04177156500038165	True
77722dfd3d4ec53ab704903dd359c709171dd777480aa4c73106f626db973128	generic_caliper	generic-F9	0.3261431191890566	negative	-0.14014136372440464	0.1641851333069308	-0.06300264478128376	-0.06119409209562715	-0.22537922540255795	-0.21728008266752552	-0.06655262295293873	-0.2245098136884044	True
7856d7aa62f34e53630f0cf91b1b78a8ecfdb04d3273124d52f202c3695e1d32	generic_caliper	generic-F9	0.6572333894492829	positive	0.142931447865803	0.09991342507781154	0.1736104083505477	0.17548741761460696	0.11225248738105831	0.07557399253679542	0.1710819681394251	0.12879210618520553	True
7c46cb20d24fd9b3c97d7b14b6c84567828bae2634bdfd629efdadb90e5c6222	generic_caliper	generic-F9	0.38737868203469367	positive	0.10066480506428838	0.04320013227702618	0.12017097966620216	0.11552936859496682	0.07697084738917598	0.08580024153360993	0.1156387266068915	0.09501711763363457	True
813bea8ab44407368ef1f786c6ffc584c629e8c3e2e8d2e15205afcdd9169037	generic_caliper	generic-F9	0.21547753240932335	negative	-0.10498630606094794	0.06761387939797714	-0.13894998789715976	-0.13461363065421575	-0.07535898146768014	-0.07133610849918262	-0.13989103791019455	-0.060473139979107055	True
85e5bf9d92ee0d15ecde257a914d950068e2217c6fef76c8c203c58eeb24bad5	generic_caliper	generic-F9	0.5706857124331813	positive	0.13873497298026596	0.042620300048276105	0.13822256991724613	0.14045043675587482	0.09783013670759871	0.1392473760432858	0.13511337022062841	0.12683193036821816	True
87a4cc3960fbacfb9f22fc910ed92d8fe765282bcd6dae0276816dec6ccb082e	generic_caliper	generic-F9	0.1885724296175848	negative	-0.16858544251844826	0.07487792814146099	-0.19373155643816392	-0.19759399041687964	-0.12271606227541865	-0.1434393285987326	-0.1960644897505931	-0.13266391495682328	True
89ddc74bcad61c084174e49d9508cb22a383dac3818834d721a1912719a9675c	generic_caliper	generic-F9	0.6680145934116365	positive	0.20357795763727124	0.07717073409257569	0.2292860489990941	0.23190875682395695	0.15473802273138126	0.17786986627544837	0.2296718562457759	0.18647538958191606	True
8bfc82064d89f5fa3d1f4cfd90b034f68e5af813580fc59be4336a6426d34668	generic_caliper	generic-F9	0.46548831060720586	positive	0.14202782535848618	0.015362770815091187	0.14269402378132123	0.14136162693565113	0.13074757617040184	0.14611034698549302	0.14107246115722738	0.1464411039553376	True
8c30eb5a732083f12010ba3b6ddb7d8754821c77418c978e58de7c91fa55d5d2	generic_caliper	generic-F9	0.6200070732046625	positive	0.13583371739201605	0.10676550100371968	0.1822315756846291	0.18244627464169322	0.08943585909940299	0.07568077363797354	0.18168448226640832	0.1162337969949	True
9414f63dae05d67793f4802b1eec8dd79a7b7e9d19e185dd882cd222ea996fd6	generic_caliper	generic-F9	0.7758701840542426	positive	0.2636076989679777	0.11624487151370283	0.30510101249915667	0.308320408132608	0.22211438543679873	0.1920755366189052	0.30613203798950306	0.18021816509530342	True
99acccfd436f61e17715c63f85abc1204da974c3c555d347c7e339fec76b7abf	generic_caliper	generic-F9	0.3236659047870301	negative	-0.23552984203605576	0.018224552512042913	-0.23243852150211025	-0.2340905431747315	-0.25066307401415316	-0.23696914089738003	-0.23575662351201893	-0.27271698014375373	True
99fc58d55e42df0a19f71a3d8bdb2feaf79eeabe3b7695797b4c486c6a65d1b9	generic_caliper	generic-F9	0.6803756838019027	positive	0.1661430028872704	0.06584770692950326	0.18453413736719004	0.18398909285576737	0.11868643043768679	0.14829691291877345	0.18447747902686723	0.09866742387452487	True
9ca4817d3817f64a2876be8a1eb630433406b3ddb245da703ec813038f8a89b2	generic_caliper	generic-F9	0.615819760163353	positive	0.14076420287624938	0.14394505225635223	0.21021927148431996	0.2101477706499864	0.06627421922796772	0.07138063510251236	0.20352547673988702	0.08887842144445013	True
9ce7cbb94119559f425a50fcbe2796029e0b6ee41113a3aff6b381f16e71cf6d	generic_caliper	generic-F9	0.20943855172151465	negative	-0.11913548123605278	0.06588284543184342	-0.13815186921739553	-0.14316140490802393	-0.07727855947618051	-0.10011909325471002	-0.1442371962410492	-0.0763351293181126	True
a07d95974f318746460d08b3a2869532115116a1e93a9cbf715b8d33fd2edb95	generic_caliper	generic-F9	0.6181678313792689	positive	0.12817576232403893	0.09370524137542946	0.16511013479416026	0.16272778296317836	0.09362374168489951	0.0714048934187308	0.1632490533245119	0.0737430697838245	True
a11de1ae738f22fdc5d4c6fe6f155950e2fab8f44e4688df3d28e0f4c9b098b2	generic_caliper	generic-F9	0.14626630603424595	negative	-0.17294374260402906	0.3256258998197999	-0.31607957398832626	-0.34243174134465704	-0.029807911219731892	-0.016805841524857146	-0.3398155714721569	-0.010231352346167982	True
a3a7e0c6c2a642cd593a267631239c67f768694e4788ff04525b900c518948e4	generic_caliper	generic-F9	0.5737447805056485	positive	0.12173469209881346	0.10241332960298455	0.1460708569174699	0.14436909459472985	0.09910028960289707	0.043657527314485356	0.14732017536918796	0.1271148827434237	True
a4c1bf785942aa4b169e8222f23dc8a6b8c62b90c34bce5a49316431154031f3	generic_caliper	generic-F9	0.5277459931234688	positive	0.12980946504409668	0.12754018598638628	0.18104129579791883	0.17688658670193647	0.053501109811532555	0.0827323433862569	0.177739245365295	0.02040105393558067	True
a7260dd7bd989b1eee0d54630cee5e9464e8b51ea340283b300a68b20bd80638	generic_caliper	generic-F9	0.19657548095669242	negative	-0.1308948634757638	0.14843971160860597	-0.19312414100750597	-0.19810330629445927	-0.049663594685853296	-0.06866558594402161	-0.19472464159507147	-0.05202529844131698	True
acd22d0a94857c6d3cb48ed81a4fffb8b9d9b82ca6c7eb7278326fc5439bb873	generic_caliper	generic-F9	0.5527307061681023	positive	0.13547114617725375	0.024530363438516944	0.12536367986493108	0.13014999594565402	0.1407922964088535	0.14989404330344802	0.1258375763814093	0.11642714505710516	True
ae02f1c3f80467666723c4c93eae306f2fe7297aaae61cf5a2351325b9921544	generic_caliper	generic-F9	0.609046173840408	positive	0.1400170883418175	0.11673853684264507	0.19556331329210913	0.199673069016506	0.08447086339152587	0.08293453217386093	0.19682179209864586	0.038168566849214436	True
ae62604d0e8fbb1e73d052a11152556a2ad98e4a94438892422438f9df7ce4f3	generic_caliper	generic-F9	0.6741090128823916	positive	0.21903430522063613	0.10965512488063672	0.2629356410463082	0.2680674394055363	0.15841231452489957	0.1751329693949641	0.26527590007448587	0.19301802099427784	True
b62d275a97422ef590f4b312799158b8f397aeba96d725c0d110a6cb89825591	generic_caliper	generic-F9	0.22379932229184532	negative	-0.11417858467616135	0.12487712121683742	-0.17380224686790832	-0.175283235228083	-0.05040611401124559	-0.054554922484414375	-0.1782161871578403	-0.055485344910887385	True
b6cc4562b29f243d95c38ed699be01f9fe6c65e143d3a831232ba7bf4e047843	generic_caliper	generic-F9	0.29804082316265024	negative	-0.14485486763079775	0.02981763267738269	-0.14690142093944003	-0.14280831432215546	-0.14912072812259347	-0.11930309544521078	-0.14769041288033236	-0.1350734134011528	True
b7c4d148118cd96413093c7582a52940a927c41c2ff4747cc932114ade2b683a	generic_caliper	generic-F9	0.22499197774073063	negative	-0.14856785881275555	0.08241406505392834	-0.16913800336853893	-0.1754541477855225	-0.09304008273159417	-0.12799771425697218	-0.17572940934495682	-0.11462991738730363	True
b889d30d6ab7905bc3bd467efbe0e5c9ecf8b68ade78fc32746150ed037d388d	generic_caliper	generic-F9	0.5182611150413713	positive	0.10255374577020968	0.10801549736626281	0.15681531286154543	0.15312057035430499	0.051986921186114365	0.04879981549528262	0.15409861259874075	0.06296220815052683	True
c03a1e970bda402f14c158a66155c56c33e9542ed083d0c9c0ab67da1eb2e7d0	generic_caliper	generic-F9	0.5853635904742847	positive	0.10495604653308926	0.07788437800609549	0.1401809371647742	0.13752848214042968	0.06229655915867871	0.07238361092574885	0.1359544423948288	0.10121084201276093	True
c13186500284c786fdf2c1f3e7e4aaf5249896ebb92ed311bad7cb89e1708299	generic_caliper	generic-F9	0.2960330068502777	negative	-0.12858360911509278	0.0503609564974315	-0.10711174961482278	-0.10640598644316834	-0.15005546861536279	-0.15676694294059984	-0.1093373232613774	-0.11730307373342186	True
c1e402fd66b22737d9c1c84a38448062bff9061846d277ad533c165d9f8a84ad	generic_caliper	generic-F9	0.5340753388404039	positive	0.19653669421841372	0.11423032742057049	0.25149874741003886	0.25070049191139965	0.14237289652542778	0.13726841998946837	0.25111703190292595	0.13780716163173	True
c47f0d030b85daf210da7ad30878f13d928833591858472a69f412e37fff9131	generic_caliper	generic-F9	0.6504105928385056	positive	0.1212071524080735	0.08634660814125888	0.15836104498675685	0.1620910130901892	0.08405325982939016	0.07574440494893031	0.16020800604806584	0.04903572646274623	True
c6a01a6de770145633c72e7f87f0aa47a1a609cd595d874fee44db628d53fd19	generic_caliper	generic-F9	0.5364773674581149	positive	0.10424315892779934	0.014217503526147035	0.10666488332053559	0.10863697424221919	0.09441947071607215	0.1018214345350631	0.1054484469390039	0.08700563078397744	True
c9ecd469e7c77e60ca51c966a9694eadffffc6ad14ed1bf783f5a3874328081c	generic_caliper	generic-F9	0.0666274325660447	negative	-0.10651372981402017	0.21567530555467507	-0.20526529337143912	-0.22277896691132743	-0.007762166256601227	-0.007103661356652344	-0.22206068795201744	-0.0025780339604395686	True
ca7bba32defa785efb1f0c1f56b33e406918f4f060e66de3065d08f3678ef753	generic_caliper	generic-F9	0.32679506661152846	negative	-0.14882008137892336	0.0344315421498021	-0.140635292122905	-0.14365649508726025	-0.15398366767058647	-0.17506683427270708	-0.14531645607850086	-0.14721188199146468	True
ce47315d21d035a37be1d5353091646154c6ea46c2a854c004e7ba9d55e04ba5	generic_caliper	generic-F9	0.6761988926435926	positive	0.16745984264160968	0.09267749660142477	0.20123124568039497	0.1991442533283836	0.1085537490789702	0.13577543195483577	0.1966154035992973	0.12365292368393155	True
d3bcbdf3449a324a42ba57f1ff3bfb612cf7f935287386d88317c85098220109	generic_caliper	generic-F9	0.12049519285948768	negative	-0.11385167645644459	0.13133757279460354	-0.1744584714346969	-0.1715998931701801	-0.05610345974270908	-0.04312089864009336	-0.1712583534971419	-0.04954498121751161	True
d4aba4cd5dcc7e4a1e640f9dfa75e6deb942f6cc2e5b08585343627b4f845960	generic_caliper	generic-F9	0.15118722684826486	negative	-0.1557522544461877	0.0715983069592257	-0.1244122858655975	-0.134122138523394	-0.1773823703689814	-0.1960105928248232	-0.12836163794767236	-0.18383685430433838	True
d5b7d881c560008657f3c41d822d6840fb2bb7dce90d32a693bd7380c0e940c8	generic_caliper	generic-F9	0.580844269119425	positive	0.14637283647163823	0.050738239675301	0.16582752811758172	0.17046671355422316	0.11972847387892216	0.12691814482569475	0.16398210581403194	0.12238604514365187	True
e280f8923da02e29f966d21d7babae9b6c6212450c4638cb10b9a5b47a70bc70	generic_caliper	generic-F9	0.5360127283880577	positive	0.10353482881146758	0.08546073467017118	0.14444773157981472	0.14291143396304024	0.06415822365989493	0.05898699690964354	0.14100557092320593	0.06077958702948688	True
e577a0bbf077fdb4e76a720f9a806af0daae17c7e8eebcaeda831a95ad389153	generic_caliper	generic-F9	0.6651156499785185	positive	0.1588941637777076	0.08970747347038316	0.20328661485899752	0.20114750940627013	0.11664081814914506	0.11357914138861436	0.20278443278957176	0.10536241282421643	True
eac31593df6736f55320784e691f538ac7a20f31b7872d70feaa696ba84029bb	generic_caliper	generic-F9	0.44857270077826034	positive	0.12932334392090233	0.06259141562853798	0.1573240480563211	0.16001642244978292	0.09742500682124494	0.10132263978548356	0.15892067474847488	0.11360362685548786	True
f57edb336e037b85936db9bd93ba61501729ee453e658694152f50ebc9bde989	generic_caliper	generic-F9	0.5837057090705134	positive	0.18621809516250848	0.04087728436952198	0.20278217508491597	0.20330459349135865	0.16242730912183667	0.16965401524010099	0.20097671289318342	0.18127632202084487	True
052e0c956ddeb855256ba46f6d2519434e839374207751b16efb8862cbbc2b2c	product_exact_summary	product-3x3	0.5106805074450279	positive	0.10296222873177505	0.17501146620470742	0.1830154593620088	0.18209020533110015	0.008003993157301381	0.02383425213244994	0.1297065642239243	0.010120784112901071	True
05d266ed0110af21d14e83854b5b2ba6422c6102047e0ae52df69f859124b2d4	product_exact_summary	product-3x3	0.5219453866388255	positive	0.12242609482424907	0.1367846189428325	0.1840896926932155	0.18543939604336773	0.04865477710053523	0.06076249695528263	0.1338479130135511	0.08904277092684049	True
11ebb38a29bb809339ba7096b8c1ad86bbf7020278e20c867a70d987448b9c10	product_exact_summary	product-3x3	0.5642511551559763	positive	0.16897287462956884	0.17149536378908964	0.24474952460846638	0.23104079709458136	0.10690495216455631	0.07325416081937675	0.18933660058698698	0.13811101176744944	True
3a1ba2306942e4c90c0780bef6e208e4a8b8b136caa9e0c66f50065e8be0014d	product_exact_summary	product-3x3	0.5993091576619797	positive	0.14896236808326876	0.1868861156592464	0.23987036450784183	0.23915630569139706	0.058768430475140465	0.05298424884859543	0.1900353746137387	0.1348940787069654	True
40b72fb2fcfdbf23ba8e994f1ec70c27b5fa13a80e51dc24f7a4775bb27e8ea5	product_exact_summary	product-3x3	0.48949058013961133	positive	0.11000876815114097	0.1723782638436699	0.19763174976879982	0.19386067462015277	0.025253485925129937	0.026156861682129162	0.14069680808946922	0.07102341278090435	True
46da333744952355d60d4d3a720b4909fe75e8a3374029af4770d8d1cbc6db90	product_exact_summary	product-3x3	0.533811019280871	positive	0.10828852998399294	0.1887128863595059	0.19415743655510992	0.20094041753409808	0.022419623412875955	0.012227531174592188	0.15424182634177758	0.06939594032585678	True
49b77b6e14b3f3fb3ee4f7cafff4762554c35cebfc8daf2719c1d0b28deed7f0	product_exact_summary	product-3x3	0.01927967662807425	negative	-0.1115920486581669	0.22049580379658973	-0.21780020575662415	-0.22332626558136426	-0.0028304617847745434	-0.0053838915597096484	-0.2535534172702302	0.0003946262200853687	False
4a2ff5bcd54887a165981d15053289ed9f9b4dfd8e4a6e035618d20f0c574d07	product_exact_summary	product-3x3	0.4423047792136194	positive	0.10127682137156171	0.16069236851975566	0.1906249621911858	0.17066924838581032	0.02993259367143014	0.031884394357313106	0.12983225377343904	0.06376313337756462	True
50483be317fb4ad3123141eb58d861871f8a5dc0179729bdf6a5a796c65b8ae2	product_exact_summary	product-3x3	0.4406345845704107	positive	0.10069474264861958	0.11070720837326936	0.15363469470157304	0.15503938548281693	0.04775479059566612	0.044332177109547566	0.09910317131285895	0.07012534554019911	True
59ff409ff2dc1f1274cf173d8e37324bfbe38987d28c3af9cc13b914c560a2b7	product_exact_summary	product-3x3	0.5040342626145905	positive	0.126861414884078	0.1905121240359935	0.2117305710932016	0.21582945296082695	0.04199225867495443	0.02531732892483346	0.1626707413840197	0.0820508758199856	True
5a1bf471e259ae5d419338fb2ad14f57a62a4f1ffa179a4c0424356cc598e64e	product_exact_summary	product-3x3	0.6302746789458377	positive	0.15966466512891703	0.16319771535242483	0.2209658764676088	0.22735592438799607	0.09836345379022526	0.06415820903557123	0.18177702037152443	0.14352693738028854	True
5b0a003c200e169dfc232ff2a17c7c55dc83561745bdd445cee6f9b902504c8e	product_exact_summary	product-3x3	0.5964673515169643	positive	0.11821837292025783	0.18320900339632046	0.19927704942455038	0.20014730354763294	0.01693830015131248	0.03715969641596528	0.15168470889767705	0.10928069152888148	True
5f45646ddbb278bd56325d3c12b18f00c25e84f57487d9d832919bb861703988	product_exact_summary	product-3x3	0.6121876828106038	positive	0.16416988623824386	0.19775022794827085	0.23384393649289226	0.24194359776032176	0.09449583598359546	0.04419336981205091	0.19367886931784822	0.1443715498568307	True
6bd04148ec8077156610023102d034d377de15a184cdf63c6b76710e7719104e	product_exact_summary	product-3x3	0.5164758458769346	positive	0.10786543512296004	0.1412322553234574	0.17798557710330265	0.17735197518895335	0.03675332177984525	0.03837889505696673	0.12436277411648866	0.07265862795494143	True
6fad056d03c266cd1befb80d73120a05b0389d7a194b050013f37421d3e7de9d	product_exact_summary	product-3x3	0.5189606354892738	positive	0.14665660178147696	0.10744592534741898	0.19816096532993033	0.20041051273746607	0.0951522382330236	0.0929645873900471	0.14448646907065926	0.12996798623083444	True
74541281ffd893f3c59e856b2d5c5a7139cc1a3483d948e25f73569c359d1443	product_exact_summary	product-3x3	0.6222189836447218	positive	0.17135434339712682	0.181254587292835	0.24232040318920905	0.251085996779494	0.10038828360504459	0.069831409486659	0.2015019150277657	0.14608091296729153	True
74dc2b9d9d90074468e656100ae869e18e58c0a5040543655c16303ca082beab	product_exact_summary	product-3x3	0.5387592348695799	positive	0.16002165317301764	0.14787932823560823	0.2274028001735438	0.226957566437051	0.07952347193793557	0.09308573990898428	0.17024233535749145	0.13408872680553874	True
76e7e8abfab4cc9aa12d4d3a4415b0b49ac754c38c4ca61b524555bec44bbbed	product_exact_summary	product-3x3	0.560182471419195	positive	0.11587675274460657	0.20067544028546103	0.21287271190765877	0.20914533010014036	0.022608175389072782	0.012197271622197747	0.16373958724930254	0.09030017525222361	True
77f84e1f913256ec4263b0bd39eaf19c528b7bdb41fd6feee370ddb28e93822c	product_exact_summary	product-3x3	0.5682614158274379	positive	0.1643025896755436	0.1542331702794525	0.23049137988398766	0.22048877449035365	0.10811640486073354	0.07625820960453517	0.1766475637301319	0.14461332166113816	True
789f782a3c35d1ed5448e2433f6a25e7cba660788a10c06296d855e233ff399a	product_exact_summary	product-3x3	0.49029291134707703	positive	0.12302823169221516	0.12930013203055796	0.1821761880370112	0.18288513203716134	0.05358500000660338	0.06388027534741914	0.12652340922341104	0.09970129843184489	True
7ba5887abfab688c5543115511e33f07ee3149e52d54d55bdf69c57d56cfef33	product_exact_summary	product-3x3	0.4802798168374273	positive	0.11379463137127904	0.1577697450944165	0.19162632012433256	0.1924584160482843	0.035962942618225524	0.034688670953867795	0.1312439134247554	0.0864003719871414	True
7eed60736fa41c0dcdfdd11e2b126401b46d40bb74c77264d673dbfcb6fb0c72	product_exact_summary	product-3x3	0.03619947135389729	negative	-0.10186425076935397	0.20413602693151917	-0.204765602041239	-0.20199707270730952	-0.0006295751097198238	-0.0017314288313984225	-0.262924535366431	0.003939921319918514	False
7ff3337796941ff8d6563ed0d0acdc39158466e159c07d2366aeb412d97c5326	product_exact_summary	product-3x3	0.5571157785608716	positive	0.14471118663349022	0.1398901773010111	0.21095809368932344	0.2092373499460744	0.08018502332090605	0.07106791638831234	0.15776127033235665	0.12870513621280338	True
832dc67f96a886621aee826d500825da4462ec326bd6ed6e7bdd4f819a886b71	product_exact_summary	product-3x3	0.6174619690645131	positive	0.1285381321535249	0.16889490106611382	0.20930995631206062	0.21004620289943277	0.04115130183331894	0.047766307994989154	0.16367261726846383	0.13614544340566503	True
8696b2480e07bca78c8428a20793d33cdc98b03bf382abe81a2314e01956d014	product_exact_summary	product-3x3	0.5854439006870071	positive	0.12034716002601528	0.16160022036720856	0.20043737052742083	0.2000847582196404	0.04060956183239017	0.038837150160212275	0.15414761545122818	0.10353523569803008	True
91a6aa2ea8b69acdcdb9531e2565e1ebdcd3a692ab7fd3d68a319170dd178ed2	product_exact_summary	product-3x3	0.5133814926459601	positive	0.12585800354758672	0.14657635898197896	0.19882704697779602	0.19662379339685093	0.05509221369832251	0.05225068799581706	0.146362425387419	0.08093764040503465	True
9cf1e848b7bbd927f29811f3a42154c7ceac7a772f6d0ad71470a0d2377304a1	product_exact_summary	product-3x3	0.4947135510061694	positive	0.12018359904645523	0.12783611745321066	0.1823615584272147	0.1829225655697223	0.058005639665695774	0.055086448116511644	0.12696602604403495	0.10412193809093728	True
a9f7e4d605a1d618bcb3dde200ae00e71a9677e12fa2276485fa0dc45277bce8	product_exact_summary	product-3x3	0.6464199674959318	positive	0.16339247667110796	0.1493286472864475	0.23218641245555582	0.2364409596813803	0.09459854088666009	0.08711231239493278	0.18882787540314383	0.16042704200129	True
ac36481c70207b43b8319f96e63511d89328e0a2523f4e098ee27d0b972359d2	product_exact_summary	product-3x3	0.6151307748837138	positive	0.17257473637861354	0.17985197741484732	0.24291657328768457	0.2516753699604308	0.1022328994695425	0.07182339254558345	0.20168298608679752	0.15572538792310398	True
b4a4fac61ef5232476f4c11a8ee2e60a9c377881699f2b474d90ea8116759ff8	product_exact_summary	product-3x3	0.5186195758978828	positive	0.11508780499214255	0.170251837863384	0.19090696043052446	0.20441343359818126	0.03926864955376064	0.03416159573479727	0.14817275016034676	0.08095141470644068	True
b545f1adca21d1837a5d9291bcafb445854e8c1bbe8f070fe74d070cca8e5089	product_exact_summary	product-3x3	0.5191445598576975	positive	0.15174961689732971	0.2017389955015963	0.24845703554613707	0.25100571476131395	0.04926671925971765	0.055042198248522356	0.19364985151391045	0.09950540447917705	True
bf91e4a54f32a716246ca7df679f459e13cbfa658603114e0444c11a200ea331	product_exact_summary	product-3x3	0.03589576247118654	negative	-0.11095057147145904	0.21983972955281406	-0.21858802855548948	-0.22077301354524465	-0.0009332839924305752	-0.003313114387428595	-0.26501716051404983	0.0013663537569550757	False
c0201e2a5bf21f2147732596d98466143369a191c64f983ae17556305a1d8c84	product_exact_summary	product-3x3	0.5735731712180663	positive	0.1243457193909639	0.19024410383152318	0.2202001156469417	0.21369743902711613	0.034993999754811655	0.029956011815418515	0.17057583957441708	0.0976906786193476	True
caf50303c28e084766db5544c6893fbbaea5de830d50b99cd48fb9cacc8c1b1b	product_exact_summary	product-3x3	0.5740232464911903	positive	0.11795630516221586	0.18059687998806306	0.19352903484437028	0.19979604732063327	0.04238357548006144	0.01919916733257021	0.1553491365364592	0.0965582277777054	True
cbea62fb999a3d6844430f0c3085920664f287406863105dfbcf38e8ae20a2eb	product_exact_summary	product-3x3	0.5717525844368403	positive	0.14287962533672408	0.16651849912801692	0.21293256698803392	0.21196413392645896	0.07379511674698919	0.046414067860017005	0.16128394990373002	0.14299325869651208	True
cd7079d4801d4793c0d8c2e2878ddec2a107a3b66d83c6d2edb5a7a2640e4c91	product_exact_summary	product-3x3	0.5041087249702928	positive	0.1335885843048843	0.1871081105981613	0.2162010420639423	0.2217512726150932	0.034643162016931905	0.050976126545826284	0.16485806851796148	0.0986944699081635	True
d2a0d8d755dc9b02a483a98eae03555d6905bb7e896bd0c74185d2ae13f0e883	product_exact_summary	product-3x3	0.019619167618848972	negative	-0.1050928854332667	0.21167743354744617	-0.20780168528828696	-0.21251267449917033	-0.002384085578246431	-0.0008352409517241449	-0.2389592276314924	0.0018117861457403461	False
d2ce589a3fb66ea98e1119fc342fd2c5c5b8e6459a718aa01637487f959e4823	product_exact_summary	product-3x3	0.4940582208222825	positive	0.12153285453528859	0.12436743846132314	0.1844418738308048	0.18130170582861943	0.06007443536948165	0.06176400324195774	0.12711688028132273	0.12435223809430385	True
d3945ef134eb3c215a41ff15797518138461564dc4a06eb9cfa24726d353c7fb	product_exact_summary	product-3x3	0.5022095451336487	positive	0.13604201312397135	0.20044027207280518	0.23129926935662998	0.2328476861609241	0.032407414088118924	0.04078475689131272	0.1751047578884954	0.08561794143878332	True
d65b9cb385c54fb9681455220353b5d6e644f67ce2d1c872b7bbd5a03eaff711	product_exact_summary	product-3x3	0.471687154123369	positive	0.11456790825215438	0.1278394394221098	0.17468245267276722	0.17539156266100397	0.054453363831541535	0.047552123238894184	0.11862028230198596	0.09848906323043921	True
df532aa0c35273108ca3b5a6df1e54a53447ace1450df38844bd36666a3f5cbc	product_exact_summary	product-3x3	0.5144135413372081	positive	0.1133372076555651	0.16764789776549244	0.1899271315591336	0.20388551387461668	0.03623761610912424	0.036747283751996596	0.1485648282309574	0.0838411512638979	True
e0134c7421b9b049a2a5d982aa7d05189cea111fc1bb1a25c1b16341f8c36898	product_exact_summary	product-3x3	0.4746136453764066	positive	0.13019586102995348	0.1962960264216474	0.2245195517526269	0.224048654625987	0.03634306743391996	0.028223525330979493	0.17084897634427887	0.08582061473012065	True
e92ba7c6bb60f5b1137bec72fd2ce11e424583113e15b7b5afb993ea526bbc1e	product_exact_summary	product-3x3	0.5237898473336783	positive	0.11412951698369461	0.11736936629726619	0.168710644978593	0.17385267849033126	0.05954838898879622	0.05648331219306507	0.12280727223866555	0.09424048079091712	True
ef69e2ad9d8db98ad69278aafbfb1ba0c259febaf83e18edb2ae6b2e083a16e4	product_exact_summary	product-3x3	0.5297193131405699	positive	0.12323135761327958	0.13412431267886293	0.1909550604739657	0.18526891364729237	0.056830747795102776	0.06119380157926679	0.1371151246618999	0.09989122415414003	True
f060cbe902e4e76a1a96d378a7b52fa50e408baabce0be65ee5179a8c5eda6db	product_exact_summary	product-3x3	0.628869744153576	positive	0.15208826432849115	0.1528471913498312	0.22416454157656257	0.21732943697481055	0.08684709168217175	0.07131735022673136	0.171921256455835	0.1428768186589342	True
f2075369edf0d4302ee842710ab637ec03debf04b935683f06fa1afe23d469b7	product_exact_summary	product-3x3	0.5964201912372326	positive	0.13427054358165347	0.1784668079686133	0.2024342012196647	0.20863008145446588	0.06610688594364222	0.03016327348585257	0.1640112891894413	0.11244134248033677	True
f344ae48571bc272a6572db1e0b8664085ff733d659f02dccc0baff63148cbcf	product_exact_summary	product-3x3	0.5259861159156412	positive	0.1034097585169676	0.13209272579713605	0.1696932251372083	0.16640193071056203	0.04041758632337317	0.03760049934007226	0.1181587866044228	0.08957473764826407	True
f79a1dff3b120e49a69ad4d39da01eee313b7b36b4ea0d0c8fef1129858d4901	product_exact_summary	product-3x3	0.5433185156111019	positive	0.13020691689901628	0.18585545652942004	0.21283698531358675	0.21077947133264813	0.04963436246538444	0.02698152878416671	0.16187206052825143	0.09629308707399992	True
f820eb6f37e809a46285da36ae9ec152e52cebd04b90325ed2b4af6ddbcb8584	product_exact_summary	product-3x3	0.5720596541251735	positive	0.16762589744462372	0.16216719515240147	0.22940950005558153	0.22782752360484293	0.10742427128440452	0.06724230490318006	0.1774056403370683	0.14049772504218688	True
00fde19699270a21c4ea3d4474947ae0e24b057720004a94415e6ac787638d5f	product_exact_summary	product-3x4	0.02770265424120363	negative	-0.11509126888613516	0.23084147114339373	-0.2276651153978214	-0.2316809202915828	-0.0008394491481890608	-0.0025174223744489424	-0.22844659505116535	-0.0001515720774446505	True
016f327b76dd5b5794eb797ebac197e1902dde5678d532602b830afab471efbd	product_exact_summary	product-3x4	0.37286898981596034	positive	0.1018986430613216	0.1330217046444524	0.17008334915326373	0.16495218866077693	0.03706164450881133	0.03884509746186626	0.16885752585886188	0.033683849490266204	True
02ae24a6b08ebef6d77def55c07f82395654ed251a87f27be0a0cccf2215635b	product_exact_summary	product-3x4	0.6247149347193309	positive	0.13665596097872662	0.24246890430746681	0.24598138658838642	0.2592772447904068	0.027330535369066822	0.01680834048294	0.2610593137221609	0.03347156888521252	True
04bcfd5e298e8a777f49f7928fc94fc6a03bb1d4ff34fcd3e11fc4b94a20abca	product_exact_summary	product-3x4	0.5536236586356874	positive	0.12514357772630932	0.1979415412987967	0.21251860665124395	0.22333534988893822	0.0377685488013747	0.02539380859014151	0.22596904538020446	0.0022043118693899633	True
052cfa1ee7ed1d8a0524b92ee7312fb3b705089119e3ce5c35e83d98bf2fef1a	product_exact_summary	product-3x4	0.24402376601927142	negative	-0.10587627765379254	0.05845027487411669	-0.07768458837167477	-0.07929186675960301	-0.13613486324579147	-0.13246068854798207	-0.07932898788633044	-0.1258208883267923	True
082686021df9becb0c95e22b8d789c6af6b3bccb62ce36e9d1f3c88e6dad46e2	product_exact_summary	product-3x4	0.05888552583237714	negative	-0.14851540561387436	0.3019671293209539	-0.2875156588258486	-0.3112888308977193	-0.009515152401900102	-0.009321701576765436	-0.3044677948555548	-0.009452258784784763	True
0b1ff648c07bf2f0cca1055ad713478b3f18ef62ffe0b674ab27c7bf969c3c0e	product_exact_summary	product-3x4	0.6525853302102158	positive	0.19121994473130624	0.19129859146295497	0.27999833451399453	0.2798678934508783	0.08869974305103956	0.10257199601173417	0.28200854807146314	0.10731780462870444	True
0c82d04fb6121c09077650179179d2473eb4a7e31392c74703e27bb84a90e62b	product_exact_summary	product-3x4	0.7004407453791776	positive	0.20299340294166016	0.22953565758004135	0.31836064689238086	0.31598277552191306	0.09000403036140725	0.08882498931233951	0.3222902801604393	0.10259598183853347	True
0d0841c5920b1f2215a3d515b8a2110536ab3cbf11e6e21b5f189a65d0379b06	product_exact_summary	product-3x4	0.5900071651970502	positive	0.11020279993815518	0.20005702959136884	0.20436459433726017	0.20576094367223008	0.005703914080861239	0.01604100553905019	0.2075948112627961	-0.001623029343722826	False
0e74438ce6488aef4f536e0a632b0243c4be416337991391287ab18b19ad88c3	product_exact_summary	product-3x4	0.6949401945596988	positive	0.2196362389864704	0.15800712004515882	0.29300802215840216	0.2891151286299809	0.13500090211324334	0.15015734934295988	0.29519392034511466	0.13761848242031283	True
1119b8c28cb58bd875582ee2efaf7bddf41dde61d35c9fede45b67ac0f5f8f25	product_exact_summary	product-3x4	0.6187451502791638	positive	0.13883133388721233	0.19076867174964945	0.23371949904193995	0.23436966435686762	0.04360099260721817	0.043943168732484716	0.23599063500051354	0.06012827781776087	True
134fa5a27be419887d45d96a6739bf6a1d1754bff6247e17f4c4a2920a5fd57e	product_exact_summary	product-3x4	0.16701191406783128	negative	-0.11817213538188301	0.03753677193439631	-0.13179983974056747	-0.1331936202637783	-0.09565684832938198	-0.10454443102319855	-0.1313182340705722	-0.08223740173071684	True
18a444713d0e76733cffbd5f8fcaefa332dac55c1e71e7819871d813db856f67	product_exact_summary	product-3x4	0.44258809950342315	positive	0.1174842435241635	0.12709490209455265	0.18333011074119265	0.17768079218389365	0.05623520864664	0.05728769486443336	0.19469153347132695	0.05826194500045023	True
1c92e58ece2ee397794ecba9b902b2251d93e6bdcdcd54c60200ff78ea4f2a07	product_exact_summary	product-3x4	0.06941877063394655	negative	-0.12909265418576288	0.29376298924847255	-0.2944788653210505	-0.255569683271066	-0.0026156251004597897	-0.000715876072577934	-0.2922311365168764	0.00026869365830130276	False
1f52132911c7a0718ded4137b7cc10032743889124d113c9321d8370a01c77a5	product_exact_summary	product-3x4	0.48617766814047203	positive	0.10754912233086436	0.08751577562796531	0.15407952600261182	0.1474768089417664	0.06762143571996232	0.06656375037464651	0.15750124714555325	0.06421480226654763	True
1fcdd36ee656abc04044af3b50840bef80e66aceb34a22807148776029f47b51	product_exact_summary	product-3x4	0.5222502382458972	positive	0.10416461839431285	0.1517045644647157	0.17342102429762113	0.17593155165514862	0.024226987190432925	0.034908212491004564	0.17716562457300677	0.012044152207787318	True
20926645674b62e8251be4a53f1278708112aa6a7a822572aa0632074e9c91eb	product_exact_summary	product-3x4	0.046994676897742255	negative	-0.105856381822554	0.21720412502240943	-0.2095898244118445	-0.21754765114838528	-0.002122939233263489	-0.0003435261259758654	-0.21435042006709273	-0.0018021920575821415	True
2099ca925ba395a8ab0f17043260caa71a1ea06e22c8a6256e4b940612b711a5	product_exact_summary	product-3x4	0.5796594503444509	positive	0.1558044904227328	0.15532912619781947	0.23032499281948737	0.22518085852963693	0.0749958666216679	0.08642812231582869	0.23334874283070606	0.08916995467097438	True
2287f95960cbb5cbc39a8265592fb36082e955c42f00226e9a53c135968f757b	product_exact_summary	product-3x4	0.48000267965499105	positive	0.13662517530239393	0.15695919235772732	0.20994966093478568	0.21713933121434248	0.06330068967000219	0.06018013885661516	0.22030978541175256	0.057598503991479866	True
2293af8b402a054a6a15bff89812b30df20016ee78d08c59174858264cff3429	product_exact_summary	product-3x4	0.030847958582049747	negative	-0.10470023052571976	0.20222888412760978	-0.20650335138237305	-0.20495800241984613	-0.004274467254763267	-0.0044424586315933955	-0.20670273136124587	-0.0030555271904285676	True
238d8e65fe4337cb075aaa27362bcefdaa249bbab3e9e889c3377f908c7a61e3	product_exact_summary	product-3x4	0.5098724832623427	positive	0.11324689467558308	0.19329441319990376	0.20837837160490436	0.2095608682156656	0.018115417746261797	0.01626645501576185	0.21217876801521302	0.008223217751881284	True
27738e85181baab19468ba615bb1510fed3ba1df2c84715c348e66bf291f6d2a	product_exact_summary	product-3x4	0.6353510527560443	positive	0.1944648971704566	0.15033291931752923	0.2638211027944975	0.26421871135632635	0.12510869154641568	0.11388579203879712	0.26640513207731525	0.1252725341101404	True
2c34eb780508ca8a080a533183dd4404bd0b902116f667686078e79813479b2e	product_exact_summary	product-3x4	0.5293562082105722	positive	0.14337942921514935	0.22867827540489094	0.24449467614912807	0.2605644866826259	0.042264182281170626	0.031886211277734944	0.2611895902264367	0.0426754220492504	True
2e6a16a0fe2d2003e24dc8404e5220b79dadfad936552ef5697b3a5623ba29e3	product_exact_summary	product-3x4	0.5162698399715935	positive	0.11187479909024384	0.08890179565098677	0.15215431614402114	0.1523353026947275	0.06343350704374073	0.07159528203646653	0.15439067010494	0.05078068619070786	True
340a578e783e92b657f8ef5d91d287864611311b1874d3e76ee629fc62d6dffe	product_exact_summary	product-3x4	0.16942475021325668	negative	-0.12103295493610347	0.028798656955927815	-0.13210046507922388	-0.13278582358537103	-0.10398716662944321	-0.10996544479298306	-0.12912908242024887	-0.09403510787923389	True
39c23865c4cfe14d699d4bf098d819baaf58d854d14875ce3ee83320d6834134	product_exact_summary	product-3x4	0.6108226157360591	positive	0.14745093823603583	0.14340740235664068	0.21889494092390888	0.20897431691754442	0.08592755955452724	0.0754875385672682	0.22351816582954898	0.09478523572177422	True
3cad84e823d8f4ee1d301473ad49ecb884e8d7e246363d2c5ff997ba5ef2c708	product_exact_summary	product-3x4	0.102391469797531	negative	-0.11500087532945989	0.2412648985274923	-0.24675802431255422	-0.2197890231077358	-0.00549312578506192	-0.010212727551183992	-0.24223056230539897	-0.00675541260083809	True
3e5df68ad46d11f1ed4ecef264040328c3d61e900ccadbe02733776128d735e7	product_exact_summary	product-3x4	0.10131298690611162	negative	-0.13601641613193888	0.2669468445910112	-0.2672552676485798	-0.2700764742428462	-0.0031296296518349975	-0.0047775646152979495	-0.26509181333875015	-0.0030057736654173495	True
3ebc2ee125d394b4283175aafd518d79f351cc1b27716de6991ade87d5e2ab1e	product_exact_summary	product-3x4	0.4865535161994871	positive	0.1263816793066501	0.22533757667598225	0.2336941158700035	0.2310298013653332	0.021733557247966995	0.00835653919402124	0.2369452536112986	0.007091018868407795	True
4602ecea0670886231dbefdeaca15f547352e440219f319af5b82caf1d7b2a4e	product_exact_summary	product-3x4	0.49296102609632875	positive	0.14151646264104473	0.07041777046766173	0.1751643630750978	0.17759722461754424	0.1071794541498825	0.10786856220699165	0.17907100397351228	0.10133873695446638	True
4743a42d5319d0add5ece3716883cdcc68ee4da19ed70c21d7c4a4296f3e40f4	product_exact_summary	product-3x4	0.6979736364327247	positive	0.1887537744594648	0.23437992315765083	0.304264820344956	0.30380695850981904	0.07370059040911059	0.06988489718730517	0.3075044614514866	0.07905023102842612	True
5279f4bbbb7daa9c85b47ff5920a132de70cda2e6edd9bd19626210ad1c51bd5	product_exact_summary	product-3x4	0.432222201218857	positive	0.11493155533694768	0.14884639472183564	0.18465457112486172	0.18660666357036693	0.045208539549033644	0.037760268848531287	0.18908951430184923	0.05758185417915651	True
53641b6fabf2bbdc4b2d692f442446df435184c3781543689731cb35e52fb4ab	product_exact_summary	product-3x4	0.46235141542820823	positive	0.11218908117022172	0.1543356741692113	0.18573995747653899	0.18505002357933992	0.031404283307327696	0.039328138761103526	0.18574299947613232	0.04850861618797586	True
53ab6d313acb4671be6c3b23f7ed3f63278936549b1158f8569b3b4476c8a186	product_exact_summary	product-3x4	0.5741036697776223	positive	0.11438357831813481	0.12794551202495802	0.16768289645145146	0.16478123246892834	0.06398592416734128	0.03973738442649344	0.1730927797380451	0.060812835180120706	True
5ad0fd5f9e9fb85810a9bced70067e7d64d08f560e9628021be47f6a9d3f9a36	product_exact_summary	product-3x4	0.5943456285608999	positive	0.1769867241691084	0.16868114182265975	0.25722577041539835	0.2552922293792723	0.0986812189589445	0.0885446285927386	0.25996634984482536	0.08272512434661228	True
5c78e18f3c470ad44c4c71b0d8b73d9e74c90f2d387b04330e7e0024374316bb	product_exact_summary	product-3x4	0.10574079548224975	negative	-0.11043001158739771	0.12135975367017503	-0.17022579107463953	-0.1684900763755553	-0.048866037404464505	-0.052369946799240105	-0.1661808899169993	-0.046812947202376595	True
5cf413e41e3f5f43b2122f586dfdb93a6ba404884f2219f810a1a7e05ae55f48	product_exact_summary	product-3x4	0.6288349160565126	positive	0.12603143530126726	0.180998116002121	0.21424870902820892	0.21653013453119396	0.03553201852907295	0.0378141615743256	0.22279510809710312	0.054399686785810863	True
5f8c07da55fd66b9fe8de928246675873ef534e7e89f9c5e98b4d909faffc636	product_exact_summary	product-3x4	0.5049237072763878	positive	0.11551125662468509	0.058294954586832426	0.13545276084913954	0.1348209091816155	0.07715780626230712	0.09620160406775469	0.1360382876878441	0.07854281864720303	True
61861e4603913533ce834c5f48964b9646404ca4afa66cdb51cb4d4ed3ba1adb	product_exact_summary	product-3x4	0.5409496929472977	positive	0.11520887049496839	0.09407585832515047	0.1564233575933247	0.1579527784861421	0.06387692016099161	0.07399438339661207	0.15995410288188977	0.05296255423478091	True
62b96cf366d7bddbfcf2d379515690aeb2a8f19dd6b66137f24fc3dffe698d64	product_exact_summary	product-3x4	0.400833265248974	positive	0.11089392541150737	0.17502984914707773	0.19620189402610203	0.19072108257294365	0.031066768250071097	0.0211720448790243	0.1951919129981336	0.033776173754238414	True
643dbfdc85f5f96b8a8890ec59a38d526eb13d92bd448226908bbc4dbf44bedf	product_exact_summary	product-3x4	0.15745234498747862	negative	-0.12059235351275675	0.10947480299513643	-0.17120456181501492	-0.17465183405519957	-0.06517703106006315	-0.06998014521049858	-0.17357034037894986	-0.061752526905113486	True
6b448ac1b7cb237898812c5aa610b74f60a072b9fe1fa29d355f16b7305f88f9	product_exact_summary	product-3x4	0.5399036425288762	positive	0.11332673853054337	0.13118335705283485	0.16902189044701882	0.16794813879953963	0.03783853339418397	0.05870533826154711	0.17057198118329142	0.04699818759739183	True
6b79b70fd2c37a63dc3a977607d9a857423fc7d53a7ee8a5dd62096a1204a36e	product_exact_summary	product-3x4	0.4635988742099823	positive	0.10811228463230754	0.09889981612445414	0.15315262901310106	0.1509436042225053	0.06528096504210978	0.05425281288864692	0.15199849102825708	0.05832100902487136	True
6baca03dc03b08aec60e5b4744698ea03b170efad24879bac16972feb940b2b3	product_exact_summary	product-3x4	0.5464196593245861	positive	0.11491149231175196	0.15514909537604454	0.18813554044696934	0.19277212197232935	0.0376230265962848	0.04168744417653458	0.19772047349042404	0.0479672931645978	True
6c0fbc64ea12862b3b2d3e0a8bd12959405f3048141bc3ab0adfbca2e24527d4	product_exact_summary	product-3x4	0.16061338354816526	negative	-0.11981524072725297	0.0219729439537244	-0.12251991553302435	-0.13010873054714403	-0.11711056592148159	-0.10813578659341963	-0.12342735582705641	-0.0971502573635932	True
766dab1ddf7af13827fe6ba7d7a0418b035a90bbae4ffbcaf43b942caa6f81bd	product_exact_summary	product-3x4	0.5007778350802878	positive	0.1300821050822896	0.1903775843693845	0.22056002554884352	0.21820879068635857	0.030182441179459008	0.041955419478220624	0.22306976561949227	0.03210239701457002	True
7bdd12c89bd49037aa51a762de36524419cebd0c584972cacfd87cf3ea1541d9	product_exact_summary	product-3x4	0.06825854245547561	negative	-0.13933069331461134	0.19408270035843253	-0.2337018093585486	-0.23661485770327043	-0.042532157344837895	-0.04495957727067407	-0.23161833101275922	-0.0397822694855946	True
7be388ac8acc6caf0b75cff753f0c021af17e381bec09f707336dcfc90e5064b	product_exact_summary	product-3x4	0.09444868795000909	negative	-0.11514631477891052	0.2198716812486618	-0.21968948380493997	-0.22264085509447873	-0.010603145752881085	-0.0027691738458169163	-0.2216580284053304	-0.009651446914331202	True
7ce2fa9e804e04580d1d054f5c792e23e4b59dda66d40138fa3b947908897306	product_exact_summary	product-3x4	0.5318956714588948	positive	0.1254112744448757	0.11612420655951317	0.1839372383010387	0.18034467510461238	0.06781303174152553	0.07047787378513903	0.18319349467361706	0.06064065697769633	True
7fd47fafc22301f6a0851e32e3b2d32c4d77cbba46b25b7e2f46b6927626e453	product_exact_summary	product-3x4	0.5615516879772106	positive	0.10286870007800178	0.14435749122680402	0.1704572563540509	0.16968605339808746	0.0360513467579161	0.026099765127246877	0.17737359674874076	0.059191770852832115	True
823e6e0688f44073c83e22d38517ab809f43121b38d5ef28d61c5b6e7475f7a9	product_exact_summary	product-3x4	0.5764712370651037	positive	0.12338280554463776	0.18173205456673636	0.20943425040057528	0.21479131512249972	0.03305926055576336	0.037331360688700244	0.21839900548301522	0.044587079912289274	True
824697bd0b2e2f07c7b5ce5a87e3d2943ca86a337623e9eeb7298b5e2a73433c	product_exact_summary	product-3x4	0.4797812081454233	positive	0.11721888984868106	0.1713569117213063	0.18864516177072999	0.1988629530674777	0.04579261792663214	0.027506041346171406	0.19846137310530143	0.019315853208184464	True
830a87a394579749ae49943a32301faac45d9fe1c43d6e9f4e60bb163b582583	product_exact_summary	product-3x4	0.5565826409264836	positive	0.11938451795138691	0.15280051751715756	0.19437593859910413	0.19238755346482855	0.04157542108194656	0.046381482437945265	0.20424026184901745	0.03620302849229784	True
85153abfd795af9909e44d1a433e162a390511677f1e1d70d21412f214c83c38	product_exact_summary	product-3x4	0.562019553220467	positive	0.14956855412766204	0.10939648385185091	0.2064451315682339	0.20130784259659568	0.0978292656587284	0.097048647716383	0.20678371287352287	0.08808851351377961	True
86a33ea4848b688687e3edd0ca5618b05aef21a435e1c4bcc04e6d882c377b7e	product_exact_summary	product-3x4	0.6163706224034865	positive	0.19412179350051711	0.14309868273978504	0.26354122514957484	0.2626987198265054	0.1204425424097898	0.12554486717452884	0.2646549677611103	0.13406280081451077	True
88de55982de40c0b4269eb390888797f613d538acd06d3b954c9d534cf031114	product_exact_summary	product-3x4	0.17772424269389198	negative	-0.13617137496375284	0.06253535898825902	-0.164776369115188	-0.16418361177428187	-0.10815913815322381	-0.10224101012692899	-0.16091780791444416	-0.08815282440502098	True
8bda98d7eb41200cb2754167b434c92d5fbe4fdc8175f963de1469b3241f15a4	product_exact_summary	product-3x4	0.5114379961153056	positive	0.1397535127745593	0.11804757144449457	0.1963961282607204	0.19520559506824037	0.07834855681622582	0.08430143048087824	0.19596512591995446	0.07612616605718486	True
926c06b6fa353099df84b4a479b0cc69da42a0b2330fbf286392233a3b87643a	product_exact_summary	product-3x4	0.7119073397957835	positive	0.20898637745121362	0.22330282145575042	0.3166252160940505	0.3063969303421895	0.09332239463830005	0.11157582456023774	0.3194247352264232	0.12293445449562157	True
948c9ab37fcc1199b473f3f6e2ec6a5eb3a8c0ae191f4f9a23d13746231766ca	product_exact_summary	product-3x4	0.47734153696655646	positive	0.13124057951359214	0.11581940894270182	0.18277914416129198	0.19207003180696097	0.07625062286425915	0.07970201486589229	0.1918325374281462	0.08061995238716035	True
9b066ccd6672cfe1daea95e90f7c8236a26e01a245910a2160ed0a5a218c58ce	product_exact_summary	product-3x4	0.5431204511504132	positive	0.1299123226019942	0.1502560494220892	0.20366527222766934	0.2060832679192544	0.056159372976319066	0.05582721849716521	0.20739481595205006	0.052762687904206074	True
9d68018a80240fb82f06896478a5363ebbf87b92f47208c3a7719b782c1061b6	product_exact_summary	product-3x4	0.48100328248469676	positive	0.11652353815678596	0.1133531903816648	0.16500760700514688	0.17214001324496297	0.05878682286329817	0.06803946930842503	0.17464243567241666	0.06772631479170532	True
9e4444ef4bb2a43f44d710cf28c96049d7443a2bc1630b4f48d26a1c52a81460	product_exact_summary	product-3x4	0.6932174848932647	positive	0.23015845126279963	0.17214619928556607	0.31669861184741344	0.3154053404001242	0.14455241256184737	0.14491156212547507	0.3204422738356485	0.16317485570629797	True
9e897c33a69bfc493fe9b9e27f571192941eda33fe1bc5b2b0112de4a2aeb2c4	product_exact_summary	product-3x4	0.17938672696660563	negative	-0.11042720779447743	0.004158361890928108	-0.11001040847011045	-0.1108440071188444	-0.10815872071432442	-0.11231708260525253	-0.10544617535272277	-0.10439635379546947	True
9fc3ff1f48bf73c90601bae701a3a10b72d7338d3ab158f324670de5610236f1	product_exact_summary	product-3x4	0.4645332229797443	positive	0.133690862602374	0.12431092153838669	0.18789044528987126	0.19147731447873584	0.07949127991487676	0.06716639294034915	0.19235460728410736	0.08093031453545785	True
a145b42e38ba61aef40df9b37d2d95555faef14eed1b8b09921ff2047161ffc3	product_exact_summary	product-3x4	0.6152213079504357	positive	0.18110065028790623	0.16249023170129473	0.24999832771414088	0.2518442072969268	0.11220297286167158	0.08935397559563207	0.26040943727424787	0.11056735869514867	True
a176c4fd391969704b8f51772d8931e7c80abed4339377c92d0490f1f388fc11	product_exact_summary	product-3x4	0.607284976670782	positive	0.1643040630630599	0.23391934020047817	0.27940304335558147	0.2781780095943729	0.045483703155103306	0.050430116531746894	0.28287247277058536	0.03803501891134797	True
a55af6a4e97b652ea53d048bf79dead9dfebc3dbb7499830a6c9cda7c7719bad	product_exact_summary	product-3x4	0.6044356768841889	positive	0.15248461930375354	0.12629513616327176	0.2088846256553331	0.217349164469609	0.09105402830633724	0.09608461295217396	0.2178152845034778	0.09833210769309775	True
a76ca13edbd3c9ced6bb250afed9d2eb4f0d664d25267ed1444b2a7436af0945	product_exact_summary	product-3x4	0.21753299929569747	negative	-0.10009509275303599	0.008188259361448402	-0.10384770813695271	-0.10438032013611204	-0.09634247736911927	-0.09619206077466363	-0.10320120380186859	-0.09139433445066392	True
a9beb786d939c82eebf8603769b7529e46a087a0cb2fbf8b8bc0858944f1bcbc	product_exact_summary	product-3x4	0.48855503031006353	positive	0.1391427540193935	0.07325514434371594	0.17383209963279106	0.17388564117278	0.10063049682906405	0.10445340840599593	0.1767721453351196	0.10543548628930666	True
aa529afd123ad72b6c052f195df9b2e7b9d2b436b6e5f073382cb2285ddf3cca	product_exact_summary	product-3x4	0.11734320477133088	negative	-0.11990799983851594	0.10617429856752954	-0.16977020205820292	-0.1678488150360436	-0.06359590349067339	-0.07196718464098827	-0.16670027669306842	-0.06987534272390132	True
aab164f95342e6cbb1df312414d422b25bd724bd6294dd131f1301aafc7947fb	product_exact_summary	product-3x4	0.5515970424398969	positive	0.1159375804195153	0.15330413715179347	0.18678946796523266	0.18616854229258706	0.033485330813439185	0.045706618546443534	0.18985228158747514	0.05467389280583751	True
ac546b9cd917d5f8ffd51293ea36705088980a35e36f61df0121014364eaf9b7	product_exact_summary	product-3x4	0.5353549742130109	positive	0.15537978579146475	0.1800567395117647	0.23890118304474367	0.2378700538312229	0.0728895177517066	0.05884444353297896	0.23957920178410647	0.05927352251808887	True
acede2b3420dda4926880ac07a686aeaa464f82f00da6cd89a1969cdd8541af1	product_exact_summary	product-3x4	0.5969534114898074	positive	0.12886538462824282	0.16883530460936164	0.20636779914865933	0.20715348503597403	0.05136297010782631	0.03831818042661239	0.208930532699316	0.05031852095213063	True
b180d862c77508e1b5a6fdab77cbb358f65d2f7311f732dc6aa6636a321b5bfd	product_exact_summary	product-3x4	0.658793239167357	positive	0.14063811220120317	0.21750566226855916	0.24373589973778914	0.2547808678305492	0.03754032466461721	0.037275205561990044	0.2591454611452785	0.07870664322832643	True
b1bf5af73125c9d19e14c5066932b3a4027b91220c8176d2dc95189bc2763d1a	product_exact_summary	product-3x4	0.09104378831997761	negative	-0.1005710084869399	0.200337928494261	-0.1998698683180825	-0.2010051119905567	-0.0006671834962957146	-0.0012721486557972783	-0.2033774708431056	0.0001372101134758802	False
b23c5cb6bd3cbcf009a58003890a92e6a23e8a5c62e09c1c6d57f0a8acdf1865	product_exact_summary	product-3x4	0.5610090361384296	positive	0.13701459051342793	0.13841579449069558	0.2027031142241955	0.20924202261940655	0.07082622812871098	0.07132606680266035	0.21450213377250404	0.057546624729295615	True
b27489298a014a90eb1b54953a6fe236f6abb176771f48455edcbfeee578a6fe	product_exact_summary	product-3x4	0.09573271143770362	negative	-0.10536614796092963	0.1960418885264068	-0.19780714526050197	-0.2066387234667496	-0.010596834940342803	-0.012925150661357285	-0.20968218581636644	-0.010024920443296823	True
b84353e6d1df22334bf5ef5256d7df27d6b86296c693253b54be8c97a5694a19	product_exact_summary	product-3x4	0.6181974865082049	positive	0.1621549414959078	0.11571308871689417	0.2136534307411848	0.22140077609337067	0.10568768737647649	0.11065645225063081	0.22486364038210388	0.12100636000857296	True
bc7c4684d752e77f7067a9a45e49636f92b83df54fe10d32043a496cb91a553d	product_exact_summary	product-3x4	0.5659583365776544	positive	0.14582480906882553	0.1130905613018644	0.19767511819481376	0.19825162645094102	0.0939744999428373	0.08516106514907662	0.20059547335278538	0.07433924498619426	True
be8df92e2d111ea96678a923a098ed1b6ae30e194ef2104ea54a5c6ff8eabedc	product_exact_summary	product-3x4	0.44150440832489773	positive	0.10773764535174621	0.09927226594825012	0.15317731441265753	0.15952701843742884	0.06229797629083489	0.06025475248917872	0.1611301379252727	0.06631501695741754	True
c41e1561008ef7091a684beaef6fba789330babd6fbb7252d4cf4780cd5112c2	product_exact_summary	product-3x4	0.5496710361493852	positive	0.12976215141496536	0.18813940180439198	0.2157158332123708	0.21421531050284465	0.04530899232708607	0.02757643140797883	0.2171437020672896	0.05413678674415112	True
c56c4d1ffee161bed5ee8d48a81039874d0c7c8bcaf3818f71b15cf24cfe2e8a	product_exact_summary	product-3x4	0.40359422631078784	positive	0.10187593477087044	0.14546664383774183	0.1641571291401916	0.15931598368712233	0.04443588585461855	0.018690485302449766	0.17493579063843528	0.032621092023509546	True
c57774b0c79e9664a6682900535564d0d6d6e67c30feb490c101ed9eea24aaf9	product_exact_summary	product-3x4	0.5758700940090205	positive	0.14672146086771778	0.12034533065884817	0.2079884217408446	0.2049567109635545	0.08848621077188107	0.08764309108199642	0.20835965135254747	0.08379565496478542	True
c9d2f145acedf546fd658bd2775af133a870cc879577268ce0893a52e39b2ff3	product_exact_summary	product-3x4	0.487477536532531	positive	0.11744692682543248	0.13548809776717446	0.1773947642803706	0.174294694392933	0.06059915925793197	0.041906666513196134	0.17706519680581556	0.04379910800259457	True
ca6103d4185b9aa73d4467efdf4192dab32e686430b7d79b24dd913ac66d8188	product_exact_summary	product-3x4	0.04033705052907236	negative	-0.11078660609865171	0.21974473398723743	-0.21243068072695873	-0.22806916303468075	-0.008324429047443335	-0.009142531470344703	-0.22562566363922756	-0.011992842156977046	True
cb569827623d556970da5914c18f82b70547bd00113b9fe06e9a484d86cdb787	product_exact_summary	product-3x4	0.44260138867990034	positive	0.10648025630521463	0.1606981028509713	0.18471148139769106	0.18553799188588965	0.028249031212738196	0.02483988903491835	0.18844683194047723	0.02762691754519414	True
cc8e1a1d2d472cdb1490c40762010e14629934b541c0ac9119d29739f3ea4f40	product_exact_summary	product-3x4	0.5894653757855741	positive	0.14084783172228385	0.11415277886217456	0.19441402640073474	0.19693818172298527	0.08728163704383296	0.08278540286081071	0.19751984522548777	0.0754970337555102	True
cd0bf1b2011d17fc2f860b70bc2767265d0dde97dcea71b87cd7127ddc5f9e99	product_exact_summary	product-3x4	0.02571585209293684	negative	-0.1023453646930634	0.1735715697969202	-0.18598112734561875	-0.19217920047046774	-0.01870960204050807	-0.018607630673547527	-0.19184357256196635	-0.01924406596663453	True
d20566ff96ded8176150222d1e8a8a80db354f305b96d4a2e1ffdc79292cb4a0	product_exact_summary	product-3x4	0.08320179805984734	negative	-0.12966513953458902	0.21388374659716775	-0.23304330053452055	-0.23617907909872704	-0.0262869785346575	-0.022295332501559295	-0.23442316334009383	-0.024839013881222866	True
d497a177417c29a8ca3730a8a9c35889b6500a862839e1d33718e5197db74368	product_exact_summary	product-3x4	0.5590528065269941	positive	0.11196852168006483	0.143935663952784	0.18159640687054912	0.1825467853030731	0.0386111213502891	0.04234063648958053	0.1842903276590669	0.05436959408166697	True
d4b2d0fc896b601c72f4f25f193b4997ba53426309a0b14ff7bac5cd47586508	product_exact_summary	product-3x4	0.052620450681244185	negative	-0.1317328388714643	0.2134249300063194	-0.2428439947278723	-0.2319161586312762	-0.031549519111652394	-0.029419064721552896	-0.23917036783670845	-0.029653303418967977	True
d5ad6c82e7037a67a21702b400d5ed460bf755e36c077655f5dbb86762901abf	product_exact_summary	product-3x4	0.18617773933979606	negative	-0.15424244465486397	0.06625603142297987	-0.11922918152781173	-0.12429844683339367	-0.1854852129507916	-0.18418644247633428	-0.11644915926241087	-0.1822824690734127	True
d80808e17ddf40c21d075378a66507c02dad0b07b1bf450573c1ed3b7f9c6f91	product_exact_summary	product-3x4	0.5458332090512783	positive	0.10575833693404857	0.13323852736504188	0.17181587693888595	0.16588620949676547	0.04563046437133167	0.038577349573844066	0.17161061261406652	0.038440589007820436	True
d94bcbe69abfdbf8b560de3db2f8a0a9f53c72a41c34431186407f371b4bf599	product_exact_summary	product-3x4	0.5376713074286057	positive	0.10272077515917921	0.16106102271218709	0.18484830727458607	0.18112913235549088	0.02431241796286754	0.02378728456239898	0.18621195145817593	0.030703588043688	True
de21a5190d5e29cd9d6d33442fe2e3fea9a6c0ea09218759d7132d19de616f63	product_exact_summary	product-3x4	0.48766677022518956	positive	0.10867193375442205	0.18629502983863794	0.19517176396938157	0.19390576046864355	0.008876734130743635	0.02343810704020055	0.1958031611576062	0.01510997699880462	True
e2ed6b9d2dc095006ca58a06870cbaa777dc80558414cfd3afd19a23aca8c55b	product_exact_summary	product-3x4	0.03884375186550503	negative	-0.1065225346826071	0.19379047773031036	-0.20111533435521628	-0.20434707994476242	-0.011929735009997909	-0.010556602214452059	-0.20127093723780914	-0.009953117089819365	True
e345df8da9ecaa911db310524bbed213eceb81b90fbb1453a42612acde4cb831	product_exact_summary	product-3x4	0.10320188720184327	negative	-0.1074214605062229	0.1925207090214035	-0.207852354980555	-0.19823546372349715	-0.01660745728894862	-0.015331645959151471	-0.20990622349872728	-0.010652126665572567	True
e55dcdb6bbf4c574a33815e6e5ec1dc74066b8e0c3d6ae734d42751f5420b266	product_exact_summary	product-3x4	0.5149961462306609	positive	0.10134831756509446	0.10638347060134556	0.14170541842723106	0.15601473689318962	0.06099121670295787	0.049631266291844056	0.15854991877984576	0.06193224460958335	True
e57ec6f7d3dc894d3158e1078259cf597ab166d89ab73dd1856247a6b60097af	product_exact_summary	product-3x4	0.05034162846116738	negative	-0.11608629030183158	0.2231865073403172	-0.22320164863114253	-0.23091836247431988	-0.008970931972520628	-0.007731855134002687	-0.23006225356125473	-0.007999856949044114	True
ea4b68097267a58eb91877d9d9b64e2cfebd13c2705cd6244e4e655dfe2bc637	product_exact_summary	product-3x4	0.5894042874983104	positive	0.16049413306348018	0.13669304850017316	0.22491672843890909	0.22764790084576436	0.09607153768805127	0.0909548523455912	0.22857414208121335	0.08457378731681187	True
f3e4f0ecb30137545da71dca80416bd3087bdc0adb07431d1803972cb98ce11a	product_exact_summary	product-3x4	0.4231474367135251	positive	0.10028455091223046	0.13182282416096092	0.16690976695840082	0.16494612188838959	0.03562297993607133	0.0350869427974399	0.1672771220315311	0.02120536495615083	True
f655b37c2e39e258356bcd9d3ada952d9bf4be39ecd3ef6f72e8487f8e1f0af3	product_exact_summary	product-3x4	0.6103910488912697	positive	0.14014459596249154	0.18614925626997958	0.2244273357223524	0.22311156951647343	0.057177622408509654	0.038278079452372826	0.22641805879089033	0.051352865530802316	True
f71925685c91a4e45b1bbee88d3773665f4170d8322d55f857a74cde68d1025e	product_exact_summary	product-3x4	0.5697891894735088	positive	0.1461540089179318	0.1254215829984936	0.20404002705622848	0.2047185676060097	0.07929698460751611	0.0882679907796351	0.20709598592691597	0.08179349513935624	True
f8198cf9a85d2ade58c958c00cbad388583a0d4d584b8c491b3cdd69b46c0e29	product_exact_summary	product-3x4	0.459483247987174	positive	0.11159276218311628	0.10584810370613179	0.15080879055612678	0.15610725757411315	0.050259153867981354	0.07237673381010579	0.15436764299011801	0.06929541573574938	True
f85fa26da35f6beed80f7ae94a2db301f998da719d23368bfd627f67db6d6180	product_exact_summary	product-3x4	0.5856636440383332	positive	0.12824959727611787	0.08332055870385346	0.1699497721965732	0.1670717903169615	0.08942740423527423	0.08662921349271974	0.1716105243374374	0.09050012689189102	True
f8fe1bb7bfcd3149b55a78c8e6ac473c111c348a5b60590dc11743edc69e396f	product_exact_summary	product-3x4	0.1137747052416794	negative	-0.10050744234134419	0.11621296016514784	-0.15655098655968633	-0.15227864809834343	-0.040338026394538484	-0.04873623658434495	-0.15187320062060553	-0.040303339024205076	True
fc279406bd420cecd45c657869166db18f15533fe404dbb0a58e2c77b35a7639	product_exact_summary	product-3x4	0.49940169049179456	positive	0.11395129130278572	0.2242860167308115	0.22459986321372155	0.22427318632770743	0.0003138464829100518	0.0036293962778640165	0.226908257217889	-0.004894132539233265	False
fe4d1195e8df34ef00554236c24e7cf43f1f5afc602e398169a60a85bc6795e4	product_exact_summary	product-3x4	0.5962492898772284	positive	0.10271416571605388	0.17591634970653447	0.18693072767290853	0.18636272697094175	0.011014377966374056	0.019065604461166008	0.18999115100398972	0.03763241741582546	True
ffcd6781780130b79b002454ab57a4ac89826128b03861d6160bd016afb1b1cd	product_exact_summary	product-3x4	0.640115159223488	positive	0.19044585005269632	0.15063404436073646	0.25682647141527504	0.2554122592437754	0.10619242705453857	0.12547944086161722	0.2576367305303837	0.11261802421585732	True
0369db697bf57632ed9cb488d33da1b68307273adad3a4ffffd42a7366d46502	product_exact_summary	product-3x5	0.5880234255453299	positive	0.17588042843227697	0.19957671937641347	0.27344950864200224	0.27732679037830393	0.0783113482225517	0.07775007100189046	0.28067717615333493	0.09153095510314885	True
04ff0793997db94980d65fbf70b6b063f86b6bf33fa5db0be585a2b6d554207d	product_exact_summary	product-3x5	0.4843591575984063	positive	0.12254670690070271	0.15634098403042274	0.19484562124663934	0.1948160871130259	0.05027732668837953	0.03850463721621661	0.20002534114873377	0.03149149236565674	True
06f8f745fa4e9f2d6233b442ff1b71b1798a5f92e490bca7673cd4ca6ba83a7e	product_exact_summary	product-3x5	0.667239278364442	positive	0.15507965578775593	0.17310509643877037	0.23254274642806178	0.23427168078753924	0.06116658434876887	0.07761656514745008	0.24197783755920094	0.09477553449446874	True
070c6dbd7840df1eee6f43fd7cdec5881cf473b5b86a1f10169e8082d1fb7a20	product_exact_summary	product-3x5	0.07919957078375775	negative	-0.13020448401594686	0.21595146425740464	-0.23666341381649084	-0.23744710017454482	-0.023745554215402864	-0.021495635917140182	-0.2306179225353108	-0.0297565357461394	True
09c52f8640081d6a2fb52803873f007c9811f36b43f596d691782795055914f9	product_exact_summary	product-3x5	0.3591176526016418	positive	0.12264415559554752	0.13983979625732912	0.1910727621648359	0.19183043320719023	0.054215549026259136	0.05199063694986111	0.19655006451762438	0.03680708754638179	True
0a5f7934ca653047e3024332b245dcfa87f967e25442c8868a51e9f033d966e2	product_exact_summary	product-3x5	0.6095889854617835	positive	0.1519960425264184	0.21724325595036426	0.25359188587652715	0.2567855111687049	0.05040019917630967	0.03954225521834065	0.2608251005342425	0.05499510163762311	True
0a8ef67e6161353f4e406ebf2f6185d0dc214af4de7af67c8fe7f2306c0a8f62	product_exact_summary	product-3x5	0.662619284225411	positive	0.2074398452298045	0.21671949067711466	0.30728618623274445	0.3100455873879577	0.10759350422686453	0.09332609671084302	0.3161321082416183	0.11012446169583179	True
0c64d6ee84b56eb182cb5c9862aaf691409edba3762a50b35bba7c60f0a9cf32	product_exact_summary	product-3x5	0.06376510548199527	negative	-0.1289450197910371	0.2370140475461584	-0.2447156391737716	-0.24802857662175531	-0.011014529075596927	-0.013174400408302575	-0.23692488084037516	-0.015034483642823768	True
0e9cb7a2840799217ea32a86999b928a9114f4c40dc25e1409e565c83556ce67	product_exact_summary	product-3x5	0.5429507787496038	positive	0.12536501109934553	0.12950011413516255	0.18994909048496394	0.18727501736927354	0.0604489763498014	0.06345500482941752	0.20032584556638328	0.05389700524157143	True
12496d3f01023a719bd123aab319944efb4e061acf7defd0dc8ec4c2376aa4c2	product_exact_summary	product-3x5	0.6821508434699717	positive	0.15566095739341057	0.22414616512329427	0.25331589835863627	0.25274331478798473	0.05857859999883641	0.029169733235342	0.25904996479188425	0.0727877605311682	True
154b70f21082cab5433dd8660b33483ebec90d845bf075e789e53230c117fd53	product_exact_summary	product-3x5	0.6568368480701366	positive	0.1401941591783391	0.17679843616878133	0.2213959870766793	0.23012181933309162	0.05332338316431029	0.05899233127999892	0.23414617567246954	0.08092764414466602	True
1a209244986d90d0513d1d1e37e814d50a6c3862563c9df14f0b6a3aedcdc434	product_exact_summary	product-3x5	0.14996989928759433	negative	-0.1127595598425282	0.06389085288346541	-0.08216759747547833	-0.08577315808671407	-0.14605845035894374	-0.13974596159834232	-0.0782496703087329	-0.16083579706590925	True
1bc0cf7b736b358b599478a7573f3fb84dee0317dbedcdb64cddad085eb5e321	product_exact_summary	product-3x5	0.5446093623616323	positive	0.12615394303453994	0.1438847647698293	0.1912966156472643	0.18359394954974667	0.04741185087743499	0.06871393651933322	0.1975002700453714	0.05198312424700907	True
1cd789995d3b2b58871e4218989755f76053a77c0d24cd384cbb81fcaf3ead3a	product_exact_summary	product-3x5	0.17667345131634832	positive	0.1030279707728014	0.16723379751083944	0.1776459833741345	0.19107457777101516	0.028409958171468297	0.02384078026017572	0.19599258756646276	0.013439235272894368	True
1d9a678a6a58b5ae9e726f60d869e23aeb443978bc221533ce20a616b10b615b	product_exact_summary	product-3x5	0.7195102219253044	positive	0.19187294139697147	0.18662104905284915	0.27336274409512973	0.27680860284599773	0.09018755379314858	0.11038313869881322	0.28098313469839314	0.09852293527367295	True
1f47b96436ea6c1dc878a47bc82e683ed1bec1304539867ed4b3fdd6347aefa4	product_exact_summary	product-3x5	0.2849270690575997	negative	-0.11563895465994292	0.04630729696577046	-0.09386132293943944	-0.09428479969628539	-0.1401686199052099	-0.13699310962360045	-0.0865377989445994	-0.1409701046066701	True
232147f99edd8c6960d0028b9e956883a5c07d0ab91cd3fbdbf72065486b18f6	product_exact_summary	product-3x5	0.07122054286741351	negative	-0.11671092757047072	0.2033837690938316	-0.2170334422569457	-0.21340700732138218	-0.01364967316311412	-0.020014847819559256	-0.2074924948185854	-0.021877754668074997	True
2382e7aa59397d26ad0931ec327f78cf8d29b35a09ebc2b08ebffb482ee5f475	product_exact_summary	product-3x5	0.02940312779671483	negative	-0.10687220845682366	0.20568820252565567	-0.20999036974655272	-0.20713715402240934	-0.00430216722089705	-0.006607262891237978	-0.19365390882376116	-0.005382778189349419	True
25ad7d70d6100d6811bf79e816bf57b3fe43d5fa24489937f07191013ef80d75	product_exact_summary	product-3x5	0.5762408389222433	positive	0.14243052431253905	0.12028130097934864	0.19856416396558246	0.20111407854799335	0.08629688465949564	0.08083277756864471	0.20822143441231244	0.08607151283164144	True
27387c9dc06992ac483e6ce156b12b03ff1a242b8c0b867a62f7e884814d0d05	product_exact_summary	product-3x5	0.5595091678824334	positive	0.11227746762147953	0.19641276431517873	0.20809975578884782	0.2101235413279351	0.016455179454111235	0.013710777012756359	0.2156977327550449	0.022238517402901503	True
2bd10f170a87f408b4b968e20af1626a2f8886dbb55ed9148ab2e7e1dc082c4b	product_exact_summary	product-3x5	0.14765015658339445	negative	-0.11825259942104022	0.14918564653039698	-0.19453021320511296	-0.190813459916471	-0.04534456667471598	-0.04569173892560943	-0.18629951411600573	-0.0618586949390427	True
2bf4e9fae2cf969c5f3f3e42dd2d27b0ac559ecc668f8538addfb1ded196b4ca	product_exact_summary	product-3x5	0.5660840630084321	positive	0.14998271742417088	0.08460566966493216	0.18582519492792976	0.19018947241342132	0.114140239920412	0.10558380274848916	0.19516801084116686	0.11594917213039752	True
310600ba8cbd51cdb508b9cb964a418c3c2e3cd0ff2d3b52b6d5e8df9b31e220	product_exact_summary	product-3x5	0.5133930905381894	positive	0.11949251058966451	0.1578680937645922	0.20121368615897867	0.19362611990771006	0.04535890127161896	0.043345592394386456	0.20616430896261617	0.049133810892555696	True
35214977d47abc2c6ae9bc4e4a0fbfd4f35ba17ea4af0f81d46a7194720c6285	product_exact_summary	product-3x5	0.09575256438426558	negative	-0.10951150187701442	0.19594287318996845	-0.2033470833835256	-0.20650832132595345	-0.010565448135985006	-0.015675920370503235	-0.19704460843554114	-0.017683104329397	True
35e97a0d2ce5ca6f659d436501c62b904c06fde6f1c764c6d60f662a23e3129e	product_exact_summary	product-3x5	0.6470148476180585	positive	0.16340548665500043	0.18978485359196384	0.2579353906255242	0.24854699756395648	0.06815053703356033	0.07826397574604438	0.2653422529202282	0.0833513098987172	True
391adf56546662498f6541d7f23ad15827d08fd67ebef96876982b6a3403ec81	product_exact_summary	product-3x5	0.525216942757328	positive	0.12627766637081236	0.04009266927059241	0.1417703676584297	0.14205336736790397	0.11078496508319502	0.10196069809731156	0.15055037883294875	0.10824718014985107	True
3a0a39c8702d3de0bf7747b2b3a0a060fb9a4b2e76e80878b455e3a38dc3c264	product_exact_summary	product-3x5	0.5871922176129605	positive	0.17983161001355602	0.16055785336818457	0.2537181679325589	0.256053662553465	0.10594505209455313	0.09549580918528044	0.2627806384472595	0.0979673543064607	True
3ba91bd7cc2d02c6fc284f91a9515ba63bcd881fc3ba593536e5d877715eceab	product_exact_summary	product-3x5	0.6962938276372792	positive	0.200214124562873	0.22074021153333134	0.30678100534690594	0.3071738879547514	0.08643367642142008	0.09364724377884004	0.314725543907678	0.10097948906347132	True
3c98c778ca68cc6dc38db3f57516f73bb371b0457f5849d8a19dfeae77a7f54a	product_exact_summary	product-3x5	0.6125456313276924	positive	0.1611740087658437	0.09034430829692192	0.19420563323674284	0.19408964114180072	0.10386132493982092	0.12825837638988669	0.20282727033686293	0.11251170379761188	True
3dc1b7cda88572b7d098cff77d32e4e2d7eb39a0854036abf46c6c1ca0819918	product_exact_summary	product-3x5	0.7624210652041858	positive	0.21544598769649534	0.22406893998839206	0.3236479176263249	0.32526592495999407	0.10724405776666579	0.10119698497160201	0.3301548877672548	0.08313609256582521	True
40bf0276dee3e13da881b908a9e1745f885cc0f975b32d2b5fbc0fec0553696d	product_exact_summary	product-3x5	0.5284763179151778	positive	0.12954657804175912	0.12421794027494842	0.19464515193614573	0.1878202682275953	0.07042721166119731	0.07127288785592295	0.20188427058030328	0.0759511825341685	True
410e2d4b86647cf2e7c8563eb3388ed2e6ec52736c3cfde3aa6ab43f1b49d802	product_exact_summary	product-3x5	0.11059613205950473	negative	-0.11531034785596603	0.17325432687298215	-0.1994185077773628	-0.19938512055718072	-0.026164180904380677	-0.031235575154751324	-0.1945135637076309	-0.0445083482588078	True
42c47186d27e2bea05c60dacec6a92d6305bf6f8293d99d2f11e58a9eb7a9157	product_exact_summary	product-3x5	0.580602085088917	positive	0.14056194136801342	0.20474296227151212	0.23810465169033423	0.2402818664708628	0.04301923104569261	0.035538904199350685	0.24550071424299968	0.039178258003425004	True
446ae4c1f601770f2ddc1584b500314082c7abb75f2b98150d90c0b5f9999c6b	product_exact_summary	product-3x5	0.7565946659204708	positive	0.18628954206035864	0.22397311037616308	0.2976902093356928	0.29352901566453005	0.07371709895952971	0.07905006845618723	0.31112822873477086	0.07622003044037562	True
471f1edae63249c6be95530af72d1a6cad1598baab0b553b2beac24b7b49d9e4	product_exact_summary	product-3x5	0.6222068118472143	positive	0.13577343717539514	0.04934362143343485	0.15204454543088886	0.15306332861067917	0.11950232891990142	0.10371970717724432	0.16174074890389845	0.11214163993848258	True
4902b9cfc7409213a94b42f8af716baf747132c739ae9a222d614ae7e2c8f619	product_exact_summary	product-3x5	0.5847165528197809	positive	0.1401243374875445	0.10308983427773338	0.19290039408832216	0.18810155074223867	0.09214712423285032	0.08981055981058877	0.2012298140394923	0.08939789610463617	True
495e16d8b58f94f42782a49dcbd52b8514f09e3ba4a88945019492c5673d74fc	product_exact_summary	product-3x5	0.4473062043449777	positive	0.1486374860320229	0.16386706931395578	0.22642788751011378	0.22434980273936295	0.07292516932468285	0.062560818196158	0.22984712675841415	0.04786497343629209	True
4d823b550a578fb7ed59d86758ad681176c518890a5ca64d1a4c2a60b6533610	product_exact_summary	product-3x5	0.6194927631718226	positive	0.20963743387518954	0.1444841891608673	0.27181760005130057	0.27594862547816046	0.14745726769907852	0.13146443631729315	0.28037350154022483	0.1365020416715887	True
4da34ae3fdd5b867253f9787188477e3d7551b40edc204331c06c163d21d37c8	product_exact_summary	product-3x5	0.6510545304926691	positive	0.22082186841693532	0.241251484015728	0.33205238847296653	0.3357410062925959	0.10959134836090412	0.09448952227686791	0.33930984493148675	0.11212194875879045	True
4fe57aa3ec63eb7c5bb4d830bc5af2b9bbbeb6f22d8c58b6f672f494cc6f3053	product_exact_summary	product-3x5	0.7434394516339301	positive	0.23628218028026787	0.2199178686026741	0.33958833107957465	0.3443090357522351	0.124391167149561	0.1329760294809611	0.34896942316496443	0.1450069228209232	True
501d47dcf70c88d3b468a19bdb565022976fa81472c83d95ade71ddd642c8546	product_exact_summary	product-3x5	0.70977954240993	positive	0.15207893699803238	0.28863280518613027	0.2832982641165719	0.2913695276994432	0.02085960987949287	0.002736722513312917	0.29719127643019216	0.03444585643523901	True
5053d47563a646cbdabaf7ffcfbc8db6cd8a6c34670bf6e8dd8890e858a079fe	product_exact_summary	product-3x5	0.04303074999077085	negative	-0.12289051034280964	0.21707121821624964	-0.22849814543376062	-0.23004672514558183	-0.01728287525185864	-0.012975506929332178	-0.22239974045002586	-0.015536231849488803	True
50dbc9d16d0b5df16ec20ee32bbce010099d0cae48b012037f3e6b0fb0be13cd	product_exact_summary	product-3x5	0.08969008662432652	negative	-0.15309817503491013	0.26326904634462434	-0.2937291058553412	-0.27396329344104214	-0.03046005951071687	-0.03223305662877811	-0.283466676896988	-0.04049436351122308	True
54976d323870a92e3c46a17ec9dfd1806adfa29c4f8a2e7098aa7120f1850144	product_exact_summary	product-3x5	0.6000044874441504	positive	0.14527801425374304	0.15143363272498067	0.22019685865483418	0.2205696357316913	0.07035916985265189	0.06913600300671063	0.2280176798891776	0.055062448303718314	True
577568d124651247ad4105ffe65ae884142e7ae915e07e4fada1314b6e144ed7	product_exact_summary	product-3x5	0.07557026704004714	negative	-0.1085463793787112	0.13192574469721724	-0.17249436564564136	-0.17425874905899197	-0.04233300436177473	-0.04459839311178103	-0.17245909479559557	-0.0542598637710273	True
58427896266285414ab9e4b343df7bf456ad5b2845e78d0ece88d6a5f0ac12ed	product_exact_summary	product-3x5	0.6224012462590391	positive	0.1327775179307028	0.24741557814203846	0.25043043570352197	0.2523112285078822	0.015124600157883639	0.004895650365843718	0.2568679283106938	0.023756989227330272	True
587ea235a98b8f7092781549d2f47874448ed0f40e9fe2bd053a75a29d028d3e	product_exact_summary	product-3x5	0.5458375271952104	positive	0.15655065731899204	0.1319451775297853	0.21905799957142008	0.2247991464464461	0.09285396891666081	0.09404331506656399	0.22944454230436395	0.07587687913709817	True
598620e6e5e8fa10deec2421abe01bca829447d6887bf275b2125f5489176ca7	product_exact_summary	product-3x5	0.4804889961745315	positive	0.10761520078977485	0.03725005714915203	0.12222890429417854	0.12052843473103253	0.08497884714502651	0.09470196684851717	0.1275466062720635	0.04864977002974069	True
59ef80dd787bf999ba912e1a60499e8ee2b3bed78b6a2be55f1dac67d3e7311c	product_exact_summary	product-3x5	0.12951191245485308	negative	-0.10119033100011728	0.1826451204426999	-0.18950191655505647	-0.19330304046093752	-0.010657920018237621	-0.012878745445178086	-0.18655622432752147	-0.02581872968991869	True
5af86a6eaefe98e79b781e87457f766a9e7dede237c71c26731af7763aeb1ef8	product_exact_summary	product-3x5	0.486144973060397	positive	0.10429908392938947	0.15449624443554832	0.1755590974117462	0.16952430343428465	0.03907386442449429	0.021062852976197866	0.18255728184747233	0.02907716447884018	True
5b1d14e8d0d5ba2c5afdfbfba551beb3ed330c8924f93e0243e165c1b784093b	product_exact_summary	product-3x5	0.7398376389757804	positive	0.20859476941840177	0.11817747974256337	0.2595340547449544	0.2599638828940097	0.15765548409184915	0.1417864031514463	0.26770696825051454	0.15239529360165405	True
5cf15292a77133bc7c83cbc8286a08d8cb1e85bb3bfe21096540f6eacde135f3	product_exact_summary	product-3x5	0.5066461589563095	positive	0.14247493548489304	0.1454361649315427	0.2160881817910147	0.21416004252742593	0.07078982844236015	0.07065201685947198	0.2213304874867692	0.043344126998018484	True
5eaf9e327280ff3337aa63fdd834c03a5b4660e1f972d510ba97b278c7860a02	product_exact_summary	product-3x5	0.061531336084521535	negative	-0.12178596459823793	0.20556265427954717	-0.22306060494060975	-0.22491038646632305	-0.020511324255866117	-0.019347732186775893	-0.215084223077056	-0.021346384064958243	True
6078fec10be573a4e83933fcc9282580dd887db681770f0332a28f9cd890fe67	product_exact_summary	product-3x5	0.564177841893998	positive	0.21513392440955093	0.1737143620388345	0.2954597987999894	0.29503584384077136	0.1352320049783305	0.1217454367611549	0.29906080325369316	0.1061200140364626	True
638250ac3c96dab3dbd2ed783bb3c9a4dfcfa0504014bb9cce4bccd96f9b4100	product_exact_summary	product-3x5	0.5717413240216079	positive	0.1605276487656234	0.1483323490572372	0.22919363204659138	0.23007657806446008	0.09186166548465541	0.08174422900722289	0.23700572335884318	0.0837644670133339	True
66385386cea008ef21e1c124c1afe50788a68409bacff5abc79f80d59c68f609	product_exact_summary	product-3x5	0.5113614337536857	positive	0.1893149184363989	0.11110982742801251	0.2346060647612926	0.23854586038694903	0.1440237721115052	0.12743603295893652	0.2433615955258132	0.11231298525639544	True
66b7051fd8ad48cad9068b7ea861db0f9e4ceec1225cb97dbd92f3f60c4df634	product_exact_summary	product-3x5	0.17010419932049056	negative	-0.10048430496917396	0.15158411473934832	-0.1768763416131405	-0.1739121200715922	-0.02529222687379218	-0.027056489866755712	-0.16998970686465062	-0.0348478784513325	True
6715170a27f46db02261125d16cd6c52c0402af20b1cea53ff25931208458017	product_exact_summary	product-3x5	0.5670813097398006	positive	0.15749377491331829	0.13951948751307736	0.21756217007825673	0.22070732915661606	0.0811878416435387	0.09742537974837984	0.2257118560630028	0.08997802156662077	True
6886fd87f2e4b7c1bda6a8885850aa4e9d291d4933542f66472d3f9c72bc2803	product_exact_summary	product-3x5	0.11557622493029585	negative	-0.1572088794462621	0.27618109538287083	-0.29531854374177435	-0.29515298920144634	-0.01913744835890349	-0.01926476969107785	-0.2876102594029575	-0.026413448737907463	True
69708f9b97240de8a5bc87934fcfb72e4bc1a075d48b61c85b0f57cc8fff9994	product_exact_summary	product-3x5	0.07485323259129077	negative	-0.1324225593096304	0.26111018010348214	-0.255217210635476	-0.26596124257345105	-0.0048510624699689	-0.009627907983784836	-0.2588021774707699	-0.014014580923152775	True
7164ed02bbd4ab0f53a10493422ff4023b3333dcd00eb9bad936d6863f41a48e	product_exact_summary	product-3x5	0.13810629570494934	negative	-0.1624220532868209	0.1316359580412524	-0.22090182730772476	-0.2255990589516094	-0.093963100910357	-0.10394227926591709	-0.2174890043403547	-0.1177338831888439	True
73112c8dc25c0c174b53dbd415ce79850fea76bbe3d34cb70d567c99258646c1	product_exact_summary	product-3x5	0.4588120375888329	positive	0.12650004288064823	0.16222721404193563	0.20267462699040628	0.20548303319531652	0.04325581915338089	0.050325458770890175	0.20870364049686052	0.0264647454940915	True
75df6eff35ac3700a01f21110ee6593e4f49da99b01ad0449af16cbdb6614902	product_exact_summary	product-3x5	0.09394991058253954	negative	-0.1362838331695771	0.19931814556674657	-0.23385954803246833	-0.23481878390223093	-0.038708118306685885	-0.035500638335484364	-0.2292462591602754	-0.0472236851256074	True
79eabd2978e51d5bfe5b2b031806e1c096ac202c4ea57612420ecfc38bca9db1	product_exact_summary	product-3x5	0.6153581980488072	positive	0.11710813295574238	0.16333045498277654	0.1921522579876599	0.18943853565030028	0.02882180300488335	0.04477773026118448	0.20139789951013615	0.05429962722436077	True
7cb8b240c05e8b22bf5521faff4de2c4704a03fbd93f52a06b351db4b074f7d9	product_exact_summary	product-3x5	0.22896970251055127	negative	-0.11448690631748304	0.11339247354743959	-0.16867124566205038	-0.16999045652811773	-0.05659798298067814	-0.060302566972915694	-0.16200152348634367	-0.0761888885448112	True
7d1dd8e56f2c00516e4cc661807d3f58c0bf2e2199e0fd2c41f4309b2f49ee5e	product_exact_summary	product-3x5	0.5458291620171154	positive	0.12521088455364335	0.18361701354562127	0.21439397122513387	0.21720569373892235	0.03602779788215282	0.03358868019330108	0.2208244119668903	0.0400280828334133	True
7d30434a3fde378e364f7c10ceafcc85bebe5549ea847596199882dc4735a3d9	product_exact_summary	product-3x5	0.2182135538560248	negative	-0.11664471244204949	0.04585622823385771	-0.09891555476080338	-0.0930920423823916	-0.13894827061624931	-0.1343738701232956	-0.08870640147076875	-0.16908353286094802	True
7e2dde5e0987cf76532e762181bf8da15b738a3ffe5de885f1e3510843b63f30	product_exact_summary	product-3x5	0.20203541960510962	negative	-0.13850081579142018	0.04135686286270823	-0.1584222887787608	-0.15788514236518558	-0.11911648921765478	-0.11706542591605257	-0.152244169002611	-0.15654411968520315	True
7ef92805a80bcdcbf9d92f40c401d85d6c3e134cfc2f5feb2956a86d99c81b4b	product_exact_summary	product-3x5	0.6192991030357402	positive	0.2002811072001618	0.18134607664726043	0.2930043261741354	0.28453156325125795	0.11603065114906563	0.11165824952687498	0.3001182914069901	0.12569753492021107	True
7f8df6e9e0baa650929c8394d54e884b743ad504f0cda503d49122a234c606a1	product_exact_summary	product-3x5	0.37340270646666307	positive	0.12366086113793516	0.14073413643253604	0.18925546485541858	0.18666474848358358	0.04852132842288254	0.06065697379228674	0.19251037292732906	0.03504116206115415	True
818b49e3841efc5528af60bb4e6cd97e4452374beb4e5d3637bd39bf54f630e0	product_exact_summary	product-3x5	0.5076360880180485	positive	0.1542561139315235	0.22420856166300374	0.26477807254122226	0.2649378727576691	0.04072931109466538	0.04373415532182473	0.2722766314579908	0.019170348082059363	True
83e853fa04c982eca85adb43b03acf5d1b7277e1d2006499bf7e4af270d5ed35	product_exact_summary	product-3x5	0.09793684622693347	negative	-0.11452825374157735	0.09852631849624363	-0.15675055264101204	-0.1572059219477309	-0.05867960345148726	-0.07230595484214267	-0.15009979536973733	-0.07284027610773414	True
84cb2ad4bdf82879e169cb3f04f5c8fffaa6bc7ea41d31ca44fcccca89dd982b	product_exact_summary	product-3x5	0.7650778325167292	positive	0.23701294039649629	0.21262400037516033	0.3368974737018742	0.33856239671431804	0.1371284070911184	0.1259383963391577	0.345973169203057	0.16191484071002593	True
87476fea0ec65f494f1656605403209255451a0d4b11a6e8c7bcedb404d2f8e3	product_exact_summary	product-3x5	0.44730525537446786	positive	0.11950212165280621	0.10911118550043819	0.17512233557710116	0.1725278629796027	0.06601115007666297	0.06647638032600972	0.17806677122361836	0.04634343798327789	True
877b7c78b039c93faa774949c6b63b9fa166fdef80b403f04ed14014bf45e857	product_exact_summary	product-3x5	0.14595867010044014	negative	-0.12177270407826894	0.1269447726592703	-0.17813206053735378	-0.18953554674167353	-0.06259077408240324	-0.0654133476191841	-0.17112166858594344	-0.09187732573920113	True
878c0aba372a34f156a48ee01ccc9376fd67f7ddc1c8cbb7d3409b5f7624c0a3	product_exact_summary	product-3x5	0.6133530754945056	positive	0.14681059755103906	0.18445740516093273	0.23570555838140123	0.23926616983376608	0.054808764672833354	0.0579156367206769	0.2451348951137921	0.062067851100509164	True
87a2cae9926cd3729d786fdcef38d0b6d1db8d0a71878add153fa67794941342	product_exact_summary	product-3x5	0.4515635201124549	positive	0.11992479534825315	0.08216960747797569	0.15471336280362818	0.15623722664385536	0.07406761916587967	0.08513622789287811	0.16219953210253896	0.05062530848266489	True
88e00bf071f4de9718d541f67304e8a37537c83fb07a36e2e4be5fb1fde35be2	product_exact_summary	product-3x5	0.5102981922234986	positive	0.11377595647418257	0.16689248900809034	0.1884131358173089	0.19488217875866498	0.039138777131056235	0.027989689750574642	0.1998724306199986	0.03701075846344343	True
8a9a47d0ce9e4e1a5f617b65fe14216508f93461a0ff5baefa14334eb78558d2	product_exact_summary	product-3x5	0.5139389838512545	positive	0.11043273530862419	0.15100479229582653	0.1830591040012165	0.18257217396299585	0.03205431170538997	0.03829329665425252	0.1898675865844272	0.045975873583487814	True
8e2cadcbb7729bb7a5743a22eba066eb292e594b359f32639adb026a69597654	product_exact_summary	product-3x5	0.5605014302074214	positive	0.1412881921059137	0.12594072866983302	0.19698924529104267	0.18720629929250038	0.07104851662120965	0.09537008491932703	0.2057686437048148	0.08044012336867712	True
8ef1e7273a248b4033877a0b9e51014aa2489d02bf053af012324e9999ab0be7	product_exact_summary	product-3x5	0.6213204241930395	positive	0.10425631150881806	0.16438078832232372	0.17552940169198855	0.17604412924421264	0.01166334092188892	0.03298322132564757	0.18344370870996474	0.036002808178273504	True
8f40aafff73157d6068a3d9468ce63435bae6fa75fa72a9e298d187a94e6e615	product_exact_summary	product-3x5	0.48740310551246263	positive	0.10121125127195388	0.11673002784821196	0.15575645771341512	0.15810182358369645	0.04666604483049264	0.041371795735484496	0.1634216471109226	0.05250142109450495	True
8ffdf61af14afd2a678a7305ca58f6fa5ce03e7451451f8ef3fc35c31cefaeca	product_exact_summary	product-3x5	0.70933609897661	positive	0.2236435718572092	0.25546979400920117	0.35140256615479887	0.33834872309635206	0.10893842061806636	0.0959327721455977	0.35984454607901295	0.11321528646765855	True
911a56527b8f993eb72f16f5e404cb6376812075ef810b178c58920810215a60	product_exact_summary	product-3x5	0.10713016721766677	negative	-0.11898068463274458	0.12442848323875325	-0.18011940392102854	-0.18010524298030983	-0.05785612628517933	-0.0556909206822753	-0.1742102354550948	-0.06309397468465322	True
938dedf9dcd1505aa12aa46dead4be297592dc15df45a933735dceca2d86bca2	product_exact_summary	product-3x5	0.3162523363223626	positive	0.11818898261945722	0.1907834100480027	0.20566840778767717	0.2189711480518861	0.030709557451237268	0.02818773800388341	0.21996806057384538	0.023112511289679005	True
93b64483141f76d4ada5a487e4c2fade8c89c4c5b84d80f9d39a089f3338bc86	product_exact_summary	product-3x5	0.5811430910629478	positive	0.17542866566864995	0.10979411981547116	0.233037763419515	0.2242200358019107	0.12663729553538922	0.12324364360404383	0.2393184722211219	0.1176389874957341	True
944146f70e0291671ed357cab4bb18a6a8190d6db63e7848780b2371f313a674	product_exact_summary	product-3x5	0.512858823563159	positive	0.1305159433245595	0.10908077515852921	0.17003085606687834	0.17397722978936642	0.09100103058224068	0.06489645463083721	0.1794080956314391	0.0750211302023942	True
968639131e3c0af6aeb69f28b91911f436440a1c17ea4b1c063dda63f4a23d18	product_exact_summary	product-3x5	0.550425300772447	positive	0.1425658120017054	0.21692734589065105	0.23203346462783425	0.23577881129558492	0.05309815937557655	0.018851465404933876	0.24329344858590474	0.052903999198002816	True
98c8babb548073763d55135de6984660b6eb7e7541fd26bf447485bb4d97151c	product_exact_summary	product-3x5	0.659821580199063	positive	0.19163472325752925	0.24282729385995477	0.307120305086846	0.30447626629309715	0.07879318022196136	0.06429301122689124	0.31198521648041533	0.059903494088655695	True
992f9685ea5d61eb06ffba704955e62a44ab14885cd2cc52aa31ff0cc74b2017	product_exact_summary	product-3x5	0.12483655312129081	negative	-0.11406098491264663	0.20434558693050858	-0.22109072932529678	-0.20925298479165916	-0.018868985033634086	-0.016745142394788207	-0.20982673713620986	-0.030186913967706244	True
9a5f6bb8e14d8a2f8bed464aa27079b31cbbeceeab4dd5f6dc91a7e26b32c874	product_exact_summary	product-3x5	0.1725453936591189	negative	-0.10341699748029339	0.16146118148235716	-0.18525235979275792	-0.17727788641250766	-0.029556108548079107	-0.023791178310400757	-0.1765731970458361	-0.04462223613208818	True
9a9253987aeb91d804be5464cd16cf4eeb423c8a62909f5068fcaa77897bdca8	product_exact_summary	product-3x5	0.21146640426470636	negative	-0.11266151389949947	0.12429006124337172	-0.05414290673290767	-0.054253368142245684	-0.1784329679762794	-0.17106965965675325	-0.04918456018687789	-0.1958994071510109	True
9cff2f2b7b4001e83b142be5c61a4ff04908259dafec8440f1aa4191ee308ae5	product_exact_summary	product-3x5	0.5490230248636337	positive	0.1331315368759522	0.14888842914603861	0.20318003509547183	0.20390526121254066	0.05501683206650204	0.06308303865643256	0.21112102613592876	0.05388129809149966	True
9d13c8da2cf4f35c3af98b503a5a388717c7a2bd508fa9c275cba591fb9d8acf	product_exact_summary	product-3x5	0.5551445066805107	positive	0.10329955771551697	0.1563780467583687	0.16619260569156868	0.17301843996325955	0.040406509739465246	0.016640393204890858	0.17326371556550252	0.03296104111435927	True
9f28a81c3eabe00485e039197579c46981cb25feaf10dc46df6ef8a77550404d	product_exact_summary	product-3x5	0.40964064493378033	positive	0.11467444487265704	0.05194531957721421	0.1380678935783074	0.13764676706441792	0.08612257400109319	0.09170212268089617	0.14432722004451137	0.06265271602443662	True
9fd76d60ed5ea7d7e7870e034af7046cc906d7df1b21e4a28793eae749cbdc8f	product_exact_summary	product-3x5	0.7403909554733921	positive	0.20087894929457176	0.29304505022011074	0.33808305343530176	0.33652003304617145	0.045038003215191025	0.06523786554297206	0.3452559861959604	0.059768949880893096	True
a275d72f5c529b4677f6897b944430af4e70c7322551bc90d77cc44171ef8f52	product_exact_summary	product-3x5	0.5343106681057098	positive	0.10384095722332767	0.19872317264080908	0.2002837013515385	0.1950392255208992	0.0015605287107294252	0.012642688925756151	0.21126326180452826	-0.0003789786331400702	False
a39eff631130e8191d6ce820314564f5bb3c5f3b28567c5c99b2f040ad2dc259	product_exact_summary	product-3x5	0.38873868754934704	positive	0.10113031004106468	0.15576580385593536	0.17366142272219304	0.17477120137681906	0.028599197359936324	0.019005397520883704	0.18074383552418846	0.012463626492408508	True
a76627f69deb988c90a97853535f5b4e632e6aef7cd42721074f2f3c8f78bb55	product_exact_summary	product-3x5	0.7409027829666064	positive	0.1708044274345119	0.2835295367662958	0.30748226067188855	0.30675920866316086	0.03484964620586295	0.023952723905592777	0.31321861474510987	0.05301409990903139	True
a847845edcb6b353beafdab1aa8c5e5645ba9c05342244c39ad2ea5cd4bdc70d	product_exact_summary	product-3x5	0.09488563793333064	negative	-0.10324604374158142	0.19937469744566608	-0.20270322538668756	-0.20291668366850513	-0.0035419862228390497	-0.003788862096475276	-0.1954307573530059	-0.004764501751102976	True
a8c6e25662ab028844f42ebd429d80b92b90907d7889bc03f832f6d3ec902b31	product_exact_summary	product-3x5	0.24696429355967892	negative	-0.10083431996134146	0.07067568266888175	-0.12265980154666761	-0.12362460457327612	-0.0790088383760153	-0.052948921904394375	-0.11508207742234572	-0.10035859275698722	True
a9fa1d89328730ce7c8759c03eff6561c4b5413479bc5353ba28780cf253668d	product_exact_summary	product-3x5	0.5896613936056571	positive	0.1080984516365669	0.1826754109520124	0.19671884201687173	0.20194132702357054	0.019478061256262058	0.019265916071558142	0.2088575688176243	0.03249123922157193	True
aa22184097f423bb534ebfac1bd19e917d7f2488350f80696bf8a377d423ad7c	product_exact_summary	product-3x5	0.5391938004057043	positive	0.10984169483940084	0.17364969735748792	0.19502739415699433	0.19500246824214623	0.021377696799506407	0.024680921436655456	0.20241723376317056	0.0218872695745278	True
aaca57c15208734b76a1a3d68166b06e1c6875bf98a3e3cc8423c34d739bc72b	product_exact_summary	product-3x5	0.6105698541982421	positive	0.12380281613775285	0.22295093349317913	0.2348965991189828	0.22676595227079221	0.01194566562580368	0.02083968000471348	0.2424337401632855	0.016415681445879238	True
aad1fdaeb0e6bdea127ba2fb690c73529436d75da4924e8b3400549d07526754	product_exact_summary	product-3x5	0.7163972208947439	positive	0.2431824060270816	0.17521912343942153	0.32740839943656946	0.3292938675305877	0.15407474409116617	0.15895641261759375	0.3347504334889274	0.1674737191233323	True
aae0c8903e3a0feb3cdfc320d9be7a2194c6fcdde50427c7055a17f9135dab40	product_exact_summary	product-3x5	0.6535156732326673	positive	0.17255491617279342	0.14785855622969823	0.24174665701542847	0.24304905766870244	0.10336317533015837	0.0951905014390042	0.24885481257659947	0.10587229455599279	True
abf0e16198ce4ef70203eac6a37fdfb90a18a86e5b11802345c919943d8e99d1	product_exact_summary	product-3x5	0.5967377745500035	positive	0.1453052487507277	0.18303049657449943	0.23671428269618078	0.23060353516634124	0.05368378612168134	0.060006962335114156	0.24463370158163034	0.06813885674012532	True
ae8ea99450725ee45933955696f27d5b3b42b872b2e9747cc0b2afcf43563d59	product_exact_summary	product-3x5	0.5264911819149946	positive	0.17650104426384178	0.18010097107175488	0.26462058686373646	0.26214948285563006	0.0908526056720535	0.08451961579198158	0.26933519779800613	0.09698039752099724	True
afcc092ec46176b1e423b83f2e9cf4ea7805641156b00dc8afcb009376c379e4	product_exact_summary	product-3x5	0.32753159472945537	negative	-0.1256666095309831	0.10714481626498068	-0.07682024263049797	-0.07424829128756266	-0.18139310755254334	-0.17451297643146824	-0.06832726596366556	-0.1643206554031862	True
b0c63bf650c0b7e1435ecaa02640eb9268d08405cbc59f76408d98837700b745	product_exact_summary	product-3x5	0.431658823741456	positive	0.11628743626424393	0.10475586583256546	0.16101215901019256	0.160191330388949	0.05625629317762709	0.07238354213953885	0.1662287356311632	0.05197875076266162	True
b182f174d2a836b2a6a59ab120b83462a5a88af5e6359e64ca52b3ef3b4e5c0e	product_exact_summary	product-3x5	0.5981606347187862	positive	0.13349601271757153	0.22481699281560724	0.24452641148171833	0.2459594477537031	0.022465613953424723	0.021142454938095856	0.25251095571981186	0.02437034995089349	True
b303c43a918462aab504d26eb59c96f401740e801d1b211420be0bfd3b28773d	product_exact_summary	product-3x5	0.4655918817518954	positive	0.13127929854684092	0.17253472405170267	0.20460722418585608	0.20428827286196133	0.058270324231720516	0.032072500134153414	0.21218920833174637	0.027242677309767704	True
b43fff8188b1de150fd5a4f1fd30bccad1585c97213b7df233b1ccec590cfcba	product_exact_summary	product-3x5	0.6410432419027595	positive	0.12583658650653695	0.2136762501758317	0.228419803945076	0.2283634926055471	0.0147435537692443	0.02330968040752679	0.23600560885707206	0.02262737284044225	True
b47ee0b51a6b1799e0ddff827464e5e09a2889f3b0b0f17858f69a19215263b3	product_exact_summary	product-3x5	0.6063204067990255	positive	0.14293273022848027	0.1668288303090687	0.22437719722027222	0.22673808013722707	0.05990924982815837	0.06148826323668832	0.23291536483225256	0.06691264594253521	True
b6f866bc82556586c9d520e432050070482a1163afadc020d451784ed59d7547	product_exact_summary	product-3x5	0.10796535806869996	negative	-0.12225005565287825	0.18445265308008413	-0.2113742475724253	-0.21641764522375334	-0.03196499214366923	-0.03312586373333119	-0.20965475073461132	-0.04690715871008945	True
b753458096947986f0c4b08dee73bc7c18b6d78f5312c1176ffc872ad0ca7037	product_exact_summary	product-3x5	0.26075031220447786	negative	-0.11897435918980587	0.0981168405201967	-0.07106784252190723	-0.0700416532367788	-0.1681584937569755	-0.1668808758577045	-0.063876759290454	-0.16254052983255507	True
b97d3ab2e54335c49224892a8c29ec2e2ddd16e27e662d8b7693cecb2f022ef6	product_exact_summary	product-3x5	0.6554022445980585	positive	0.19525569462194436	0.1489691358823284	0.26813004896002446	0.27091169879693067	0.12194256291460226	0.12238134028386427	0.27705946053851727	0.1283642670720152	True
b9e9470a9a264db17945c5a8bff6fd7fab80cb7a67451d0cf4034f40314116a5	product_exact_summary	product-3x5	0.09834992812340691	negative	-0.15528161620160144	0.2660160777908869	-0.29111024151106857	-0.2844257521849739	-0.026137480218228995	-0.025094163720181722	-0.27907693994961247	-0.0318922690707104	True
ba140443e8bdc96ada1bf0fcddebfb5bb1803a4a1390c3790b1101e73e8a4411	product_exact_summary	product-3x5	0.5505688858303631	positive	0.13371616918652732	0.13711190818809849	0.18962970694948855	0.18669455630160325	0.08073778207145138	0.05251779876139007	0.19320769887083966	0.054209595386506604	True
ba261ee539860c0d2e25b6cb1ad0d4c320cc2f22dddedb2a8f283b9f7b8e77ba	product_exact_summary	product-3x5	0.27180585745186897	negative	-0.12888548531998803	0.03136248561606664	-0.14283097793106558	-0.14207802016784404	-0.11569295047213202	-0.11146849231499895	-0.13684767266957748	-0.15215143786108737	True
bb3754647003424b25eecd362ffe1c4d372b9152203319527f4eff96b8c2a2f5	product_exact_summary	product-3x5	0.7377681743053189	positive	0.16946300044741525	0.24685769910564836	0.28377178180830387	0.28568797460971673	0.03883027550406837	0.055154219086526624	0.29385854840482517	0.06103329863509399	True
bb3e5df437484bf5b8ac9a8959f7490b2e14db2914e090cf823f943879446013	product_exact_summary	product-3x5	0.43902919942105045	positive	0.10258120270355753	0.08095729707355337	0.13998149422847894	0.1393504442249735	0.05902419715492557	0.06581196118214155	0.14537676648752196	0.04720443384884815	True
bbbed89c2636ccafbcb930bbf6c2d090642baa984159f1cafa6869dec020a997	product_exact_summary	product-3x5	0.6960159666735553	positive	0.1750660803218951	0.2788907697160955	0.31166382608146664	0.31534009995795287	0.03644933024185737	0.03846833456232357	0.31923803310647353	0.030280398076855786	True
bc362a6be67c47e70aaa4c10c83c8c57486d44f7514450afab9f28028de3a56b	product_exact_summary	product-3x5	0.16143371668999915	negative	-0.12587478578376154	0.13505619015354586	-0.19041749439191427	-0.19101279118812095	-0.061332077175608846	-0.05595660103457509	-0.18264987710704858	-0.07945039397473996	True
bdfef08b499a5c5b1b35932fee01990ab46358e74dc345778672f7e5fc8e8d2c	product_exact_summary	product-3x5	0.5285023154224664	positive	0.11862667204725985	0.22078913718438092	0.22337952480823486	0.23099856144226466	0.013873819286284839	0.010209424257883737	0.23515988863565607	0.022312707230917384	True
bf2f5ac1a9313ea3cd5ab5b3ac238fe7cf328a51003acf737692e546f6df6411	product_exact_summary	product-3x5	0.11951319220329058	negative	-0.11952468162310442	0.07458140860099587	-0.15216713825324157	-0.15301531865976176	-0.08688222499296726	-0.07843391005876589	-0.1457170326954309	-0.08982671918515735	True
c4b8ff517df23489d96eb644ff91ff105bdc6b55bc6ea3293ee6be16c3403885	product_exact_summary	product-3x5	0.34572236840644216	positive	0.10129895000315248	0.15966991001047645	0.188321545930872	0.173681005497193	0.028651635920395546	0.028916894509111946	0.19055883151440967	0.005408878996630451	True
c9254b8e7ba69dabc5ffb357158b3efbc0a874354505271c8b77138fcf42b0f5	product_exact_summary	product-3x5	0.6823600001341196	positive	0.21512037266171752	0.1967506572291478	0.30465009532563675	0.30257735627160487	0.12766338905183017	0.10789943809648894	0.31062107451429366	0.12039313181952593	True
cc8587af5a140d1a0481a3a1d9aa47e8eb1e36f5df60fe0ed67b04a28fc499cc	product_exact_summary	product-3x5	0.5945999519494253	positive	0.10388719885275141	0.144373689142413	0.16722989232812352	0.16807522657173524	0.0405445053773793	0.02370153742932224	0.17460642966506001	0.02636726103345577	True
ceec0ce74576de113a4b1e261a7e14eeef6471131568067ee3ff6a845ed913b5	product_exact_summary	product-3x5	0.08194676052729266	negative	-0.10081885284004344	0.12554673127068405	-0.16354429506113727	-0.16331136989552553	-0.0379975637904532	-0.038326335784561336	-0.15619552119631247	-0.04365122121796078	True
d0b7baac69bb56b7d5f82eefab863ad44087553c1ea04c6309a9acb2c671b310	product_exact_summary	product-3x5	0.5813969838191129	positive	0.14090630947684185	0.1291890981339226	0.20660710644794572	0.20019119927770374	0.08162141967597997	0.07741800831402312	0.21345980518010926	0.07097932391074335	True
d23b09fa5e66f332a5f90bc7e2cd1220da5177950538fc314d9fe402e42dd06b	product_exact_summary	product-3x5	0.6789555998410612	positive	0.19337540385195406	0.1679695650109979	0.2633299388235679	0.2667534823713795	0.09878391736038161	0.1234208688803402	0.27160333220141286	0.11625687664701667	True
d2501fa8055432f8d017b2d7a43e188db9e4308399fa9d07a7875afdfbcaf246	product_exact_summary	product-3x5	0.6172374572138928	positive	0.140340170249189	0.11431786392030385	0.19634558435279192	0.1972958890781702	0.08297802515786634	0.08433475614558605	0.20551297266430968	0.0820586524779886	True
d29152f7599973b7e422f49df5923d1b1f8d104e170a4fe6caf9b08cb2986a51	product_exact_summary	product-3x5	0.5295883549211775	positive	0.1161906416370958	0.17610094011612287	0.2008354928898211	0.20167209194843538	0.0315457903843705	0.02557115183231251	0.20805742205557853	0.028298780530788603	True
d2a3f907059d46975de164e82ce020b706399f94c523d66208583d7714938969	product_exact_summary	product-3x5	0.11826230833954277	negative	-0.10455140311351487	0.16427250048472364	-0.18495617842539502	-0.1865031465997597	-0.022230646115036057	-0.024146627801634707	-0.17797223778503624	-0.03486264991562038	True
d2c674ddd14a3384b379d40dcf4497289a1aae95047548971063a87cd40a1a2a	product_exact_summary	product-3x5	0.13593374836737349	negative	-0.10656375561072755	0.1710178668104414	-0.19262654543780278	-0.18609308136654018	-0.027034429854914915	-0.021608678627361377	-0.18569624865547285	-0.034554340688936175	True
d4b4d3a4a699d5c090be56e4b3a5e97764fdfad04519d1fdc15df0053c4d7fea	product_exact_summary	product-3x5	0.21357796333097645	negative	-0.10403229074219825	0.11105481717081483	-0.15214623877104638	-0.1615066668949554	-0.05591834271335011	-0.050451849724140574	-0.14684766958860979	-0.07653308687233568	True
d9099ea95648e0b638a478ee1a6786788142edf499d698cb650a9ba63f1226c6	product_exact_summary	product-3x5	0.6223285370530153	positive	0.1430488333346965	0.14363916022438666	0.21115176208086434	0.21135420360831253	0.07494590458852868	0.06771504338392587	0.21996805335874803	0.07818966623931634	True
dbfd30d007f2b5a146e507f5765cf73271929d9908d11afc0e132d26d91343b9	product_exact_summary	product-3x5	0.5801604317749893	positive	0.15116722786501965	0.1429740166863201	0.21955168669198272	0.21995637007958696	0.08278276903805659	0.07698235339326687	0.2271998344309632	0.0945627043934309	True
dcdbe0670522b8344fe25392802c9f2c9c08534faf7a3e7f72544d777a341d0e	product_exact_summary	product-3x5	0.07257443091730804	negative	-0.10544273824321398	0.1851340012035596	-0.19781961040799173	-0.19676460209471802	-0.012685609204432138	-0.014120874391709934	-0.1929001097728601	-0.018062171912184274	True
de783123c724f33c5833393de563512d7bc4d9b2cadd6de882c5ba637b5a4781	product_exact_summary	product-3x5	0.12645240698910515	negative	-0.13739002314633264	0.18719703032251114	-0.22756120953522951	-0.2281975961973694	-0.04100056587485826	-0.04721883675743577	-0.21964956605770375	-0.05685456956304871	True
e199d5254e705123a608bbacfda42930f1a4d3961930e382838042d8f57a59c5	product_exact_summary	product-3x5	0.0163142933683124	negative	-0.11397044710789822	0.22445783243178682	-0.2265729172136157	-0.22336335720171405	-0.0021150847818288583	-0.004577537014082391	-0.2108349609519731	-0.0031587003450303554	True
e3dd36f43d16ca184ef64bf66d0caa712229fd551555d586e12f40242c8a4967	product_exact_summary	product-3x5	0.5632945247403672	positive	0.12182966015453056	0.20357314164044626	0.21907114781574843	0.22079879082965748	0.024588172493312688	0.017225649189211212	0.22614443675207502	0.022607378077167506	True
e498046c220d5cb7cddc00e7910754f3283595018b5ca92902fa024a15f141fa	product_exact_summary	product-3x5	0.16626691964650542	negative	-0.1367981264377788	0.09063162557406143	-0.16977105951950555	-0.1704071120354111	-0.10382519335605206	-0.07977548646134966	-0.16412901499962362	-0.1123102716517479	True
e7c901982104f6be7f4893923e1d0d5db2a042c7a1cd273e8ad6fd828608d46c	product_exact_summary	product-3x5	0.5994856077248989	positive	0.13104917198105454	0.16029368076601597	0.2036478948716109	0.2030398368936095	0.043354214105594924	0.05905850706849958	0.20949891186962588	0.046302864130694066	True
ea93909d2640e4f457fe1751129b01a2d3453783abbc3aaa7889d85f3a62db28	product_exact_summary	product-3x5	0.20091629579108136	negative	-0.13927545720683615	0.13179168506328254	-0.20302881626326266	-0.20399350143494108	-0.07220181637165854	-0.07552209815040964	-0.1949404312238802	-0.08866102244423416	True
eb10ede92bf469940d86c3add65fc24020e614941523070c9acaf49b48ea2cd4	product_exact_summary	product-3x5	0.5696192296304554	positive	0.12256040430057374	0.2008643285155819	0.2188494914303285	0.2197158214272601	0.018851492911678203	0.026271317170818986	0.2252684817749383	0.03300631375782004	True
eb2c93339961f9ccba69764d51491b40ce11e10723589da3ebc7fe47d358377e	product_exact_summary	product-3x5	0.5342490753136943	positive	0.10140951920459024	0.1898224677452165	0.19009923309768295	0.193021410740299	0.012719805311497523	0.003198942995082499	0.19785383203831125	-0.0038459331046137857	False
ee91b8256bbc4424c36ca1c42ea7697b83c5de61c820d6af8ab813d995e72383	product_exact_summary	product-3x5	0.5616506812899782	positive	0.11613334914163878	0.11928008055518835	0.16973011565520246	0.1718810159896742	0.05260093543448585	0.0625365826280751	0.17723327312986004	0.04888495064886622	True
ee98a55afd997613cbe0be8890090a40458f68019c0b5f8d0436ac3f242eaa7d	product_exact_summary	product-3x5	0.023123362167245712	negative	-0.10566254773576428	0.18137814084825662	-0.19671730101230944	-0.19462645459299277	-0.01533916016405281	-0.016698640878535773	-0.1830914102006196	-0.017093262015148526	True
ef3c340910b486f0ea8f9a5efdccacd7c4dccd520598dfa385e5957f913f0df0	product_exact_summary	product-3x5	0.4347281467219484	positive	0.14705516381368783	0.20215535141154656	0.24477442597051324	0.24173821451831765	0.042619074558966685	0.05237211310905804	0.2471356008412023	0.018171482136188466	True
efb9e5f3e2a6d54a7baca5cebdb0d35057e2c5b0b5d69be9d3222aa2d7293c7d	product_exact_summary	product-3x5	0.5827146268560617	positive	0.11191712422084496	0.20320383358366967	0.2072523300073182	0.2141372971688552	0.010933463585185543	0.016581918434371734	0.2204257005990053	0.023634764977670364	True
f14307a02b2ba46a995078cb3abe0374e649712109b7a5714500f7bc7df7423f	product_exact_summary	product-3x5	0.23375148131304666	negative	-0.11995685627627925	0.017029606934663655	-0.11246965779201909	-0.11244552078511369	-0.12947512771977734	-0.1274440547605394	-0.1059637350125022	-0.1543635535315703	True
f2517e8cc8695356c4d0b51b24a7a0ff5dc86e2ce7e4aeea0be53723b2f6466f	product_exact_summary	product-3x5	0.5813023709947707	positive	0.12121079600347673	0.06608200561644179	0.15054913274068327	0.15421779561279814	0.09187245926627019	0.08813578999635635	0.16001290781699457	0.08589846981686294	True
f33ad1212efba1df46b4b86c3ec81ed8fcee1ada5d96e4ad5a867e4789f19d86	product_exact_summary	product-3x5	0.1929134889957219	negative	-0.11488356853273027	0.06372510701724304	-0.14290166099214344	-0.14204602013712445	-0.08772111692833609	-0.0791765539749004	-0.1357799328263318	-0.11944755210122718	True
f704ba89d3c7fc726e44cb93b23520bee119a2c47c1ee93c2206858661b6ef40	product_exact_summary	product-3x5	0.05618441745509472	negative	-0.10478594158214397	0.18646223921816502	-0.19604193974852974	-0.1967642202322752	-0.010301981014110166	-0.013529943415758187	-0.19001613302056242	-0.013770596799855796	True
f76234d3a181c3271f6363d54337bb9c3f15ef13e58b56ce5824c9ed2673d25b	product_exact_summary	product-3x5	0.10607869332564004	negative	-0.1560068015772571	0.17811898331115925	-0.24222183740577788	-0.24316484405890268	-0.06979176574873636	-0.06504586074774343	-0.23645372765234704	-0.07773664157024499	True
fa12d100ac0d7aa9b6fb3391df17baf4303f6c6262749483f857ceb47cf63d5c	product_exact_summary	product-3x5	0.3264899291242073	negative	-0.10239557302357377	0.08994907310677985	-0.06586487907061839	-0.061409103495431216	-0.13892626697652916	-0.15135817660221107	-0.057703447330358704	-0.1373090125175147	True
fac152dba50d54d0e72b5f0d9fd54f0b814e12ac71d6edc95e2f038d1ecb0533	product_exact_summary	product-3x5	0.5229166697270353	positive	0.12646971437499827	0.20073829388592168	0.22413543797675878	0.22380761873800653	0.02913181001199	0.023397144090837096	0.23117175349092195	0.02286483465799971	True
004d43743f5e8d9c9ed50109b0e62dd18b04e59b153a555b4602e37204053302	product_exact_summary	product-3x6	0.4918061769049489	positive	0.132713963531513	0.1818816559982846	0.21688504294492184	0.21951265677275178	0.03763100077446718	0.048542884118104146	0.21618267352191822	0.05420688193988987	True
0071b899a7f974b94f229b113ef293589d4c9a743e98ddff859d3c33999a6bef	product_exact_summary	product-3x6	0.585995906820448	positive	0.13187851530999523	0.18688413690170802	0.22309511774720436	0.22623508331384568	0.039350946412137655	0.04066191287278609	0.2237092269175992	0.05153398116962127	True
00f8865daa7f1a198679d16e55b8fc07b625f82a1bc54b3ed8bfb621840dd0be	product_exact_summary	product-3x6	0.029140364432278784	negative	-0.10258332001151804	0.1836717732071048	-0.19267704566201826	-0.1960112038612964	-0.012339430654191595	-0.012489594361017826	-0.17173925958058045	-0.011051317119530578	True
01828a76da1f0ae8a7a35f8dc58f51ddf1d1ecc66c2bb138818da56856ed69a8	product_exact_summary	product-3x6	0.12807151310107157	negative	-0.14247777774260184	0.15730962268426513	-0.220794367608946	-0.2189867385428539	-0.0659688169423498	-0.06348474492468087	-0.21623746675791528	-0.0794344992474125	True
0528c1b5b9037da0165ef882246d8af04ca2c98c9298891ec63c9bca05222e3d	product_exact_summary	product-3x6	0.10746557456801197	negative	-0.1411148852313375	0.24572654931269272	-0.2636220229119164	-0.26211868901231655	-0.020111081450358434	-0.01789547359922368	-0.25241425185290806	-0.020219644638666254	True
06505e47956a828eb620da59788ea90c04ba29a97ef8cb411433a086a14f6465	product_exact_summary	product-3x6	0.6111158006389924	positive	0.1657586843684649	0.10721980499408168	0.22048694542252212	0.21576877962198399	0.11326714042844044	0.11574858911494579	0.2159904837149047	0.1292811551676593	True
0688e881352eeb12752d6238f49c56c7dd389c536c3544926981eeffde21d46f	product_exact_summary	product-3x6	0.17248811111719034	negative	-0.11551990862388996	0.20673706438271444	-0.2132280570522105	-0.21249573512244077	-0.018544082125339145	-0.006490992669496071	-0.20972103083938423	-0.036138921397305956	True
06a4013fabcbc37926be6e808f6382aee6bc0afe4fd41f875d736c7c0f351ae4	product_exact_summary	product-3x6	0.7621024260961251	positive	0.17676685534786535	0.2149969253381248	0.26614648089045856	0.2731359092396409	0.05813898390151606	0.08738722980527214	0.261121569275227	0.09116656650927002	True
0a630909733e21caa011d789003db5d0346d6559f18a1a7cefed387b276ccc8e	product_exact_summary	product-3x6	0.5616899353603825	positive	0.1385061990982671	0.16229983853217356	0.21562884413220496	0.21629289434076437	0.06138355406432927	0.05399305580859082	0.2100614941039271	0.0669571727265163	True
0bcffdba3fba75a60ac1c35658b19617fdf2dd240c5efe62e250543daf246bae	product_exact_summary	product-3x6	0.6681006828281236	positive	0.17281928740226146	0.2157113599235807	0.278441478831867	0.27843722745925253	0.06273011890828628	0.06720134734527039	0.27782624056178956	0.057618207728792115	True
0bef127c7e9d6394d7470be1435cbdaabee626d801f7ce06d81614c6a4bbcde1	product_exact_summary	product-3x6	0.2974789041117956	negative	-0.14138907438553955	0.08634035095943293	-0.18068048250772933	-0.18250379555395985	-0.10209766626334976	-0.09616344459452691	-0.18428420818264102	-0.12216588140285461	True
0e17c600315535255aea540e78815d032123f830776daa8f3cd2f908b1ba4e9d	product_exact_summary	product-3x6	0.5539780054255086	positive	0.1254324437775939	0.13911308728484106	0.18893570815185207	0.19437025895113458	0.055257171666293514	0.061929179403335755	0.19338020912349846	0.053395183858389816	True
0f1eb8b490e985f2d32b57ee3d5540816d6c67284b0d1fdd63847c53398b0ac8	product_exact_summary	product-3x6	0.2851562430039455	negative	-0.10305555364996824	0.02745035413193525	-0.09681389752649283	-0.09919710294413753	-0.10691400435579895	-0.12426425165842808	-0.09467752709689692	-0.15418762238082623	True
0f95d1fa937a3ba6f90f1576df503e0538d4308266ec22e0eda48f6272f1472b	product_exact_summary	product-3x6	0.11780541042477961	positive	0.11269533519158588	0.21982962108763573	0.23936115904439792	0.205112736729279	0.02027793365389277	0.019531537956762185	0.21295402648954403	0.013502096215411083	True
12c93704e3a51eea2584f9e0fdfafd3f9f2bc3654ea7be993a6d85215b227b43	product_exact_summary	product-3x6	0.22222053611845152	negative	-0.10640252610593354	0.06736964574061133	-0.07685466965393326	-0.07566465475856518	-0.13595038255793382	-0.1430343004991765	-0.07055828100078673	-0.12686986436160422	True
1402a9ea35a78cd24b4d9606da043a5011ab0dbb118f5a868668d6be135d2ad3	product_exact_summary	product-3x6	0.03555796977191249	negative	-0.12255398985530179	0.19671209017914237	-0.2191065702744175	-0.21982334338280418	-0.026001409436186097	-0.023111253203661794	-0.20395545759819428	-0.025285708524012504	True
1520b6026dda8abe7e006c23aaf3110fa1241348f7ef645d411b987728b3b3fd	product_exact_summary	product-3x6	0.10044040585494118	negative	-0.11059354856241765	0.05833811099115438	-0.1397229941709479	-0.13850948349905773	-0.08267761362577758	-0.08138488317979353	-0.13717142243325708	-0.1020304554833465	True
1a6acd69cf950c47799e0ffb33d4f8fd031715b6ef6f593a3121fa0d15bee24e	product_exact_summary	product-3x6	0.2141500136525426	negative	-0.1061738441143428	0.10296811954726043	-0.1551003631650506	-0.15738803140205004	-0.054419911854789615	-0.057247325063635	-0.15789127682819482	-0.08739521107911125	True
1b9e61a5afced221eda16326b1d189a04ed4102e704c57539b84ed3b4831340e	product_exact_summary	product-3x6	0.00397933895347362	negative	-0.10365318185306628	0.20003295290603815	-0.201224778083389	-0.20463239878209616	-0.00459944587605802	-0.006081585622743553	-0.09897087129095465	-0.005546884966547068	True
1cd6f5bc91e39774b2a4ae706023351ac0e8a5e05f2ce92f65e8806c423e21d0	product_exact_summary	product-3x6	0.4279139623882923	positive	0.13621717175613743	0.1025888574496786	0.18107987475554965	0.1812893214351165	0.0913544687567252	0.0787004639854379	0.1784624280026314	0.07643326836296876	True
1ceb47bcd02a2cb3865c0408872a7bdd1425b377348b23e05954df44f1e4db70	product_exact_summary	product-3x6	0.2419195528731799	positive	0.10551294593382059	0.13774457138084426	0.1709838159114936	0.1760213801131496	0.04004207595614759	0.03827680873230535	0.16457136621980456	0.030523129471396293	True
1d19181a203c80f0c3b5e1a7e44e44c0a5d96189d8c58efa2d27c4ca07d36b75	product_exact_summary	product-3x6	0.5647670544969149	positive	0.1343909100011441	0.1419693478183373	0.2077263445064687	0.20015822890895046	0.0657569966881314	0.06862359109333771	0.20826602355002632	0.08509407512940159	True
1dde0605a1a5c96580996b8c83ce62b6f300ea5f8428ba030b4667c94f06c2c5	product_exact_summary	product-3x6	0.04895727262610941	negative	-0.11445177189613248	0.20499174285314142	-0.2250964150999943	-0.20789908992925868	-0.020104672246852903	-0.021004453863006298	-0.20909491614799278	-0.025278174756838884	True
1e07e7d882bfe562f80bfddd0c40f27a372d277a65c936dadfa62b9e30ce2683	product_exact_summary	product-3x6	0.4487899801700792	positive	0.1423379794934661	0.14491635141733394	0.20413545003881095	0.20575817386042217	0.06084182244308822	0.08054050894812126	0.20416705810530167	0.046530294876254485	True
203d6b4d2a7a7a6384d243a098e60470e39e8084f09dfa7edbdacffa6496f42e	product_exact_summary	product-3x6	0.16228563066659482	negative	-0.1420148416775956	0.1344929999712746	-0.2077183799950554	-0.20438409838126245	-0.07964558497392876	-0.07322538002378082	-0.20235856329602445	-0.10316107593820081	True
280887b489670ac57c4c9dfae51d5447e532e52fcec5f5a27c2b35c6fe588b33	product_exact_summary	product-3x6	0.6078290275897205	positive	0.11560556604108524	0.13045115679422564	0.18090664829960695	0.17391108442887693	0.05045549150538131	0.05730004765329355	0.18250302918590294	0.0653504249540171	True
29267583a50081bd9ebe0839a13901b01ad10e4e5431d7b115e6b80f1890f383	product_exact_summary	product-3x6	0.5764888369051522	positive	0.21901642314388817	0.15905773872418222	0.29294397015864326	0.3003664813121639	0.14508887612913307	0.1413087425879817	0.2958695179882168	0.1711579352197828	True
29efabf6409b4cce6c7a6cc05c09a2fb9602e0ec3366e021ffab0570821794a7	product_exact_summary	product-3x6	0.4947240844247139	positive	0.10654084980928571	0.018388696959127926	0.10149323778300012	0.09885257221157073	0.1115884618355713	0.11724126917069866	0.09717879417694342	0.07235674459677971	True
2cca6e0002b3a5fbe56db0a6ef853de8d3dcf6c8b0bda3052fe09f2c4474c4f5	product_exact_summary	product-3x6	0.7110689627300155	positive	0.16892616557591272	0.21983208749875016	0.27020780580827464	0.27204385394538166	0.0522117664466315	0.06764452534355081	0.2666390078079426	0.07766693583790862	True
2d5f27e6b7062658a18fee950b8a3706508204565885a9a1580ffd279b461d5a	product_exact_summary	product-3x6	0.012447670829117423	negative	-0.10790298374135963	0.21984894046631576	-0.21317718117279846	-0.22018473505975453	-0.0026287863099208157	-0.0003357945934387586	-0.1676994614428027	-0.00463401084217808	True
30762bbffb418d34510eab9c89bf8263b71dcde6639190bf20edf919e240daf8	product_exact_summary	product-3x6	0.18736195446770035	negative	-0.12342293331576103	0.16432289013239104	-0.20107937407809925	-0.20416749979971946	-0.0457664925534228	-0.03984460966732842	-0.20700092361387998	-0.07239795047541112	True
3127c75c053c0f91f61b62b71849a5e78f02c3246ea1200dc4cd9cafbb736fbc	product_exact_summary	product-3x6	0.12928244841901038	negative	-0.11448700088092299	0.12453879328349629	-0.16936275211613178	-0.17079829066160168	-0.05961124964571421	-0.04625949737810539	-0.16731491962158934	-0.07013834009656297	True
31298b7e5e88fbfb3a75d4cf5e44d793b40d1b15dde39b289b654df5d270356b	product_exact_summary	product-3x6	0.029782121958321608	negative	-0.12047548023275845	0.2412467689891252	-0.24358290574073446	-0.23664155343745738	-0.004309407028059525	-0.002336136751609253	-0.21551327961821146	-0.008707534979680544	True
31b604d85392c984814514f6b12e5b69bd6ab9fd363e3f98783fb8356ad970a5	product_exact_summary	product-3x6	0.40056649129826494	positive	0.15182110493429452	0.11112165472687308	0.20174100131383904	0.1974893745582887	0.09061934658696597	0.10615283531030034	0.195986487442976	0.054278585519540734	True
35857e33bd86e7eff3057849ab295c9d624e237cdb03dc9cace14834ab463fda	product_exact_summary	product-3x6	0.10998408789448509	negative	-0.10476581982341265	0.048240468029271025	-0.13156567910291872	-0.12351990988459428	-0.08601172976223102	-0.0833252110736477	-0.13430569988266794	-0.10166872875105039	True
376b9fd357c91ecda1eea7b7f3bb85a01dc402aab615b583ddfc5c4122d60b19	product_exact_summary	product-3x6	0.6809152997883695	positive	0.21559189522653183	0.18650385832694066	0.3009800400114194	0.30452486247841754	0.11802100415147687	0.13020375044164423	0.3025237734532996	0.11451995459593656	True
38cd5205846a37e22c3edbf6a3e90b1b602035fd4f29f13be1351a4fddbee8dd	product_exact_summary	product-3x6	0.4422475818409794	positive	0.1174837231316205	0.15322169988589712	0.18714828044799442	0.19031912393176081	0.03709742404586369	0.04781916581524659	0.19069289071413542	0.027645439519783988	True
3aef13463a55722d9aa4231e996dfe85a00b922cbeb81a0a37280bdaa0422011	product_exact_summary	product-3x6	0.5925024766033217	positive	0.17715777204268396	0.11157168233747233	0.23415919881594893	0.23022421635887724	0.1225875164784766	0.12409132772649067	0.2311288299361713	0.13511021624948555	True
3b56f0b70431b179ea173e11563cfc52d0dd05741b700f1cea9a9544ba7b8dc2	product_exact_summary	product-3x6	0.4543622911022061	positive	0.1329702403915223	0.07805678664561722	0.17231217070354793	0.1683176439780218	0.09762283680502282	0.09425538405793071	0.17517795263640257	0.0925399943171154	True
3c174b42714053d025cb75d6e54b0ec6c10409fd530909e899c5f2cf904cf948	product_exact_summary	product-3x6	0.8073487367323776	positive	0.26025073079508876	0.27495905308740576	0.4027571849405558	0.39071543756258714	0.12779813185315003	0.12978602402759032	0.39412651364715645	0.13867918084605402	True
3c71a03602da47227ed467a769cc1ea82a45083bb1f83d271b5dfd5ddc49cba6	product_exact_summary	product-3x6	0.23458071806001712	negative	-0.12382988847423002	0.044499903523079365	-0.14634327687746707	-0.14262054045521583	-0.1018433733543877	-0.1050392364932442	-0.138569138922101	-0.1298856075347301	True
3efba4195aa33379046425d921c5db5f6d5d02fa0fdc5bba6968ed70f7be7676	product_exact_summary	product-3x6	0.6749282426889747	positive	0.2529073121381209	0.2293582374480284	0.37292739481835446	0.36065335950474736	0.14516126477149438	0.14356915737032605	0.3658341410289605	0.14310411655678112	True
3f37612d8820a68b9515add52ba2118fa9d522b3fa0bf8b189104e8d3413a55f	product_exact_summary	product-3x6	0.10412801565784616	negative	-0.12229747894786541	0.1857722324680138	-0.21290558529127926	-0.21547997570205504	-0.02970774323404124	-0.031689372604451566	-0.21033341246044165	-0.042331236753432366	True
409f494b198a0108e075a324c2d1683fc66cac84d9bf1e9cdf28b208bf9f755a	product_exact_summary	product-3x6	0.17610701403932785	negative	-0.13568494130386263	0.19500675181350183	-0.23308436788710143	-0.23214897594594	-0.039220906661785265	-0.03807761607359961	-0.236252432276113	-0.07135520341857166	True
434f1d3a23693dc9cdc081107bc486bb9c35698339d7033b113e37c82482578a	product_exact_summary	product-3x6	0.6445105399462149	positive	0.20089964783948827	0.17809389142828885	0.28124863392029076	0.28492286235988856	0.12055066175868578	0.10682897093159971	0.2802343038413477	0.08953796362494548	True
43fb2ebc5498f49298ffe934324420849dcb59305b56436069fafa795c8053f9	product_exact_summary	product-3x6	0.13174670429064222	positive	0.10665193691445582	0.1862463885383609	0.19575099930869894	0.20342276408776888	0.017552874520212716	0.017176375549408	0.19098957749022938	0.017317928407049474	True
47350397d8990d729863588c5fc5a3149cd542f688a4326dc42ea6130752e73a	product_exact_summary	product-3x6	0.016898359132198906	negative	-0.11044582154436233	0.25105655632285967	-0.26217765783174224	-0.20806727671186426	-0.012824366376860404	-0.011121101508882583	-0.22911807800631634	-0.013943743006051959	True
47adf339b2ea2a6d705086b43958f3df5409c1d7c4784d92d1ec48729f951485	product_exact_summary	product-3x6	0.290990566134065	negative	-0.12223108221032528	0.016462601810611488	-0.12642221639144963	-0.12258217131317806	-0.1218799931074725	-0.10995961458083814	-0.12463730148768587	-0.14866392320408683	True
4c97aff942151c63e4d5379a84e190528372c2cba6e6f2ea807ed0066f862496	product_exact_summary	product-3x6	0.05375649429663151	negative	-0.10558578689319431	0.17264616076121003	-0.18925754298310604	-0.1890140210799903	-0.02215755270639834	-0.016611382221896023	-0.17923252079974958	-0.024586935666540688	True
4e4c516bdeca6866f31ed89400bf40f47333886ecbb53899a748817960fcf570	product_exact_summary	product-3x6	0.7865825197120293	positive	0.22102616199306585	0.22480198069127832	0.3236392858825664	0.3227730516288472	0.11927927235728453	0.09883730519128808	0.31661926399413187	0.14957312815611834	True
4f41e5bccdf0e1a66eafa96d373ccfe797eb62b25c15fb7bb392ade06792e846	product_exact_summary	product-3x6	0.6684351866429551	positive	0.23686422362213133	0.21075729318478142	0.33510262167448657	0.33169684028388824	0.14203160696037442	0.12434532848970514	0.3292013707235385	0.12834217364751244	True
500635323d12921c5228d5d159253584461c4f498eb6f8c38563ad0c8d0efb08	product_exact_summary	product-3x6	0.04666856033613855	negative	-0.10864139227529088	0.15561175030130434	-0.18250834285710968	-0.18420425284879227	-0.02859250254748793	-0.03477444169347208	-0.1715876772555878	-0.03918019726836517	True
516a80e38c5351469d3abda60ee3d94a1e6ed8043b09fad8c509c627af0328b3	product_exact_summary	product-3x6	0.09086136561649075	negative	-0.13870544696820009	0.19240544950824134	-0.2336712952518408	-0.23563800337709215	-0.043232553868850804	-0.04373959868455937	-0.23016480401369824	-0.05582566108950343	True
51a3d2d2325ec351d2f0b60388ddc154175b267fd7e5b77500c39f458e30d7da	product_exact_summary	product-3x6	0.1269362407395436	negative	-0.12306794943203901	0.11444379432549989	-0.1762894172456397	-0.17566817361870854	-0.07046772524536948	-0.061845622920139814	-0.17215738374591985	-0.08340488055849882	True
51b36dfb9d9de145380593d3590d5081916da4386be6c5c656e76c8a3ceec190	product_exact_summary	product-3x6	0.12491894297939282	negative	-0.11802250249966709	0.13973532431032326	-0.18467313057675827	-0.18347367283267363	-0.052571332166660545	-0.04493780626643501	-0.17874719927767257	-0.054363848247529684	True
527ec5aae4d119c9730d74d5373f5ee5cca864ec3ebf2abfb32b9b2560e196db	product_exact_summary	product-3x6	0.06382175899385578	negative	-0.12052268954491652	0.2129003964357669	-0.22887438694611678	-0.22342704078475678	-0.015973990510349895	-0.017618338305076253	-0.2140626709696068	-0.024324767168891925	True
5485d251b1fd2133008c1e28b9a45f7b53cc2aa1f989009738d16ab4393df2b2	product_exact_summary	product-3x6	0.48466958945541677	positive	0.10627014275927851	0.04230331816665078	0.12271559674754723	0.12482894210221485	0.08252562393556406	0.0898246887710098	0.12250532244535306	0.06809772390278673	True
550607a6e7c4f094c92bf1c8339ef34654e2812e2caf565ae46ccb2debaad14b	product_exact_summary	product-3x6	0.5533979850484989	positive	0.10223167044988468	0.15517578845365276	0.17591460969473194	0.17902237254552866	0.0238465840918759	0.028548731205037425	0.1726229465584485	0.02896725033074432	True
569953b0856b4cd62088117f1090ec6dbf0a60ae405167db70f6c142da795e14	product_exact_summary	product-3x6	0.6945586594467295	positive	0.20749298285932763	0.14332336867718354	0.2680294814519997	0.2666824026464108	0.14830356307224446	0.12470611277481614	0.2678743123424462	0.15103153143215542	True
59a291a29f4682af6eb1f4921a745f1b6aa5b273ccf4e94d14535629e6217c4f	product_exact_summary	product-3x6	0.32011128194487914	negative	-0.10668128405745114	0.0875943218059495	-0.14961102008641392	-0.1498498337040402	-0.06375154802848837	-0.0622555118980907	-0.1546320131885911	-0.08987003451956771	True
59d7bf6f782c0f95d8f9064bd91740e0c954c7821622959a35e032bd4fcbe0a5	product_exact_summary	product-3x6	0.5806208326941157	positive	0.13494828025244454	0.19450756269531183	0.233751081722045	0.22236707917809218	0.04752948132679691	0.039243519026733176	0.2271243087240839	0.058317293521064406	True
59dc3c452bffe417951eed4d420b6118589fb4fa0210fb838c328953062c434c	product_exact_summary	product-3x6	0.5361843740075674	positive	0.16515007384845148	0.2771982683807252	0.29996465383832127	0.3062006814073804	0.029002413026655183	0.030335493858581697	0.29232465709401606	0.037645569194953155	True
59e02cf59006da085e47f9a3b55fd3ecb28957b17928c483d507b0920fbe4724	product_exact_summary	product-3x6	0.16752620035440102	negative	-0.10687455283811136	0.1679424158304054	-0.1894390728600871	-0.18717462864341777	-0.02657447703280494	-0.021496657029681704	-0.18231516963033578	-0.044002458975001074	True
5a016545874ffebb556255a7ab885bcb0802c7d9bde5eab4f700f167460c35ab	product_exact_summary	product-3x6	0.5144579142778251	positive	0.12548603533524433	0.15367010352214938	0.19996301848323406	0.20193649501521133	0.048266391493061944	0.0510090521872546	0.20063223673403097	0.06552895592074698	True
5b4744000f995d7ebb93006e13e82b7115ff7f0d5855e94f9c3e78b4f768207c	product_exact_summary	product-3x6	0.07624569495661478	negative	-0.11539395487055497	0.2007671297120473	-0.22205545237392865	-0.2069663424798424	-0.02128832266188134	-0.023821567261267523	-0.20882173521627062	-0.026088901496926442	True
5bbac413c2504f379eb7a0dd2575c943bf551eee8566eae2f2861ca766ffd1a9	product_exact_summary	product-3x6	0.5254140263642645	positive	0.1231054337303035	0.17681873933066056	0.20917682130319992	0.20947495297531843	0.037034046157407075	0.03265621364465787	0.20963925497984381	0.061764511142437806	True
5c46efad4b375b5585829ab71c5152e6db28007d7a2ae618f54a26c3b17dcb65	product_exact_summary	product-3x6	0.7729036913478561	positive	0.2374938817263993	0.289913003687523	0.3712212544182869	0.37773010774004084	0.10376650903451168	0.08781710405251786	0.3683974065237622	0.114795255812007	True
5ca7c46e39a2a34b9754a702495016d83993d257ad27d9f215e43ff000cb0fd6	product_exact_summary	product-3x6	0.5765263901929737	positive	0.19794701167731885	0.09232732790943365	0.24024630039290418	0.2390846935128183	0.1568093298418194	0.14791897248347052	0.24060977053259236	0.14052242257776537	True
5dd5ac0d3392048c6e090616cf8cda5fc41e6b81f22c5faa6bf9faccec3ceed8	product_exact_summary	product-3x6	0.539104374119001	positive	0.14889431490104058	0.14025845968019773	0.2122322979564502	0.21213800419974516	0.07197383827625248	0.085650625602336	0.21521019738917013	0.11979206357493982	True
614a2883c52953c28b2534ce130731e63256372aa5f668eae4fe5814f37c3d51	product_exact_summary	product-3x6	0.6571462328683363	positive	0.14530423723123417	0.18292152877476453	0.22742905693474663	0.23249547406697502	0.049573945292210486	0.06317941752772172	0.2307373855780852	0.034871762888162294	True
618369eb0b4f7ca40478958785546509b66b51fb1b0a0bf8e8ad3ace148d44bd	product_exact_summary	product-3x6	0.11103367888806397	negative	-0.10645776608559429	0.1708617835513408	-0.1924628484038871	-0.18642373808783558	-0.026491794083353018	-0.02160106485254633	-0.18775775854483756	-0.036540592194411456	True
62821cb039c3c07c64acb06ed73c32e8ee632ab11fbb2e24872c0952024db0b8	product_exact_summary	product-3x6	0.5590235879830565	positive	0.12329306086915537	0.19358973118476652	0.2194403866568595	0.21977688908543447	0.026187157900667946	0.02714573508145124	0.21605863776728174	0.025900241334780194	True
646e64de19962e73ca8fa223b4b8d2ad53db60573c188122ed29a562add49f63	product_exact_summary	product-3x6	0.6842568205824567	positive	0.10335675720721904	0.1842089133425327	0.19081244702711908	0.1945587234897464	0.015901067387319	0.0103498101472137	0.18885897048230033	0.04484074890509626	True
658819b443f34fa4d78fe8559b49195b705229a77b4b81189f34da022c98382e	product_exact_summary	product-3x6	0.04513135283903968	negative	-0.1178443750608826	0.2253593082910311	-0.23054984472346352	-0.22669575530000635	-0.008992994821758853	-0.005190536432432426	-0.2119386201322705	-0.01085478188097045	True
66092e5e1718790a258a354a980186be51e8a57c725eda3604a951d761a24dde	product_exact_summary	product-3x6	0.03511357330322765	negative	-0.1043415218329186	0.21299145821729465	-0.20809854866552954	-0.2132138563041119	-0.0005844950003076679	-0.0002223980868172465	-0.1867401878093007	-0.001671780670082515	True
667f00f83f4b7cf72eeaee192c59df647f13c7f7353d8300a3dcc911fe397c6a	product_exact_summary	product-3x6	0.6434978953222019	positive	0.1454111482154079	0.13512118804889184	0.20982842588506412	0.2149498125819812	0.07982862453308937	0.08099387054575169	0.2169281862118011	0.08334400048186641	True
66c5ac9f8eff15cac12b9d1f1084724779aaa794b615ac8ffda5bb1e34d5e7e5	product_exact_summary	product-3x6	0.6102978098002089	positive	0.11764483433562181	0.17387535985206765	0.20770360509290714	0.2003539685373587	0.03493570013388492	0.033828245240839494	0.20642117571144353	0.04259802450831651	True
6701ec8316d95c4552a87340a3220a4eed95c51fe8c966d7e8217f9450e2e095	product_exact_summary	product-3x6	0.6607561067422187	positive	0.14381235048495308	0.2089442396468995	0.2428461595510591	0.250379467421912	0.04143522777501252	0.04477854141884707	0.2432612681731664	0.05773423131315014	True
68b916a98575b517aa8f105ed95d6e0b15c723c9634d361cabdb983f98c93781	product_exact_summary	product-3x6	0.10462479437623072	negative	-0.11012568552304763	0.1757740232066095	-0.19213360860374612	-0.20131438152181658	-0.025540358315207082	-0.028117762442349162	-0.19632654852451792	-0.0388188703033643	True
6990af444bd9b7054d2d9a6e57f595c9bccb08ff60113e4178d7c40e696e7238	product_exact_summary	product-3x6	0.1150248217985312	negative	-0.12869832784804974	0.2254140514307642	-0.23939569870483407	-0.2365014197758012	-0.013981647274069878	-0.02089523592029828	-0.23086397430720879	-0.024971792715717103	True
69a9feedf42089da488d2e4bf41a6782a324b4437c9d29662f2445ffdc58a9a1	product_exact_summary	product-3x6	0.021381086955803107	negative	-0.11380569218602106	0.21965120104737385	-0.21739506682116022	-0.22631469612125457	-0.006663495073880719	-0.010216317550881902	-0.19066016571834496	-0.004396691079798506	True
6ba7754460230de4ab5f411731946ff7f24298a04da1fef5521af015ff9a7499	product_exact_summary	product-3x6	0.5302183420630228	positive	0.10496298109592989	0.13921083815336704	0.16961174409647206	0.16595421094455448	0.04397175124730529	0.030400905943105017	0.16989317307227392	0.07040900109400322	True
6bd6ff8b927de99056488d4a3b66732a8e4b4441a2f5c1168a9d8a10510399d8	product_exact_summary	product-3x6	0.013481324506755897	negative	-0.1087655312868199	0.21727036398155603	-0.21675193283095529	-0.21766152098031796	-0.000779129742684511	-0.000391156998761924	-0.16532479778693512	-0.004975373887511892	True
6c3e3a837b44c1ffaf4b821c6697640e1c2219daa3f848394649318d430e054c	product_exact_summary	product-3x6	0.5008141688339532	positive	0.1448883041494887	0.05605601616907463	0.1666372634636537	0.16888376659134097	0.11282775042226634	0.12313934483532368	0.17130155351773713	0.09882526492577048	True
6e8d30a36c878567973c8c60e6d1bd87c331b393b22b6b631c109bc0d57086f2	product_exact_summary	product-3x6	0.688038015827512	positive	0.16977268522187058	0.2345987416893397	0.27088544333654524	0.27462808167146135	0.06865992710719593	0.04002933998212166	0.268170962779754	0.06343573244749212	True
6f6c8e1110a903d4d4b870f6848d942e35f1a5de3b117d5c03f1e53b034b3a09	product_exact_summary	product-3x6	0.04137650958942209	negative	-0.10127324362222623	0.18946854155929072	-0.19538423263523472	-0.19517919346496856	-0.007367293779483898	-0.005915691075944002	-0.17747179342014358	-0.007524380660242941	True
6f9b0cbcc6d44ef3496d03c9c796441615fdd6102c4caf99a287a85b05802160	product_exact_summary	product-3x6	0.27488022039556137	negative	-0.1031860836098463	0.03363918725485843	-0.1070026395302397	-0.10776217753810269	-0.0993695276894529	-0.07412299028324426	-0.10596371392001835	-0.11993330427986842	True
7357d606e3913b726962f5229d44cb45b2bdfbf4bd2fbda806c070bdeac9b1e6	product_exact_summary	product-3x6	0.5982930705410885	positive	0.12620273737270804	0.15105786809481825	0.19032900827004118	0.19467926368954025	0.0620764664753749	0.043621395594722	0.18672418992411705	0.06607339383806399	True
739cebc84f77213a4b107c6c62722468a2a125357522bec51d031523217d9406	product_exact_summary	product-3x6	0.03301326217009605	negative	-0.15623509915561953	0.29083435881190023	-0.2999457623677527	-0.30117190626608537	-0.010337547454185123	-0.012524435943486338	-0.2726196680427546	-0.015563040984463428	True
743ea015feb1da92e32f047e91d3ff59e694d9d9c96d0f6111c7e56ff30eb2a4	product_exact_summary	product-3x6	0.4800509652041833	positive	0.10436569254881595	0.10091356329799883	0.15191021021755335	0.14615697591089238	0.05099664691955452	0.06257440918673951	0.15089481755764406	0.053638416563446534	True
756168eda9e0a7aa5438091f348610b0522c1cc26212978c65245031c4949b87	product_exact_summary	product-3x6	0.6684186499874063	positive	0.21668263135429555	0.22515579318292944	0.3288770446315751	0.32771014896154327	0.10565511374704784	0.10372125144864563	0.3282437688778226	0.08922710713191861	True
771ab5c6161bd696423ce51abde24268f8d803fcf665e9ea68396fbb1c60c5a1	product_exact_summary	product-3x6	0.5673440488699427	positive	0.11787089446675178	0.21715273397241525	0.2237371888842225	0.2285109247109562	0.01135819073854094	0.012004600049281056	0.22461825238036026	0.018171488282073045	True
784d5786479eabda41791b9cdcb20d9409d95a7e1990407ebc001a38e7882fbc	product_exact_summary	product-3x6	0.08588571951808234	negative	-0.1551827219775526	0.17113544644904422	-0.23870287277836266	-0.23819181419959679	-0.07217362975550841	-0.06756742632931846	-0.2350089685699624	-0.08089108088348922	True
78c124addd1bf82518608bc9ea2eb238f4b806a505f9633edceb800978dfbd14	product_exact_summary	product-3x6	0.6513732818838247	positive	0.16132871653073053	0.17977584200577817	0.24979512337261162	0.24269789816671578	0.07001928136683344	0.07995953489474528	0.2451262110336418	0.07213936226552353	True
7bd894e9bab6973b6ee9124b4e5736a4d95776571b6c02cad26033eb12e5c63a	product_exact_summary	product-3x6	0.5038848208213421	positive	0.17940008792792286	0.15380069346653374	0.2516729766443741	0.25416005111221057	0.10712719921147162	0.10035935764567683	0.25326644952964705	0.09868823940539967	True
7dd421573293cab46b7ed7d39b1dcf056eb378ef3dc262ea09729458982ffbf7	product_exact_summary	product-3x6	0.06757559850630031	negative	-0.129216740107345	0.25028158923890415	-0.2625017402368095	-0.2447524706395326	-0.012220150997905369	-0.013681009575157402	-0.247708763256701	-0.019506130447704176	True
7ec7f961f6483ae6f91f1456e568c9b974490ea4b6305954a081a88222fcbfb6	product_exact_summary	product-3x6	0.04933061560163022	negative	-0.11150757893252689	0.1533226667780047	-0.18708709024084097	-0.18380985389998725	-0.03920530396506652	-0.033764423462836264	-0.17336327606633606	-0.041768895970595236	True
7f448c8731489108d4367c8059ce33c2726c2a4ef2c815b8fe642f0ff85570c4	product_exact_summary	product-3x6	0.6627608746305129	positive	0.17795759353234242	0.19148790703068158	0.27397241937867295	0.27144021957379916	0.08447496749088568	0.08248451234799137	0.2744948996698806	0.08469642246690923	True
7fce7830c3b9e807ac06ad13e3e3d8d65ce5dabce9f23f4f9a9d8a645d4ea372	product_exact_summary	product-3x6	0.46191205513082306	positive	0.13539063314034577	0.162663441952258	0.21613120736939637	0.20874071249842324	0.05346776541713838	0.062040553782268304	0.21605419007015564	0.05972777434093207	True
7fe3fcf2de9f76d03f1faf57decda881717483c8387c5a273484b695d7b93a6b	product_exact_summary	product-3x6	0.16657178183421442	negative	-0.152266067366779	0.23180924701189587	-0.2628412272952111	-0.2601467406811754	-0.04438539405238262	-0.03103198028331522	-0.25453593240263783	-0.04871432282109628	True
80b5dbd36191075cad78583fac23a04fff7af7020daf91bad1db725c8ebe5e13	product_exact_summary	product-3x6	0.1268775210894171	negative	-0.10326661274986101	0.08122240840735628	-0.13961787144744933	-0.14127159283689614	-0.0669153540522727	-0.060049184429539854	-0.13457830576731009	-0.08055413805434952	True
80f5b626e534d5db641cf55f818316f97fffd3e6f2327820e2eafba8fc01be82	product_exact_summary	product-3x6	0.5596446616030912	positive	0.1524509058555287	0.10329400726758114	0.19363198918822316	0.19268434815238134	0.09033798192064202	0.11221746355867607	0.1956634938557575	0.11469480984143704	True
816962c043337d9dddf4cf58baf834a2ac7763f1d691d55d21cb97d2d5c8a78c	product_exact_summary	product-3x6	0.6740630659015892	positive	0.17540769140779466	0.09229381630500466	0.2128943666364732	0.21505150698050923	0.13792101617911612	0.12275769067550457	0.21027203318303267	0.136957215496759	True
81c677378e008d2be1e726c19aac0f9d6dc21367eba807a801afa1deb709240c	product_exact_summary	product-3x6	0.10651459799246586	negative	-0.11585916778313199	0.05167184421972866	-0.13903938892087703	-0.13746978593326792	-0.09424854963299607	-0.08736754470114837	-0.13624987103138775	-0.10301558990196981	True
81ebb03301dab18696897b5bebb69b929a573ed34b87afb261d0982e2c3dce3c	product_exact_summary	product-3x6	0.040080092552541545	negative	-0.1326056164785979	0.24021072496620816	-0.2523881143444806	-0.24923360121210433	-0.012177389378272438	-0.015977631745091453	-0.2299851573286659	-0.013942787305799835	True
821c1ad7504200cfc5c9cea703280019ac712f85dc4f0f89c79c3a6e5ee71ef1	product_exact_summary	product-3x6	0.3326331071283707	positive	0.10246400334101503	0.10606029161459518	0.14740551626051787	0.15090673143122696	0.057522490421512196	0.04484643981663178	0.1452291531850919	0.051968237927945915	True
826b4fa318bfa927b1d7c81037709358c3ab5c4cd0ad07553da25f1607092d08	product_exact_summary	product-3x6	0.05476146004118925	negative	-0.10750059508125576	0.1427450587525811	-0.17581471014285582	-0.17193810958334926	-0.043063080579162256	-0.03306965139027473	-0.16408997045582685	-0.04273926796809203	True
82a5c0ad15be78eb5087744800a7aabf9a8ee30f43d8aefa4554b4413fe730e4	product_exact_summary	product-3x6	0.6196769865406133	positive	0.12265190446887811	0.14059139835721174	0.19077324298197967	0.19335672733033876	0.054530565955776544	0.052765328973127024	0.1907979756044555	0.04753308966321701	True
847124f9404ee3d04d251af08aca9edb62c6525a4810a485fb1b4c3b208fbf09	product_exact_summary	product-3x6	0.021767690916276925	positive	0.13909651988801003	0.2621214778278548	0.26668245733626617	0.266772174063912	0.004650696236057218	0.011510582439753909	0.24215684028878007	0.0035713386891665297	True
849acad0f155a320f60233d217dcbbd0bda4d04a55c895de58553d35289bbbf7	product_exact_summary	product-3x6	0.6623758305018819	positive	0.13347495015420874	0.22731415547710015	0.23868150033350932	0.24406462556596004	0.028268399974908154	0.01675047008885988	0.2385162677352578	0.0299247258363865	True
8526f0ee350059f2b1292d4615232a44524e82474caf737d21922289b45c210a	product_exact_summary	product-3x6	0.14605182524548702	negative	-0.10045138379255997	0.03753819945633541	-0.11197155441159726	-0.11158252319652986	-0.07443335495526185	-0.08932024438859007	-0.1145422432005627	-0.0944525952088881	True
86161696fc6fb4b7eace4029c853b90e3a6ba315b23f80e097707cd50a7741a9	product_exact_summary	product-3x6	0.5843692828274457	positive	0.12222284815865408	0.16319138890833007	0.2013214262903228	0.2059447369685421	0.04312427002698538	0.042753348060212026	0.20297821749773826	0.06291172693450797	True
8708580143baa4f5b492fcd3e824a6cf85ae921eb53fe3bc53383acd817255b8	product_exact_summary	product-3x6	0.6434728154782227	positive	0.13724871770323546	0.18350350191960535	0.21378686137894015	0.21740330525173518	0.03389980333212983	0.06071057402753077	0.2143328958809027	0.02346130509634403	True
8709a87502dce726f294b8ffffdc515c6d12e72b703d68ffd8d90806bbf5338d	product_exact_summary	product-3x6	0.4755930818940392	positive	0.12557484250812365	0.12478262556006364	0.18253787161513724	0.18801514843879252	0.06861181340111006	0.06323252287872888	0.18866130102198264	0.0558752884758677	True
87a63a6a09f5d6924ed0e2233ce6c60ed22d3e28826102710afdb4065d0a0907	product_exact_summary	product-3x6	0.2003816894025612	negative	-0.10017951465554052	0.11210739343327678	-0.15486606257574062	-0.15344027769544386	-0.04691875161563719	-0.042758669142463845	-0.15102219530539343	-0.06784145107466963	True
881bf184604ee37b44ce30d8850a1d464f9cd30ed1e03ec1f31cae2bc505e8ab	product_exact_summary	product-3x6	0.3619653872136944	positive	0.10206526572637953	0.0231357414586969	0.11269274947765112	0.10627743634645859	0.09785309510630047	0.08955700801895422	0.11093158590635865	0.0782252429945905	True
88afb53ae2a427bc3e5b9e5507e2850a6a8ea5b5cde65c1885b997ef963486ce	product_exact_summary	product-3x6	0.04384764394188322	positive	0.12079269170610027	0.23280054597990624	0.23735191594126615	0.23456704937971556	0.004551369961359922	0.007018334032484981	0.20928800125995017	0.0045872902933194945	True
89928ed3260ccd4f7b914bce2167d08acac35025abf876b483b8a0a006c1fc46	product_exact_summary	product-3x6	0.2101410473684391	negative	-0.11859331036006959	0.2000468105414949	-0.2181482881275663	-0.213424346166787	-0.01810147758607139	-0.023762274553352197	-0.21591127333913954	-0.06369783117483416	True
89aadd02cb8c4f6ccb9c4137ca149b034076acdc66d03e927e5466fdc90d04e8	product_exact_summary	product-3x6	0.49578782580218633	positive	0.12064092195655396	0.14189856162979014	0.1910952664781681	0.18666296850032876	0.054618875412779155	0.04919670484837796	0.1888773271743619	0.07624880744144957	True
8a5f476c5b1149402be0b983d0ffbbbd0a027dd513568477b0b4faf5690293fe	product_exact_summary	product-3x6	0.5614674533766235	positive	0.16040713723474778	0.2086943385718057	0.2565623726607825	0.2623003776972454	0.06425190180871304	0.05360603912543971	0.25717727097305887	0.08559837340420368	True
8ad5770cb4a498761616062f309d663c2e03046e1e718583a385f751c605311c	product_exact_summary	product-3x6	0.18698191631832606	negative	-0.11150782035318438	0.10087327334051507	-0.1601748342032675	-0.15909954588968167	-0.05930156086275243	-0.06391609481668709	-0.15551605432951204	-0.08131185782633366	True
8c01866a9516024c94c0086b1790ebed329562b0ef95f624a136beeac8413ba1	product_exact_summary	product-3x6	0.5464054367082185	positive	0.11795571979763261	0.06578264558819452	0.14703620283094515	0.14515544379992246	0.09075599579534277	0.08125355724275063	0.1456974331073863	0.08528758063709974	True
8c27825d103ce9a4590828f62ce473e756f1e4cd54c85978dbc5e16c0d1d0941	product_exact_summary	product-3x6	0.4875344050854262	positive	0.17005884324064624	0.17298522396609273	0.25864846407346154	0.24799550227138362	0.08566324010736881	0.09212218420990886	0.2552380925262416	0.08951627668616347	True
8e1c415840588363c0e08d71c3c53ab15b6eb8310bc9709ca3b6a856d9b66fe8	product_exact_summary	product-3x6	0.19436935431811797	negative	-0.1323877548675561	0.04926220221791028	-0.1564980627226774	-0.15179563088629627	-0.11297987884881594	-0.10723586050476713	-0.15495036880910307	-0.12388486070360688	True
90ebd6ad5610938b18de48e7d5e305b622940d395d14d11f6c0548bce9bd2a38	product_exact_summary	product-3x6	0.6753799544025466	positive	0.16286427812643095	0.28752661893915094	0.29414460666448206	0.29508882562771027	0.007562206688559336	0.031583949588379845	0.29006078591306056	0.037045400603483714	True
94b0d64ab75e06754c9fe370d6d6b9226f8ff61e993f7c28c8613be911d08d3d	product_exact_summary	product-3x6	0.596902306055578	positive	0.1135160180792423	0.16899457212300584	0.19520646899337601	0.19490493230307476	0.032127103855409844	0.026211896870370177	0.19103063152046618	0.009711479319429617	True
95d4c8ac7dc9f396d3e1b69a5fd0e91106e771ce25b122bf510b60e0bc600f2f	product_exact_summary	product-3x6	0.5553148021136036	positive	0.13863786839093456	0.0935140994900156	0.18542397608734268	0.18313698408516643	0.09413875269670269	0.09190987659732708	0.1878488185955789	0.09562161523343249	True
95d4cf8c5795a92d3097f3af6224545691f1845d9ec3a0b15eaaa679d940ae6a	product_exact_summary	product-3x6	0.4399310036535713	positive	0.11997659970591973	0.10837771364611826	0.17070338836234583	0.1685413764761826	0.07141182293565684	0.062325674716227575	0.17145186057053025	0.06662258173451285	True
97e0beb8de77a6eb25dccf59f5d05846c0884ae20757b7374b58f72f40841682	product_exact_summary	product-3x6	0.5486404099884222	positive	0.11456570432647628	0.164500163296054	0.1902651186079386	0.1950905884503853	0.030590425154331302	0.03886629004501396	0.19738213178617048	0.06668347797246299	True
997e91ce957565d0fe12f41eec0f93f490b7a1abe7ca0e383b3577d453697105	product_exact_summary	product-3x6	0.5436259889270503	positive	0.10600496154518221	0.18803540555497522	0.19902406191739952	0.19011418199597624	0.021895741094388188	0.010988656362424298	0.1956876083059194	0.012268579396023771	True
9a0cbb5f0e4171c8e9eed7a34991116900483deb0009fa519b266fe6d06afd89	product_exact_summary	product-3x6	0.16469434235716568	positive	0.10704796584744272	0.18926351069200464	0.19551061707368722	0.20535255050031553	0.018585314621198223	0.01608903980831089	0.18640269874190113	0.015231447278408056	True
9c21a0276cdcdfa691c10bd67dcd24f2f6371d3c0538976e57de7aa9b3284c8b	product_exact_summary	product-3x6	0.5072522223183246	positive	0.11058798489983643	0.1512802874685314	0.1767436356093231	0.174695539393797	0.02546334814079171	0.04648043040587585	0.17687547300780126	0.06562342408640054	True
9d02209af8979c4b8e9de4d628c22811a9424c0b950a57b902479d2c5ddb9981	product_exact_summary	product-3x6	0.15772524823992953	negative	-0.13624913005633013	0.20642496561305038	-0.23509906202450223	-0.23697251187880317	-0.03739919808815803	-0.03054754626575279	-0.22539600307765015	-0.05074590609076063	True
9ef5e89a74508062e44c678d2dd385e77617623050a191353e3857118c043b1e	product_exact_summary	product-3x6	0.7151685805259859	positive	0.19204242323610587	0.25398272353604034	0.30540265549037704	0.31109732204519136	0.057114598509151016	0.07868219098183471	0.30176712359918423	0.07652395601707196	True
9ffb186cebb2f42a4bf8f492c6fc6c01f92cd0748270e16c8dca62ff0f660313	product_exact_summary	product-3x6	0.6774677358868522	positive	0.18949276691287742	0.24396776300255169	0.30642109698676545	0.3082817072081971	0.07256443683898939	0.0643139442056454	0.30500913340831654	0.10105095668120678	True
a115b2466926c81ba66ae1979029b5f299aef65deded58d191e3698a75ff571d	product_exact_summary	product-3x6	0.5448088989742956	positive	0.20824292104141617	0.1266668362176206	0.26583119235527	0.2664127490284431	0.1397459128108225	0.15065464972756237	0.2661168361486636	0.15162824345459486	True
a1bf3f525db024fb9b073a52ed6e87ed1fff15276c5afd0fac9072f8c4347ac2	product_exact_summary	product-3x6	0.13396103576958587	negative	-0.13570167276488015	0.1011221453706456	-0.18801917095494233	-0.18169081653443284	-0.08971252899532747	-0.08689702558429674	-0.1801080443094051	-0.09973736489649124	True
a212782e1fcff53ed8768aaef38cfb0cc062fe27258b68b0bd6677300c515706	product_exact_summary	product-3x6	0.011734181721697986	negative	-0.11033925678506856	0.21556970086038252	-0.22111276314148454	-0.21458276298615858	-0.006095750583978543	-0.0055430622811020215	-0.1696917073300693	-0.009218970728646608	True
a5f486e70be907397293eed23cf2ee011ebb458b7db51542b6057b6fda3acfce	product_exact_summary	product-3x6	0.3457933285886768	positive	0.10330655810755891	0.12179817669142487	0.1650345601786102	0.15788752225752337	0.04872559395759446	0.04323638348718534	0.16259807517068675	0.05576786260420685	True
a79dd814428679b23510ec50edc2e1516ed29225a24d9d986c7d2223f5dd6a93	product_exact_summary	product-3x6	0.4719995300924748	positive	0.10590079279635622	0.15602201451368014	0.18064668320646055	0.18201887424078367	0.031154902386251904	0.025996859727103527	0.17931818719501835	0.036243209522334285	True
a8bc93b3e40d97e6a63648a8eadd47d99efe79c7dc0f0a1b133f0fbffa699cd1	product_exact_summary	product-3x6	0.03496037337188114	negative	-0.17138470889819948	0.2808766144002488	-0.30923800792794665	-0.3112144205108794	-0.03353140986845231	-0.030337806110630555	-0.2897541197884092	-0.038930766136900885	True
a9095c095e6a1180427e541dd3d4d2525de93f751971ed0166f3ccf1b34779ee	product_exact_summary	product-3x6	0.6635370462866474	positive	0.12422857676845453	0.23131972794289407	0.24046963809684258	0.2376860209964919	0.009149910153948504	0.010771132540417172	0.2368698377769224	0.03335307064971704	True
a93b0d803a8e26e8bea6f015f6e1471cc96c49011959a156a0888669a748b225	product_exact_summary	product-3x6	0.5215670872272361	positive	0.15302371378727347	0.15061754939713817	0.21940239945362194	0.2236013695820233	0.07298382018488514	0.086645028120925	0.22210636118191973	0.11297180118280475	True
aaef4b9252339064d915be86bd843d2e4f92bd177eccc40fd1117507811135e0	product_exact_summary	product-3x6	0.4585658493703654	positive	0.1296086054574066	0.07823911536885558	0.15937908433488063	0.158728727664872	0.08113996896602504	0.1004884832499412	0.15826324148885046	0.06772784021950312	True
ac417f9522fb3c18af9c3cad08bc0157ee464f6fc2a2e58a9b6c53f83ea38bfb	product_exact_summary	product-3x6	0.13919170319640553	negative	-0.11307263225176067	0.11603734071735614	-0.1722110853531769	-0.1681578143561587	-0.057987450147362646	-0.056173744635820755	-0.17009739964228035	-0.06953272603052357	True
ad6465c11766b40015b06c3ab07183a4073dedc1f5d179ad55ddf4b690c0c1ab	product_exact_summary	product-3x6	0.5257868587873615	positive	0.10679573210054769	0.09623966077660001	0.1543661473690075	0.15328190787990525	0.060309556321190116	0.05812648659240749	0.1556199687534197	0.06636708293309601	True
afdcb6b70daa7a429f84e4e8cc00b191a1453cc8c23dcaffe4e7791c3315a8e2	product_exact_summary	product-3x6	0.2578091159469957	negative	-0.10311675073649731	0.14273071961975342	-0.1674361340747927	-0.1642185192586726	-0.024705414455039265	-0.04201498221432204	-0.16639303026157448	-0.035018382808720494	True
b08d1a267fd84721cae430f9d709cce9c82f33a4985ffbbd3502e1f61b9e416b	product_exact_summary	product-3x6	0.08198798635647656	negative	-0.1418037196996743	0.23175039568539985	-0.25758537192999353	-0.25444288075891064	-0.029164558640438	-0.025834976244593674	-0.2432486907456989	-0.033703492230679005	True
b26dca069e5f5e08bcd317ffc8e60aea3e1a26eaeb9c7d0a27307b0860189d6d	product_exact_summary	product-3x6	0.07631507560628184	negative	-0.11787428173657422	0.21869995245676463	-0.22336423631678406	-0.22647385602478418	-0.01238432715636438	-0.007773903568019547	-0.21696946075049325	-0.013753082105842224	True
b3080be527296810d34b056d4a6792015ae9e0e280841108c9d119a947785656	product_exact_summary	product-3x6	0.18166062480762604	negative	-0.11014862385741794	0.21284354816257442	-0.2139116260090048	-0.21054872518846454	-0.009748522526371345	-0.0010680778464303708	-0.2071082399344397	-0.027706000712645784	True
b32303756054fae8ae291da2a56880e19a1cd31c921b09dca4a1eda22812af78	product_exact_summary	product-3x6	0.7061747762674966	positive	0.19540989332503308	0.2515385834330759	0.31475257977681226	0.3128522968787589	0.06321399634373637	0.0779674897713073	0.30701587873704583	0.07306197911104573	True
b35d9969d822386c1bb72dc176f554554e36985f27c903bb11e3f15b2694d616	product_exact_summary	product-3x6	0.5425040462360426	positive	0.12781349561381095	0.12951472674324926	0.1864349439964585	0.18395355168812194	0.07167343953949995	0.05692021725320923	0.1838657331461086	0.07347043003958975	True
b49d5705c423cb96af8120c16db65ba894724173efcdc0e88ae85c0d3607a8e2	product_exact_summary	product-3x6	0.621078334741766	positive	0.14938651522947394	0.1780669882026476	0.2412767764763541	0.23162555352845549	0.06320978827370649	0.06714747693049239	0.23927486098616424	0.07760054134663363	True
b4a534b2d317179c61118b42b70468fce27e9912bcd22bf8e3074f4104ab1f5f	product_exact_summary	product-3x6	0.6129205456330924	positive	0.19615338657153109	0.17479909066147864	0.27933558454280244	0.27832731475933475	0.1045364938813238	0.11397945838372742	0.2787935131230834	0.12172255037432261	True
b58c7480cc17da4e37351f4f6db62296dd5827600ffb3ef8c205efcaa204a265	product_exact_summary	product-3x6	0.15704346511202208	negative	-0.15203473205828857	0.18240141373597554	-0.24403868882878435	-0.23932902567966471	-0.06474043843691243	-0.06163727509280881	-0.23708403844620238	-0.08273493234583754	True
b65e559509bfff9e5353dfe37c71036e500408fc171137f618cfae0d01c58a56	product_exact_summary	product-3x6	0.6223061341248664	positive	0.11149802675065512	0.13957791975638656	0.17382630972705482	0.17120789305652095	0.03424838997066826	0.05178816044478929	0.17255469653101196	0.0530646371112965	True
b7d356b4542e3cc9852585d34271a50ee62fad0914eab7a42b310e3bdf8803d2	product_exact_summary	product-3x6	0.04560909745382465	negative	-0.14205999282395065	0.25634290297299545	-0.2676612577657131	-0.2666019472167252	-0.017518038431176115	-0.011318354792717658	-0.2497319640355327	-0.021337548007302316	True
b8c5b5ce288367565723abfbb531fb8a80908339fc5b3a30d5f6d12b1f9ca9ad	product_exact_summary	product-3x6	0.696551364465398	positive	0.19633838220389688	0.16823806393188	0.27556332504848025	0.2818582239851941	0.11711343935931351	0.1136201600533141	0.272305427529224	0.10806919019954708	True
ba08d7d8cb3fb7cf23eeaac5be03022ca04ed4ea8a20af295a76df8a61695a8f	product_exact_summary	product-3x6	0.1829205247644479	negative	-0.12721527880782513	0.1804408333789432	-0.2150768669445919	-0.21467744248973583	-0.039753115125914396	-0.034636033565648705	-0.20889231768367597	-0.05014417191250162	True
ba76d756d54cd88fcb7fa860c047c0dcc39d8146912cb741ff1eba971a6d87af	product_exact_summary	product-3x6	0.15072261707782555	negative	-0.11557402335451819	0.16438406608257292	-0.193071555319253	-0.20026696346858106	-0.03588289738600814	-0.03807649138978339	-0.19784424207139914	-0.062396916322742274	True
bacf514e6c746a951e1e4837d13d0d04d8873283b01bdbc248375ef8dbca2761	product_exact_summary	product-3x6	0.5948934571773449	positive	0.17214909543488238	0.12662059877247644	0.22001203735240837	0.21987374576383034	0.09339143857993193	0.12442444510593442	0.22152410398566547	0.10934430754669694	True
bc102243c7fccd6971e652648e429001f9388aa05bdd6abb344518192b870d34	product_exact_summary	product-3x6	0.567630048182241	positive	0.1093830849087084	0.05821525886291323	0.1302276443816559	0.13451527801234847	0.07630001914943524	0.0885385254357609	0.13440086243936483	0.08784528881046899	True
bc401d28c27c33288d230dbb1ce70f46fdcfbfec7c02867f23eb77dc56f97663	product_exact_summary	product-3x6	0.7899693224084291	positive	0.21663985945392722	0.24225178544359605	0.324493998089578	0.3313480149088067	0.10878572081827642	0.08909622946521067	0.3208006172185881	0.1258857037358605	True
bccaa13961dec54508de79155714d35461adf71669d1d40296ca7e5624a57489	product_exact_summary	product-3x6	0.6581664712836168	positive	0.15242751816823633	0.18409685959802302	0.2342519217638141	0.23575268228842516	0.05165582269040214	0.07060311457265855	0.2233850908868381	0.06743224128412961	True
bfd8cffbda2b716a97efc0eb0e61ad90bcc25f8c2ae72a863bb50e166041c22c	product_exact_summary	product-3x6	0.5769755471667356	positive	0.1332529689130145	0.13933916461883727	0.201144984494305	0.19630216857524435	0.06180581987546774	0.07020376925078464	0.20049350181693132	0.07085708375314359	True
c11dc5e22e0c11bf43ef208005e970833653bae529752c5656bd4faf2d9a572d	product_exact_summary	product-3x6	0.3048484961224708	negative	-0.10814608252966817	0.05219501817128419	-0.08746469615891661	-0.0847322505330399	-0.1369272687043241	-0.12882746890041974	-0.08555000969345783	-0.15281950080327455	True
c12f150ba3a68d9dd2b453479f139cba813b094b9d8ccd7b3198af61925dd670	product_exact_summary	product-3x6	0.6672820924044469	positive	0.1530207015004771	0.21721378059830976	0.2587342894437417	0.2590369758672788	0.04730711355721251	0.04182319526896905	0.2570543327662184	0.051178866620016694	True
c58a3b2740de68c79ff77b984689ac817010785dfe3c5abe46191dbe969350db	product_exact_summary	product-3x6	0.5905814648224623	positive	0.12568339468915685	0.11903981615459158	0.1838077219965557	0.18464860736555488	0.0656087912109633	0.06755906738175799	0.17990588597080037	0.07732683353376324	True
c5e6e0e510f1ad931ca9aa7c5b2b12423db6e6123458780dec0c1a99fdffe6b5	product_exact_summary	product-3x6	0.118884151234439	negative	-0.11103525074194884	0.06643184382119853	-0.1431249134358082	-0.14353351069312364	-0.07710166687192511	-0.07894558804808947	-0.13461302970102462	-0.09251074581873979	True
c7a8d9cbb61151ec1ec9d3b9cc809a14e99e24f6ce24f97e6fa57f7159a33a2d	product_exact_summary	product-3x6	0.5987728294915382	positive	0.14002346488748865	0.1963856030672989	0.23984562552208233	0.23349851927457516	0.04654841050040215	0.04346002245478342	0.23693367971351365	0.0340300390678836	True
c7bf65ac347d0b91b27c184e2166e5268851f6765965559af29ca0ada956300d	product_exact_summary	product-3x6	0.6706033574897216	positive	0.12497247212791662	0.1870177238661272	0.21904062426513754	0.2139349747938003	0.032022900399010346	0.03600996946203294	0.21346594545475067	0.05450368487635282	True
c8a2d0d69d7703a3a06216c352924f0f1d53619450590313dc5f4a557264de5a	product_exact_summary	product-3x6	0.5410473850396358	positive	0.1318962797528468	0.10169724864284974	0.17949121779059585	0.17802842743299185	0.08576413207270173	0.07779396914774611	0.18354972090041732	0.08589811956962379	True
cc2c7e61095478eb4309e1f5086db8aaa8e63e8c9bdb97a68777280564c8a3e7	product_exact_summary	product-3x6	0.036102296046314264	negative	-0.1297719188788891	0.2539715760859784	-0.25114438594496047	-0.25913708698739146	-0.005165510901413019	-0.008399451812817725	-0.23329999555892267	-0.008269205767746653	True
ceb4bc6cea9f7fa418c5216aa34860efeddc12cde27da8e54b715778b55d6e2f	product_exact_summary	product-3x6	0.17291413120441237	negative	-0.11123052933679944	0.09543753492926746	-0.15738444460044257	-0.15724979171832884	-0.06521126695527005	-0.06194690967117511	-0.160946208093906	-0.09790971141923124	True
cf55fa6cc2a777c72ab42fc1dec9eb5228e5f74bbf92135963f8481e208ff7ea	product_exact_summary	product-3x6	0.7328322682300162	positive	0.20468107737229407	0.31772353825172717	0.36002494827164855	0.366463284717528	0.048739746465800815	0.0493372064729396	0.35538221449466023	0.061432496910220014	True
cfb0d984159509005cfff05dec6c5ab683650002e747b832c2de962f6476e11b	product_exact_summary	product-3x6	0.7703826345499787	positive	0.21474347044079878	0.23388218442190822	0.31615858284136833	0.3170279437312008	0.08314575930929258	0.11332835804022923	0.3126556704477734	0.1123455112299645	True
d34624eaa90a6f0258760292f2d1a32a33f6af9af1d30bf21bf4e7e6adaa6179	product_exact_summary	product-3x6	0.6615695623627409	positive	0.13274245128788592	0.14338259008005905	0.2017245862850946	0.19813616013309243	0.06734874244267941	0.05834199620503555	0.19791887275920977	0.05104611195048658	True
d54250713072e2652b91792874e148ca901baada225790e655c5932b7e51d915	product_exact_summary	product-3x6	0.06261497310815173	negative	-0.12097382388789753	0.22069437278471277	-0.22781692913914797	-0.23140639791516476	-0.010712025130451996	-0.014130718636647083	-0.21724828862473256	-0.015305014637549005	True
d5ced2d379e6c4c349257dc1828b30a17256b0cef3d369804065af7d53ffe906	product_exact_summary	product-3x6	0.621729110942802	positive	0.1944617255988076	0.1649832546438248	0.2747858161043635	0.27578769794718916	0.11080444330336436	0.1141376350932517	0.2764641969892562	0.12403829432627705	True
d7bd482b9e426454e1ea996b0e879454e0edf9c58614ccc627071fc2b59a97d0	product_exact_summary	product-3x6	0.5950442427810744	positive	0.17798264909327702	0.14080216192269884	0.2422737022877764	0.2432011458419603	0.10239898391926144	0.11369159589877764	0.24588896522179182	0.12434387836471134	True
d7ce64681ffb7b081bb31a9c9a469ae9e92b3d5e3042cec9f4c3b95a4c9394fa	product_exact_summary	product-3x6	0.09016529710873385	negative	-0.1078327497563093	0.1592171875141023	-0.185463315859059	-0.18808480025808821	-0.0288676127439859	-0.030202183653559575	-0.18377171952219568	-0.03729716886109359	True
d89ee9cca8296497e64b6c84a6fb0afab14635bf0133223128476ae095447f39	product_exact_summary	product-3x6	0.54207934606982	positive	0.15379461116493365	0.2104419707475243	0.25710207099311155	0.2551299141182714	0.05245930821159589	0.046660100245587255	0.25762751828236335	0.07913275561201588	True
d9e3b3173c6a30894441e681f48649c3ec28f6a2ab43a5c4630956bd9647c56f	product_exact_summary	product-3x6	0.25600308237946706	negative	-0.10899486444961448	0.061371849286999736	-0.12662680572852225	-0.12751363743957883	-0.0661417881525791	-0.09136292317070671	-0.12401933581464453	-0.09776592507795773	True
d9f437b662e6303ca9b8cb05e8a973e861b9862b6706163ed29c5c353f5790c6	product_exact_summary	product-3x6	0.07716742694354488	negative	-0.13387029498886455	0.2434664568697914	-0.2523227103838192	-0.2540994996619093	-0.015417879593909889	-0.010633042792117894	-0.24584972836150232	-0.016832938515672413	True
dbaf00e827aa70150e7e5cc1dbc80b98f4857218545993da0097c11e5ef1884f	product_exact_summary	product-3x6	0.08012371727441413	negative	-0.13947688222846313	0.1663637645314608	-0.22183152236557463	-0.22206034810404512	-0.05569658357258432	-0.057122242091351624	-0.21862478114142703	-0.06351834606096805	True
dbebde0c8ba5803b11c941476a67ebe0ee808ee77619385007d7837210d30a1c	product_exact_summary	product-3x6	0.4634051301136125	positive	0.11190619539031682	0.1028514636847605	0.16341149262682642	0.16165019854199825	0.062162192238635394	0.06056002894206591	0.16648989629975736	0.06802548807872333	True
dfd459c78b5716baadd7c68b380aeb97487cbae8a8a35e87b056e46764a31d00	product_exact_summary	product-3x6	0.6691296444916436	positive	0.17190405290769178	0.2526361908590095	0.2960122747429994	0.30011533857445366	0.04747914771544415	0.047795831072384165	0.2919122659873061	0.0446529187806578	True
e233e7e2b4370a8908223585735ac2352fc6d77224c1e593bcfaf430dc0c2563	product_exact_summary	product-3x6	0.149401234136841	negative	-0.11913494255559007	0.15661064604954084	-0.19371903719061404	-0.19216044877703928	-0.04610943633414086	-0.0371083911410732	-0.1865456662663176	-0.060344805423101444	True
e27d92c926bd451f9cd8f320f6084861302e9cbc1469e0219fc9e5b055c3b118	product_exact_summary	product-3x6	0.100443497879244	negative	-0.15931763270645283	0.26126238337582897	-0.28670031321459666	-0.2846277187098857	-0.034007546703019975	-0.025437929838767692	-0.277588991867762	-0.04285950055849794	True
e41e21dcadfcfb5468279bc152ca7d14ae7e6c99b29fb0b06b92c16f55d75c87	product_exact_summary	product-3x6	0.2869362612468102	negative	-0.10777965176814691	0.08798160428412088	-0.1377331933832529	-0.13980830243950787	-0.07782611015304092	-0.051826698155386985	-0.14279552949785185	-0.05868779745341762	True
e58265e391a095dad08eb3e6d85947003a8d717b60a90d1e6f96a66d8aa49f8d	product_exact_summary	product-3x6	0.542676708442611	positive	0.10965533790273074	0.10387242677800967	0.15663717371286462	0.1564931054471756	0.06281757035828589	0.052764746934854945	0.1528280873205891	0.05827673351551488	True
e5f3bda1e7a83862f911ec1f857c3488abb6448d07c94e923ece78617a6a0613	product_exact_summary	product-3x6	0.2836197945139731	negative	-0.12262416396771006	0.04143617952090528	-0.11154857841545068	-0.10821833948044501	-0.13369974951996944	-0.1496545190013503	-0.10803834248355737	-0.150571656116175	True
e5f844b5ac10739a8a4f792af4a606704493faf8224ea8fbd855fcb59e5ff3bb	product_exact_summary	product-3x6	0.4864431936077742	positive	0.1378535917922446	0.22170461423404408	0.24644742915759288	0.2397052026498552	0.03600198093463397	0.024742814923548795	0.24469584788323312	0.060237284303855165	True
e9c09787783bdd4a3233d6b168357ff2f0740fc637f5393b6bd4d6e0eb3883e3	product_exact_summary	product-3x6	0.1921162141026997	negative	-0.12019011729434415	0.1177190019945652	-0.17267923855657918	-0.17674254119618032	-0.05902353920161513	-0.0677009960321091	-0.17352900918088915	-0.09224461548503765	True
ea03ef5121ca7595c632ef60c88d2f0244042b3478a8e414ece237b64d19e7e9	product_exact_summary	product-3x6	0.1460603801510944	negative	-0.10240340619188032	0.17556735509520943	-0.18875950970060096	-0.190165836264845	-0.01459848116963558	-0.01604730268315968	-0.1884403479035101	-0.03521429161782405	True
eb9ce25380c9b5940c31740deeb625f6333db2cabe6e3bb7083f413d114291ff	product_exact_summary	product-3x6	0.28897040535782	negative	-0.10948715817009597	0.008388212682655438	-0.11080856312836679	-0.11426002769077631	-0.10587181500812087	-0.10816575321182514	-0.10967333853136968	-0.12269580941538616	True
eb9fbdf3f9ebd3afbaa500d225f9c917fe07e0b1d0787859ccdcf3a0a2e42e94	product_exact_summary	product-3x6	0.1926240311562688	negative	-0.13184376789700822	0.1318885478503236	-0.19599607668701569	-0.19552522832752833	-0.0681623074664881	-0.06410752883669207	-0.19727167448411032	-0.07810030146305713	True
ec6a8055561ec376555168b2c85a4e05452a4bda64c81410cc4e08b1ade39a3e	product_exact_summary	product-3x6	0.045199180790062576	negative	-0.1223977190764063	0.2011166248472686	-0.2261419420292572	-0.21566885874457836	-0.029126579408234238	-0.025025317181988582	-0.2136296415633065	-0.03888235008341187	True
f01a508b8f3555146031533f0d03f843b1984266ea8bafad079ed91a4093a869	product_exact_summary	product-3x6	0.02133108024204949	negative	-0.13534140051250076	0.26737157021892816	-0.2701119198901965	-0.2667425230066531	-0.003940278018348467	-0.0027403496712683738	-0.23584679606081055	-0.008269638724128042	True
f211b1ca9f1a5221182a8d387dcfc921ef79c5af8790352b2c635249608163a4	product_exact_summary	product-3x6	0.022337724611921194	negative	-0.10448118556827198	0.1819525830290689	-0.1960551037563527	-0.1939789173665237	-0.01498345377002026	-0.01410252072728382	-0.17313906209263932	-0.016567185381217753	True
f30f208510148f0695bd41f5f1ab8f3e54bbe0540fe2839636f4ec486cc8d657	product_exact_summary	product-3x6	0.7435801143116623	positive	0.19907495803392972	0.1938469206940978	0.28293132235096374	0.27648163351817234	0.08908440165686593	0.12166828254968709	0.2774307310163922	0.14373659873364542	True
f3d16a9f44faec3aadf3a6aa414a1e57546c31596ab1d5d6a5c13c3a366ef5f2	product_exact_summary	product-3x6	0.528747477803985	positive	0.10342791938339005	0.14821814379684106	0.16786058370183743	0.1750683998616528	0.03899525506494267	0.02685025606481173	0.17380750342783097	0.07104603881264893	True
f45d11e5437414b7bc9b345fb4366ac9afce97a9fe8fd83226773a903aab45be	product_exact_summary	product-3x6	0.6991885257909488	positive	0.19224996787831922	0.2518092634107231	0.3038726928508483	0.30772017187307604	0.08062724290579015	0.055910908462352915	0.29936005188685977	0.10895829657476175	True
f4784c5a2331baa084fb561c08b0133f71e0e8089ac41f1f4618c7f383a56408	product_exact_summary	product-3x6	0.6859163213909762	positive	0.2340481963614704	0.17185908715707604	0.31597635210922315	0.31903745699379144	0.1471783698367154	0.15212004061371764	0.3125675106844731	0.13756861141390664	True
f534a67e2e3ef3262ada32c2fd2f34fcf5e5ec24b02baa92f1fd033b1a46f27a	product_exact_summary	product-3x6	0.056272261313586536	negative	-0.12068405922255891	0.24738227125462123	-0.2520849211388291	-0.23450152414669545	-0.006866594298422374	-0.004702649884207842	-0.23669666916120957	-0.01115980759137361	True
f56086f4069399dfae5755a92af6be998f61adc1ece49ba7edf3e7be14c981c6	product_exact_summary	product-3x6	0.46856751417721654	positive	0.10245256701604563	0.11976696263337827	0.15954685864578383	0.16116697190137602	0.04140000926799775	0.045358275386307434	0.16072596220175117	0.05313317254513905	True
fb181681f742c76d991e86fe9a56ae923cbb545c27e6e95ea435a95630d215a4	product_exact_summary	product-3x6	0.41610156076734595	positive	0.1053618741737666	0.047372582813889286	0.1299588941662715	0.1277721898440609	0.0825863113523822	0.0829515585034723	0.13505473146862074	0.07628849358975526	True
fb6abda67778e2f6cbb9b7839539e8a3ae88d66e8022eb5bfbe271ac68a53c65	product_exact_summary	product-3x6	0.22465253925930467	negative	-0.10162989917120685	0.1306973245248938	-0.16481862700415156	-0.16254446498525238	-0.034121302479257765	-0.04071533335716132	-0.15761526386453284	-0.06584569355616443	True
fc235da8b77437faeca91a1a17927f55b6c33f067a7c3cc477cad03ed82676b2	product_exact_summary	product-3x6	0.05272637524329884	negative	-0.2051702163329139	0.36919020859759594	-0.3896435962328474	-0.38724972009775016	-0.023090712568077647	-0.020453387635251445	-0.3638905561750691	-0.01949870250546678	True
fc51829010eb566e16a4c5906bd2b9b3c4987ae3ff76895f2789c69069821299	product_exact_summary	product-3x6	0.2753040861124858	negative	-0.12458460257864035	0.06095566398868796	-0.14364695056246307	-0.15099258700262141	-0.09003692301393346	-0.10552225459481762	-0.14358078143707032	-0.1303449141962939	True
fc65c1e53a0c41eca7ca91df1e991adce622e4643baa915924358f84f7affa23	product_exact_summary	product-3x6	0.08690719485115701	negative	-0.1025760025525598	0.17248812574467887	-0.1929484887179237	-0.18288665229840384	-0.020460362973244828	-0.02226535280671578	-0.17768677855501752	-0.03347895757278825	True
fccb36b0c6c94bee8f34f8cf1a3c9c97f170481d576a44c67bed442ee5e811db	product_exact_summary	product-3x6	0.12221655324357011	negative	-0.15257879931414237	0.28896529761462175	-0.2947501338476108	-0.29274552348371313	-0.0124120751445716	-0.005784836232989005	-0.28353036117873814	-0.018173209220593706	True
fdb0aa99b97523945cd7c1811b43e2f8191d7749b94699f0378993d4f515f645	product_exact_summary	product-3x6	0.12693323905534865	negative	-0.14693451462517026	0.21768885323934847	-0.2540356645260881	-0.25174478991718147	-0.04212423933315909	-0.03634681128673964	-0.24278148471846778	-0.0480649060450907	True
febcbcfebbaf69bec832b7d6b42522cebb115caef26516abf06f970e6a64ebf1	product_exact_summary	product-3x6	0.7386102656706462	positive	0.21886381002807137	0.24130413161811415	0.3330629970805896	0.33903000606049727	0.10466462297555312	0.09772587444238312	0.3239002848233525	0.10526420922089719	True
001afa441736bef0e7e74213097f80d494ead85b79f1a9c9bcfc297c52731d5c	product_exact_summary	product-4x4	0.4631685390617183	positive	0.12990453735609941	0.12902309434669545	0.19080989847451857	0.18907314134084452	0.07073593337135431	0.061786804127823114	0.18902206762114687	0.06991672894088086	True
03fbb8bee74a9bbf9a1fe4248b87cc64831d7e5590f5bbeb79031bb6c9900236	product_exact_summary	product-4x4	0.6848864539056185	positive	0.10989796530940188	0.14388252354643294	0.17639287329484055	0.18373112194790941	0.039848598401476476	0.04340305732396321	0.18313897959781666	-0.011974590781430039	False
0544ccb69e877ea25746b0e6f3b6eae74d3961580cfc26393a55f1fc699d0971	product_exact_summary	product-4x4	0.025525101490874044	negative	-0.18366862222063876	0.36308427411599503	-0.36705391978806623	-0.3628623273419017	-0.0039696456720712155	-0.004474917099375798	-0.3640303451717241	-0.004867184136984136	True
0672eeb13c645454759d975882874c27bc003f0ee49f1815cfa55c2f93cfdf1d	product_exact_summary	product-4x4	0.6214754589186017	positive	0.12695958069498672	0.11064285465058721	0.17488409980206043	0.17433389150205475	0.0795852698879187	0.06424124515147323	0.1730041784596914	0.06064484160092998	True
0c606528bf421135c2b3642208a092360d46d9883459dcc8e51e8b6d2945e52f	product_exact_summary	product-4x4	0.5043007234148842	positive	0.11584943266670555	0.11901000897745595	0.1710290940848198	0.171963445449616	0.052953436472160054	0.0606697712485913	0.1714740583169208	0.08907853946047645	True
0fbf3aeb56e8b6440f39668b83b5c06ed5291905a86e451e3ccb0564005a8a9b	product_exact_summary	product-4x4	0.5305961318423974	positive	0.10390350800263912	0.10770746070340625	0.14868600374045482	0.15216226935751626	0.059121012264823414	0.04445480865411	0.14809315057245442	0.05668881800316411	True
11740b418fc6f30ca3d1dffa506134ce376400500a7e2f5f576bbeb44cd94e11	product_exact_summary	product-4x4	0.17775322166720797	negative	-0.11257569011397098	0.10898504704034201	-0.16550448428226155	-0.16780099601455162	-0.05881594897420961	-0.0596468959456804	-0.1673362855507753	-0.040765483370638955	True
11e313c7e393bc4bf0d9001a067460124dee380b540d5f1c938d39e60b662ec1	product_exact_summary	product-4x4	0.1493977547265739	negative	-0.11221427900438644	0.18045882087797852	-0.19883492784971601	-0.1962393157088499	-0.02818924229992298	-0.0183761069717375	-0.20049747641872817	-0.01287366124036099	True
13f702e60824d14111a3b74887528582569b30d6e196f8f2d5d8b94e1e3f3df7	product_exact_summary	product-4x4	0.3605887735803944	negative	-0.1022845299748121	0.04996807648745244	-0.08615303050442896	-0.09020534186684792	-0.1361211069918814	-0.11436371808277629	-0.08266518493914737	-0.11983554496704979	True
150d757f5591913de56c617907eb53f3fae254e847879f6591b88cb4306748bb	product_exact_summary	product-4x4	0.6702400863172987	positive	0.14358571200603765	0.17017241154320034	0.21095702755655682	0.21052645613510867	0.07664496787696662	0.04078461601335648	0.2113082563249551	0.04452898546979711	True
161693b506bfb564f1d6208220316e3201339f0f5f2868b5b302a88a571d2a34	product_exact_summary	product-4x4	0.41138614868954376	negative	-0.14222268804134103	0.21014513161012455	-0.04081398633733102	-0.04171754162671654	-0.24272783445596552	-0.25095911794745557	-0.03767832372752217	-0.26422464841910825	True
181839948ba45ce062a6445f89aae13f04e92a1dcd787709b78d30fc63fb4630	product_exact_summary	product-4x4	0.2925178711925729	negative	-0.10930077147498343	0.13702740935556185	-0.16891395883258098	-0.1652146598258507	-0.03188654947701913	-0.05338688312411616	-0.1643098067386799	-0.01657544833562946	True
18e321a489962c6be0b1a094bcbb2c2dde67b1231217b7fa9730b9a249c06a37	product_exact_summary	product-4x4	0.47891360389051674	positive	0.14617773410771334	0.11259192660194656	0.196322731335915	0.2016334417032224	0.0960327368795117	0.08904151510127584	0.1993865006884838	0.11133292029851238	True
1d9fae0c958a62ad954da8076b7b19cda04edfe68a6f3a5b8cdce40d4f74d821	product_exact_summary	product-4x4	0.6289975267518816	positive	0.10144333625669016	0.08617116640983624	0.1369604835137952	0.14240775546129814	0.06592618899958513	0.056236589051461894	0.1415620788598646	0.043499997399922496	True
1ecca0059a3fbd5af6c34f87c074fc2d73d7c2fb69637c0f87b6523ad7e5abcd	product_exact_summary	product-4x4	0.6971807923308702	positive	0.20046158287885582	0.1335852381751057	0.2640754354317377	0.26310070060088925	0.13049019725663202	0.1378224651568224	0.26656537510151757	0.1201238976854051	True
20c1e8495d7edd64772868911c0c9f146b34719819c5cc50b881396772ed61d8	product_exact_summary	product-4x4	0.13022491672831812	negative	-0.12099512882421136	0.14769524107163554	-0.1902220917855286	-0.19418143760570858	-0.04648619653407304	-0.05176816586289412	-0.192760326992897	-0.03937263645344785	True
22255a855dc5a82be402ce1650fb169c76d6a61e497642e2a0902c008a70a3bf	product_exact_summary	product-4x4	0.6870640253959848	positive	0.1327877255683251	0.19749854405934464	0.23541788548733555	0.22713145499051085	0.03844399614613936	0.037919341427990916	0.2372804638547396	0.014771692712178264	True
25b4a5e23650ff91dc6bb35c81447a50e3f2baf7367c2475a81a5981725c41fa	product_exact_summary	product-4x4	0.49082398255557247	positive	0.10721811040040066	0.18083828229906979	0.19143741592037317	0.20008850992140426	0.01925022762233447	0.02299880488042816	0.19781512267690005	0.0638604703291144	True
28a9049db48ee1dc7cfa9ebeeb11e022659ad31e16254d44a3ccc70f8d8ffe6c	product_exact_summary	product-4x4	0.599764754133303	positive	0.1331069926930864	0.15229686255137226	0.20675540961241545	0.20712930402135382	0.05483244146998156	0.05945857577375735	0.20905418472386633	0.04296015315904245	True
299196fba978ac72c04fc17d432d46c46aa4606a9433917d08060d4d4ae01205	product_exact_summary	product-4x4	0.6346889009549461	positive	0.1630976810096375	0.095695533615685	0.20775357902632818	0.2082950918390502	0.11844178299294683	0.1125995582233652	0.2112322058483116	0.0951801738502005	True
29d4317a36b9b388ec8659df7e6123e2fd46c71b46c0a7d37103856237698d16	product_exact_summary	product-4x4	0.5511618680523703	positive	0.109749047013015	0.09722289571841342	0.15376874596502432	0.15506916755485645	0.05784627183644303	0.06572934806100567	0.15369910997480213	0.0730272115407366	True
2a3bac0350fe4f7dab8968065a38d1aa0cd91ec74a2c28e5735c96b621ead800	product_exact_summary	product-4x4	0.6513834676299932	positive	0.14939900099468229	0.12373984606152677	0.20148644822680983	0.20290778568661083	0.09731155376255474	0.07916793962508406	0.20564079096780863	0.09244181593072176	True
2af38c5801e4c51642855bb22222f64bfcf246c9eaa33090ba37dbcb9f7eee5d	product_exact_summary	product-4x4	0.2297021704720996	negative	-0.11344737243627581	0.17797256825161564	-0.1951392461227303	-0.19212967257637184	-0.017166677871114644	-0.03476507229617978	-0.1924602129931143	-0.0010076920569485337	True
2b038410eab5c698fe3c69409ffa842a09b2913ed5c9362cb0be68e3ece3cc21	product_exact_summary	product-4x4	0.5240535027571372	positive	0.13533845036388706	0.13422928800377926	0.20111518848738558	0.1918950704408497	0.07878183028692443	0.06688590048360632	0.19906829690978506	0.10108391982610349	True
2ec15b2d1bfd24f51df3c19866089a48da477d58e97c8b3237768791a6e78f30	product_exact_summary	product-4x4	0.5962397703498448	positive	0.11884368758734043	0.1174671911640276	0.17194079676912943	0.1707977651640784	0.06688961001060245	0.05447360560510184	0.1724703309627737	0.058446125145276584	True
2ed81ba571355ba268a9506819ef1308ae358bb70b33d2024cea47cca3840de8	product_exact_summary	product-4x4	0.6696875336693359	positive	0.14870941331396625	0.13536972768334576	0.20686245285284222	0.2065740281660704	0.07149272516949645	0.09084479846186211	0.20883094579774641	0.07183838277534249	True
2f6215f4a38a0d5719a1e83b563a53d2224d30e0708a08d81437b59e8a9476eb	product_exact_summary	product-4x4	0.8141002333029529	positive	0.31673749966402776	0.3238984295694204	0.46308502095406756	0.4687956431427607	0.1448972135733403	0.17038997837398795	0.4662682033157312	0.1298251662121589	True
313e9cb37de989b72154535ff278123798b2b40a02222348420fd6c348425b8b	product_exact_summary	product-4x4	0.5588760350272308	positive	0.11009199538043604	0.16044368417939053	0.1853058254010977	0.18598012161584626	0.034878165359774393	0.025536437436455728	0.18395896966048525	0.028371251529841213	True
338c510c839c029edf72250d77396c1a0f15c80bb09b52ea8682d0e73f1f15da	product_exact_summary	product-4x4	0.5507943893378872	positive	0.1309118551823955	0.052315016646752865	0.15632490716337832	0.15194647070482092	0.10400989051662546	0.1098772396599701	0.15828876429563699	0.11871981987566538	True
33eafd6db1177b1b9c243ff39f7ee53f21f3a6ede4484c249c234aa0689858f5	product_exact_summary	product-4x4	0.44679926875417164	positive	0.10148242469188129	0.1063030426912081	0.15146390783766012	0.14946935414288776	0.04516086514645201	0.053495495240874824	0.14674001132927955	0.07077085224228968	True
3864517454c6abe73a018b5df781cbc2b90837faa4a135913ac4b3f5abe262f9	product_exact_summary	product-4x4	0.6630222086766071	positive	0.14031330905736455	0.07388118653994041	0.1637840457767053	0.16167066132066243	0.11895595679406668	0.08990285923676489	0.16920941977453213	0.08745467531697582	True
3a18239369f2665b871ef0928edaad801255ee60e4866d40e2d48c7ea2d0f128	product_exact_summary	product-4x4	0.5871100101163673	positive	0.14709808093627758	0.08817906592660951	0.18069030759823207	0.17861236220087712	0.11558379967167803	0.09251124167162256	0.17810566894867685	0.09332559249634159	True
3b828548ba1580be6df629cef3bda95b56a9e558df329ce689440d2c44b679cd	product_exact_summary	product-4x4	0.5772931504074181	positive	0.1387363473137102	0.12859568635802276	0.1959356501869859	0.18892238251414678	0.06733996382896312	0.08855031211327363	0.19790609728903963	0.08687186136244868	True
3c01de44fc1c20d2d53956eb476565e410eaa6f2762d97f1957cb79fcc170929	product_exact_summary	product-4x4	0.6989969149504479	positive	0.16217050662328286	0.19507035200549533	0.25299200819089973	0.25381028003987777	0.05873992803438244	0.07134900505566599	0.25638100193129254	0.0678058499659866	True
3c49c0e96cb57888d9db9479a5ef8cb09ca93e826e6566befad5bf0610526559	product_exact_summary	product-4x4	0.12752986356666385	negative	-0.11586287058192477	0.14418499060154458	-0.18332738190358866	-0.1858942026325499	-0.04170921203100533	-0.04839835926026087	-0.18618682399766034	-0.03725293313065031	True
3def7f0876617b0d97645afe6c156bb4dd1a4ea0df4b13805adf731c57183ae1	product_exact_summary	product-4x4	0.6570825242207551	positive	0.11103582010631108	0.16935202442630504	0.18726210951828837	0.19470965567851672	0.03480953069433379	0.025357631252211688	0.19475143675596102	0.019019077074631907	True
43f0110515daa5adeab2f0caa858374817dca3ce0023adf746ae672b27d6a54c	product_exact_summary	product-4x4	0.6310469013289424	positive	0.15296471390852456	0.06354188147286882	0.183336124212157	0.17822448258721535	0.11979424273928818	0.12770494522983378	0.18514490209150308	0.10525779129622859	True
45546c29c41c398765aa171f589c4c17b48ab418f29d120138ccdfd79f0f437d	product_exact_summary	product-4x4	0.6103696832089394	positive	0.13516130213260327	0.0814795095855223	0.17303903365044287	0.175434225285375	0.09728357061476367	0.0939547156998527	0.17651335045694005	0.07413448063723549	True
49a119ca01bef9fae13572ca659492fc4c86ea7f8ec0f0b5e873a77a6463fbc5	product_exact_summary	product-4x4	0.043707493491919325	negative	-0.10587451114775956	0.19102182867170064	-0.20253480599986945	-0.19824813317946655	-0.013500889116052586	-0.011512977328168812	-0.19936121344275692	-0.010311537652267028	True
4b80425fadc28b7731f57f3a847a0b7219f6e6919f88bd540c83aed966f7491e	product_exact_summary	product-4x4	0.6252502891916348	positive	0.12874867946801277	0.11711410388869276	0.18019503728271546	0.18449264718707387	0.06737854329838111	0.07730232165331008	0.18397337621564308	0.05641673775375855	True
4d6949747d6af5a10ce76006e8e0be14bc587a6d83553b3ebe32dd984f77d8c7	product_exact_summary	product-4x4	0.5929427725405406	positive	0.11860944590115802	0.014910226296878604	0.12608705695886496	0.12395342720355024	0.1132654645987658	0.11117683066198636	0.12518812152069575	0.10604709380955335	True
4dd3f29c210a3d3f64ddc6a3cf8b2796c68f5ea2681354ed204b02ae6676a2f4	product_exact_summary	product-4x4	0.3545978973978971	negative	-0.16013336535049472	0.06949945571137328	-0.1318827942936916	-0.13238561069984583	-0.20138225000506488	-0.1878811200011436	-0.13011924663900826	-0.21643417522117364	True
4ea9f0a589d5f4e11c6da8b226ec80a39b69d28f09fca3df101d3f0c63f11659	product_exact_summary	product-4x4	0.14786603165222534	negative	-0.11547128841630397	0.14733777264654208	-0.18301515856585476	-0.1845576772422195	-0.03721990459567742	-0.047927418266753175	-0.18604990973040392	-0.032556434854763616	True
50a62b4818b5584bd8d2cfe78617d306341910979487fabff8bb51547362471b	product_exact_summary	product-4x4	0.7202333642256069	positive	0.20408810596559032	0.14651619380221825	0.2617244370484104	0.25818984072330015	0.11520824324619217	0.1499863712078805	0.26460541347904687	0.12463193699668129	True
51aa7b956f6bcb07c84fa7cf0c3b82fad90c27e1113168e74e2eeed4ed3e1dc4	product_exact_summary	product-4x4	0.3068645893043905	positive	0.1093873892784083	0.12623691598339593	0.1670210050759237	0.16786693548007847	0.051753773480892884	0.04163001949668255	0.16183791983839227	0.05864259380681813	True
51b85272ac4340211d7e824d1959a877451697022f29f14c430a3172c361f43c	product_exact_summary	product-4x4	0.5497963465821677	positive	0.12180909729842915	0.07784901498483415	0.15105667637635178	0.1553532960483502	0.09256151822050651	0.07750428106351603	0.15644978435526108	0.10594047724686118	True
51ba961909e9dbbb95ca0dcfa1e92dcfc9e6429e972e0b9eda530989f64d40dc	product_exact_summary	product-4x4	0.6350293449191006	positive	0.17041126691810485	0.16269502614505904	0.25568334016607286	0.24565295860173203	0.09298831402101382	0.09516957523447767	0.2574592974528746	0.10219129609440214	True
53588138f1cd3b2e443f3895ec8cd6917be9d95009d4e33f658136b0f506b6e2	product_exact_summary	product-4x4	0.17607666336745395	negative	-0.11304656225965685	0.13534905068413153	-0.17986265661258846	-0.17714255013057453	-0.044513605928456934	-0.048950574388739176	-0.17870984076930788	-0.03098830708544792	True
54aae2b436f1fb0be8b10143f6fe10f1f11a0d7d1407d8d31eb2aec0e06656ca	product_exact_summary	product-4x4	0.0061744873780544985	negative	-0.10178179765575039	0.20615894129529505	-0.19908464404458837	-0.20853231543513573	-0.004478951266912416	-0.0023733741398406713	-0.205123717254886	-0.0035130394793249572	True
552332e26ee388ce920d99ca29e717fb38f8feec44e8141644531db43f24417f	product_exact_summary	product-4x4	0.23271980607955392	negative	-0.11134218493802794	0.0347847077753447	-0.10518375725496468	-0.10478027875908372	-0.11750061262109121	-0.13956498653442842	-0.10539115867142132	-0.11010544832975941	True
5616e1e57bd19f2181a884391d1457c2d94f3fae7114da3685ff1c624c212b12	product_exact_summary	product-4x4	0.268930946138093	negative	-0.16939644780389	0.026863918245413287	-0.16930403188675575	-0.16948886372102423	-0.17942735681043165	-0.15256343856501836	-0.16875630706045852	-0.15899674168128397	True
5716e8f38c1ce2a32415ef1a9f097e3d5b09b8056f75f4f61daf2413755241d5	product_exact_summary	product-4x4	0.2558242471205625	negative	-0.1066198467034172	0.029602175336750636	-0.09114991783412835	-0.0935209116399674	-0.11971878176686701	-0.12075209317087898	-0.09170471551691234	-0.0854361081338244	True
58ac286a83d420f6661834d6cf880a62fc2a4d93366f8e69753d183df6651392	product_exact_summary	product-4x4	0.10634945739428653	negative	-0.12182888271781608	0.1192166281241332	-0.17909372372147997	-0.17719174136104238	-0.059877095597346774	-0.06646602407458979	-0.17893139282858617	-0.0534675375840592	True
5989ff7f0158e8eab2826d33c22cc5bc1f327e7d8bbf059a9b6b27bdd99e60a3	product_exact_summary	product-4x4	0.6040043844509075	positive	0.1277643196260573	0.09936682828016091	0.168249694913918	0.17064671334297948	0.0872789443381966	0.07127988506281857	0.17339590069762156	0.05043205192791411	True
59d09e8e7d02d477d74ab2aadda8f8d5fa7851c0ba69e2f475a8fe20c5d5f8da	product_exact_summary	product-4x4	0.6177450948908723	positive	0.17811120292968716	0.10260954523113364	0.2262102338638899	0.22437564376351166	0.12360068863275625	0.13184676209586266	0.2267301993284202	0.1404206589819489	True
5b1364b89c38b4184561e961a71e1f74e19caa4be68051aa3556dedd41ec7522	product_exact_summary	product-4x4	0.6923987569308802	positive	0.15945709193457752	0.13232061204716972	0.21252704788984245	0.21727538144374747	0.08495476939657776	0.1063871359793126	0.21650217151794665	0.06913439927398235	True
5fe0f495b6d025061d02c0fc94fc7da8672c0f5504ec424bafea0ea2a9c68a60	product_exact_summary	product-4x4	0.6027544818534951	positive	0.14812785340960086	0.10203950195478206	0.18272029136099732	0.18138536603055166	0.08068078940621526	0.11487034078865005	0.18459987883488893	0.09770562391752258	True
6035dac40d6934ffcb7795ab31e616bd94e5a64b3bca62f043a43524ed3f6ecd	product_exact_summary	product-4x4	0.6317744898279782	positive	0.13408273032862278	0.1961923073802636	0.22709854313011602	0.23245114016846313	0.036258832788199524	0.04106691752712954	0.2348570903807058	0.0410944407934416	True
6187ffaee461aeff6641d40a0585d50c9670f6b5cc1310ddd9e1ce7fe8b3c67b	product_exact_summary	product-4x4	0.7121412875370868	positive	0.17743354593271668	0.17609591601484764	0.2588041208811519	0.2557166505701623	0.08270820486630426	0.09915044129527106	0.2602940900452335	0.07197480228774544	True
62ef4742ab019eb7994138502f62059f0dd02b7ae081972142fb884b352469ba	product_exact_summary	product-4x4	0.2927762887433842	negative	-0.12028577890947259	0.09856369801474263	-0.16485834420744933	-0.16557094002084988	-0.07571321361149586	-0.06700724200610725	-0.1600295212933816	-0.04313595308696966	True
65c6039a8590b2c1b12a55816ed96ec59c1599ece95d21c423f15309f2493015	product_exact_summary	product-4x4	0.5622072102191376	positive	0.14697269109613953	0.11908173202776234	0.20091807113580912	0.201520786507964	0.09302731105646994	0.08243905448020167	0.19971944283512894	0.1226172803789341	True
662c3716766438a671b65f25e87df1b2798120b5be4724deb577e154de949068	product_exact_summary	product-4x4	0.5809279130029363	positive	0.1388366790488769	0.13060929998980092	0.1988890853423398	0.19486073062410292	0.06827978535253887	0.08281262747365087	0.1961405833441639	0.061039569906779945	True
689d0cb4c9613c3887e09cc5d19b3fc548013561e1931ba11b0bc9f8b841b33f	product_exact_summary	product-4x4	0.5798337113774857	positive	0.11079538872073458	0.08702369116592779	0.15040396180965798	0.15709154374980638	0.07118681563181117	0.0700678525838786	0.15528147017675004	0.08374080317367172	True
68ef505a33df6a95148a1eab016a01b2c936e07fc7bd0c5ccc14f5a1818b2fde	product_exact_summary	product-4x4	0.3981810259378471	negative	-0.10583897250900137	0.005251681593999469	-0.10862559803910576	-0.10410127983016793	-0.10757666518783482	-0.1033739164451063	-0.10457864246466753	-0.13444277297502571	True
6a6fb3b091857d4b194ea6a6435b85c8f16b4a76d4eea66e790cff0650929e1a	product_exact_summary	product-4x4	0.05245457914880638	negative	-0.10238401691804752	0.20335448111623647	-0.21177036154416548	-0.19218380135881968	-0.008415880427929005	-0.012584232477275366	-0.21077692284860175	-0.008719135975240232	True
6b403f3a2f1d81066168231c79ec5181f69b7c483accc21236789c5be8abd5f3	product_exact_summary	product-4x4	0.1269511268771851	negative	-0.16665007457263498	0.16142052068773155	-0.24440752831347504	-0.2439337095185161	-0.08936643962675386	-0.08298700762574349	-0.24392182131151566	-0.07815345462175749	True
6c6b9fe627860ea448989b24abfa5940aa9eac271d6da3ea190937c92a089935	product_exact_summary	product-4x4	0.5485655030289425	positive	0.1327604047595784	0.12817679018386874	0.19487366873146156	0.19245422750398195	0.07306658201517485	0.06669687854759282	0.1926242910645361	0.07627075251951904	True
6e8382bdf0818bc6f5c4d0ff24fc61fffa19c95f521ea10187de92ddb19f820f	product_exact_summary	product-4x4	0.6755986150502499	positive	0.13739015012033462	0.09806470764908004	0.1821245859603564	0.18189985434526512	0.08405987831127637	0.09288044589540412	0.18304921688530967	0.07012865034366134	True
711b56ae1b4d8cd18f7776ea1afeb7f90f369c66b47294bb3d97d92b7efe41d5	product_exact_summary	product-4x4	0.3419933500345983	negative	-0.16488077518025246	0.06468384563692486	-0.13542738333384674	-0.13049088919426444	-0.1951747348311893	-0.19433416702665818	-0.1298220878560098	-0.21532911561801105	True
7200cd541f47dc142f04bfb268b3b26f327cc216d8bbaab05245c308a92fe149	product_exact_summary	product-4x4	0.51379135038127	positive	0.1372937301883104	0.11273370500409152	0.19042776666257083	0.19130699547432983	0.08415969371404997	0.07857329047023831	0.18925389974905577	0.10265799371453654	True
7206d5a5da7b297a1ca6a20df5254a7fe977707b7428a2f8a332e789f7b8f5a7	product_exact_summary	product-4x4	0.17890129442301983	negative	-0.12056993900079338	0.12810811366692137	-0.059134932608361446	-0.060834800986876825	-0.18724304627528282	-0.18030507701470994	-0.06328107299332514	-0.16340401759898376	True
72e66f37bb3c5dfb458cc63160be93dc3c1298dfd57bbab7245c1f1f6defed61	product_exact_summary	product-4x4	0.297149105351177	negative	-0.11811754756672821	0.050446016206852684	-0.10530179574420373	-0.10569413130540506	-0.15574781195105641	-0.13054096382805136	-0.10602224441933095	-0.11309721278157298	True
73cfd6866d27ea170d224cc4e052da3985f0e0a25a0c1d9f1f8488e9635cdd19	product_exact_summary	product-4x4	0.5731803667095617	positive	0.12439709676653588	0.06331952955918013	0.15413031312942815	0.15359786257793018	0.09081078357024802	0.09519633095514157	0.15659672613817127	0.09702480851278361	True
7d404473cc26d130ddd232796dcf31730f6a4718e13b9efb04bc5acb27737d90	product_exact_summary	product-4x4	0.5546601559195468	positive	0.1368585536614941	0.12511447221046157	0.19684415654314047	0.1969952459814358	0.07188077377097424	0.07687295077984774	0.19638436719613306	0.11410257148103714	True
7fa8ffa47e7f8114a0d75a1b5a30e31677953865d4b6e882e6b1d08800810d9d	product_exact_summary	product-4x4	0.6260393376588426	positive	0.11311438621619235	0.11271818496340025	0.16917834891395978	0.16765820741533044	0.058570565017054266	0.05646016395055953	0.1720729535652349	0.03581458455959685	True
80b7187ac5c1e6b452929156d8fa533c10a2b4bea3b9af1b1ae94eed61899352	product_exact_summary	product-4x4	0.1472876373994293	negative	-0.15761281577923086	0.22259582826124857	-0.2691454792932272	-0.26664154813461416	-0.048584083423847596	-0.04654965103197861	-0.26665239817156045	-0.037568610839636474	True
8112918e30e9d8b531074378c1d7f5748ec55c802a6e32980269698d3e2c9d57	product_exact_summary	product-4x4	0.7156009097313943	positive	0.15060151124897736	0.20056026623573686	0.24747929032365212	0.25042133477316797	0.04986106853743111	0.053723732174302596	0.25262375149164745	0.054623244656334724	True
824db5584d12b8aaf911a11116cd621dbf8ccfb2d9e51c0b859879042a75507c	product_exact_summary	product-4x4	0.6348297007457446	positive	0.13886497729536312	0.18782981586706876	0.22546159469369986	0.22973050477966234	0.052268359897026384	0.041900688912593576	0.22863310322905017	0.04548023900118525	True
87a47f1bf08b1ad195361b5d4dd4189c225bb137ad6a55a7daec8cfcf7ba0b58	product_exact_summary	product-4x4	0.1283425846584033	negative	-0.11124770254344625	0.15532155201946227	-0.18846565818609134	-0.18751490183379899	-0.034980503253093514	-0.03314410616662908	-0.19125893991023368	-0.026147190753056992	True
88bd929bd49f497a8aef8f0a38eea9405ce39ac966d03f34a6e8d7b9bf69ad26	product_exact_summary	product-4x4	0.4871341376579295	positive	0.1085246151067189	0.18781606531716888	0.20108544408250967	0.20143641913642535	0.01362035381925647	0.015963786130928137	0.19769728452796503	0.039982070514324286	True
89d27f714a55f652129ef45d0958eab969f8239ae4bc5d079063adbcba6cfb65	product_exact_summary	product-4x4	0.6241052935795199	positive	0.10473229517749216	0.1294840871246966	0.16418836765653677	0.16555869574283844	0.036074608618141824	0.045276222698447555	0.16688060370229796	0.027674470756532843	True
8b98c6fc53bf4d80004dd18de7050c63ba5727a0d397496f96c3ea419a7383e8	product_exact_summary	product-4x4	0.25545867307460535	negative	-0.11795468907492887	0.026259403781149493	-0.10762273088268776	-0.11152828691690853	-0.12438109123294921	-0.13388213466383725	-0.10841362784265307	-0.08687361045240605	True
8dcecd924b1c6a78f146feda8aa32f1fd4ded3c4ea4d060823c328c564282186	product_exact_summary	product-4x4	0.6537429679717179	positive	0.19114261277519312	0.09143932126350618	0.23347809294638466	0.23352218224381716	0.14208286098031098	0.14880713260400158	0.23721911936167422	0.16243705922297502	True
9136ff63a2866f40eb6793c25153681d298b3382298358dc9b9c2da2f79c0f9c	product_exact_summary	product-4x4	0.48901929875404115	positive	0.12092342469552564	0.10141084401381728	0.16498628547122823	0.16283496012480336	0.07901188926624791	0.06357544145741095	0.16354639309359437	0.09751106004190718	True
9380a266d8d5f106405edadc3f63f3d8e57f58517f6c859a6ec5e44d24bf9700	product_exact_summary	product-4x4	0.16861251618051448	negative	-0.15618028359304093	0.22574780910369532	-0.26631247413562625	-0.26662722328262517	-0.040879414178929846	-0.046048093050455596	-0.2630724302155119	-0.029046699155060307	True
9476953f127d9e689ef3b9f75aa7d71342e32a39a79c5fc3b5671fdf04e7eddf	product_exact_summary	product-4x4	0.4515281134018645	positive	0.1140659076834557	0.05874714469896891	0.14325251038548442	0.14334293372896195	0.08459578902999304	0.08487930498142698	0.14007417573552416	0.10993054724606921	True
95e8f1c489309918279361f9f3be2d2d929daea95f12f2770376fd8ddce8038d	product_exact_summary	product-4x4	0.5719188964629073	positive	0.14830866361628275	0.1878771289805385	0.23915382039998917	0.22897721748664157	0.05127669141945068	0.06764010974592394	0.23823037836926209	0.05338757698286345	True
95f02ea59062ebf52577d6772f1746dc9652808301c5a27704fe65cb44f85c78	product_exact_summary	product-4x4	0.14676215377075455	negative	-0.14618260733144278	0.2284865491948963	-0.2529002792922824	-0.25414312442721176	-0.02565657523231546	-0.03946493537060311	-0.2498318630728462	-0.024973623301841302	True
95f689ac5d3b8476a10b3b3bb105b06fb33d48a5b71ca004e12c6879d3a8829f	product_exact_summary	product-4x4	0.169827469282742	negative	-0.1594211599855237	0.18718698117643687	-0.24940312910200962	-0.25045350671391275	-0.06326652553747589	-0.06943919086903777	-0.24655490492510562	-0.055195513301866866	True
96ca20dac14a2200c029a4e1fe6c8177583f9988e273c5a65132dcac79c7ca21	product_exact_summary	product-4x4	0.036281394214758844	negative	-0.1184915031914881	0.19426874407840677	-0.20730212544693738	-0.21776418998651148	-0.029680880936038823	-0.023495445908104706	-0.21650090736537686	-0.02356228696372241	True
96d910423428ca218c2a9270f51a49d6b05ada40ae416ecb862dd1d2de7fb769	product_exact_summary	product-4x4	0.5565683515374538	positive	0.1064387017738653	0.08742707882421147	0.1562166103442998	0.13882916042529714	0.07404824312243347	0.06878953152008832	0.15245296445672485	0.11285583389523957	True
988fbeff187ba39da8b5c3fd697e3d8c1abccc211f84c202e632235c11221c09	product_exact_summary	product-4x4	0.6418805439008156	positive	0.1841123367854557	0.17478215893894172	0.2722883463074031	0.26907902857863697	0.0991456449922744	0.0975061873684614	0.27273747692208783	0.09425644260934851	True
98d511028c03cdb75e47edf2c438dc551a124075c99267a09c42f9a211c1c20b	product_exact_summary	product-4x4	0.4744086883654848	positive	0.1382909436128622	0.14904951800117372	0.21010254949627388	0.21515247309155783	0.06647933772945053	0.06610295509038411	0.21170942757379346	0.10209248916094821	True
9b5fd34ae6ee0afaa33ab8e34b1d60a2902b8f8009f5e39dc12894966e8f3072	product_exact_summary	product-4x4	0.3108431927882296	negative	-0.10716483945380958	0.04901652635931908	-0.12872797858534657	-0.12742271674835443	-0.07971145222602749	-0.08690696215926474	-0.12443920046862977	-0.05558422049788164	True
9b7ed4242de3d4f038ad79b5d67b0c62388b909dcb5f82d29b04521878af7724	product_exact_summary	product-4x4	0.057348457631557666	negative	-0.16245919168219095	0.28652184240214285	-0.3148826257229089	-0.2950950567082274	-0.02836078332076606	-0.029823326656154524	-0.31911020998797296	-0.02859987393916976	True
9bbc75b4ccfc3e87035f80327ed6f08263527cb0d716e3a774d78380153821d1	product_exact_summary	product-4x4	0.6373939617983122	positive	0.17834724194899657	0.022428624443426026	0.17599232664265996	0.17172797127409933	0.18070215725533317	0.19415659571752536	0.1727381839222163	0.16338293366967999	True
9c79b2218da23c3f65a24aadcc4a6114c9b8622ec638ec265f7d99dfd6422042	product_exact_summary	product-4x4	0.7103404814982792	positive	0.1467964937368227	0.18054484920781	0.23281766525271097	0.2381451294912269	0.0607753222209344	0.057600280283416905	0.23755631601135457	0.031295351564782026	True
9c7cfc27374f06ad590a8a1a251067e3c9fae54c1091c9cfb84d5c90fe5897f2	product_exact_summary	product-4x4	0.2914644456380406	negative	-0.18463968709503176	0.01734941743988777	-0.18412293175972877	-0.18515644243033474	-0.1892554166374673	-0.17190599919757954	-0.1801861624607895	-0.18026403315268413	True
9df9a0f44b5621867d0eac99a32f1bf5d3e21a44112426537ba4272c4ce526e5	product_exact_summary	product-4x4	0.1078603509962226	negative	-0.11372575230892054	0.20330729632806702	-0.21481222721430182	-0.2074319494807732	-0.011504930886234804	-0.02001955513706788	-0.21645604007914487	-0.01119611599638412	True
a16ff83a5bffa4a91ddc653a238867dda081f933dd1d2fff19013658cac43ab7	product_exact_summary	product-4x4	0.07212489386188371	negative	-0.10483843812683222	0.20476903195870907	-0.20426010675433925	-0.20878068699800723	-0.004011655039298151	-0.005416769499325194	-0.20440385592973848	-0.004495689164511041	True
a1dc7a009c6219851007ae62f65cd090aa284ea054af825ed9b1ac04473e47f0	product_exact_summary	product-4x4	0.7864121397554283	positive	0.20723699962810654	0.19581651214317175	0.29685220165070725	0.2921778274043282	0.1222961718518849	0.1010356895075355	0.2980320877275631	0.10965736244140134	True
a220182681d4059a14a9d8029af2d4658c4ecb3e034fda8b54b3b9767126af0b	product_exact_summary	product-4x4	0.1812297729664594	negative	-0.18626783834312033	0.1492743519217161	-0.255268396099414	-0.25623805607534833	-0.11726728058682664	-0.10696370415363224	-0.25257946151258026	-0.07456125043418613	True
a2527b98ebaa05c0e4a41f931dbf02d1aa498e76b7f5e2af0e0e088ad53a8aad	product_exact_summary	product-4x4	0.6293623382970931	positive	0.12040228837646275	0.2205155672221687	0.22211272674276633	0.22240776309362653	0.0018921958714578357	0.01869185001015916	0.22315238199778142	-0.0021251276986771206	False
a388a18cd7b31a1edc9e8577b4381688f62528349b1f12660193589ff3d73b26	product_exact_summary	product-4x4	0.5825206478292342	positive	0.1872448818646412	0.17299144422523866	0.25655117280762363	0.25636373105185706	0.08355972858238497	0.11812603267742533	0.2571988661271942	0.13215514783168264	True
a3b08c41d85ea8ba7d8687b296e18b6d069293bc5f90997f923b2020d5658ab1	product_exact_summary	product-4x4	0.5148721998613865	positive	0.11365163929006172	0.055656111293311605	0.13642693057949745	0.1392491208462655	0.090876348000626	0.0835930095529539	0.1386329007175326	0.08988269154016043	True
a3c8228330ef8ddac17caf249997d958b95cca1fe02d7d82e5b490a46274d223	product_exact_summary	product-4x4	0.6196685082582917	positive	0.17420725250265867	0.1207758489337456	0.22970090596816928	0.23267556755404672	0.11871359903714807	0.11189971862030113	0.23340365755349946	0.08762122509167325	True
a621d3727d499ef7109f93f0fc225c91f4a1b61e2dcc4794d1ac52c8b9823fcb	product_exact_summary	product-4x4	0.535515936480983	positive	0.10139935846575257	0.039291442490982875	0.11748704654326503	0.11708240663161873	0.07819560405228215	0.08571631029988641	0.11689250304895415	0.08308423873068627	True
a91745534dc9cf9291f5817605d73be71758ad445ca7af32def7c896aceb660d	product_exact_summary	product-4x4	0.5625104087537118	positive	0.10926072006783344	0.15554529414124363	0.18171005993257006	0.1834227682046209	0.03681138020309682	0.02787747406337726	0.18369785108830144	0.07120158378389252	True
a97004444ce4d75931c4bbfbe7cc92212e3922a6f444292356b73a71053a1f25	product_exact_summary	product-4x4	0.7754897518671622	positive	0.24795522076086485	0.18829406027742268	0.3384307744046017	0.3358843775886492	0.1600260639330805	0.150136714127179	0.3410441233857101	0.15458404216017518	True
ab230789a2576991e1b5f2434beec800dfc5151f3b4ab3ab5ea9c671add18be8	product_exact_summary	product-4x4	0.23320162844715095	negative	-0.10821747937866735	0.03960026096004893	-0.09752133020011824	-0.09556948020817449	-0.13516974116822342	-0.11891362855721646	-0.09600728809733586	-0.10918928179190293	True
acf06838ecaf3e1bded71840c16a8066223f0e44fe3a6738bf8444cb2980b92c	product_exact_summary	product-4x4	0.7210728542785765	positive	0.1422042254076865	0.1183557257892418	0.19226834460154785	0.1915039084712019	0.07391261881230604	0.09290454234417111	0.20421036814294902	0.07782732279548954	True
ad4208c34695158bd294d0c30b724d2afb138262f38b7ba2604e31a6f7f2511c	product_exact_summary	product-4x4	0.5330459779332948	positive	0.11209294952936771	0.13638936317256478	0.16674080067132035	0.17406730893425953	0.05744509838741507	0.03767794576169475	0.17311238958838088	0.07514831124392657	True
b65a54e41e151868f98e771862a411cfe7f751545320c2674e4cf5d9ad496596	product_exact_summary	product-4x4	0.7402522254855521	positive	0.1815494397037456	0.19246125680319748	0.2707315546892999	0.27211910522143334	0.07965784841823587	0.09236732471819131	0.27419394409181896	0.0954456817567314	True
b7fc4d797a61270a36d8fbe6158e9c3a50bd2d56fc2857c5d750e6b6f3ebe439	product_exact_summary	product-4x4	0.4562490627305284	positive	0.13156496789711747	0.11435444518037963	0.19121334044931754	0.1828064334292599	0.08032350236497504	0.07685889526893791	0.19362774744216116	0.11736262750781007	True
b82d74ac669d0ead0893b573007a08a01b02f14e80552d4e5373ca63e4051e90	product_exact_summary	product-4x4	0.5238758751393898	positive	0.10038893837208226	0.021205430347347176	0.10990164022939519	0.11173643772997954	0.09053100738263237	0.09087623651476934	0.11069205088709677	0.12674550484834385	True
b9d39197b5bd74fb3dbd051d81aba1d03b1345bb503e95b35162d1361a269016	product_exact_summary	product-4x4	0.6587076557597734	positive	0.16282722792015158	0.11240526210860968	0.21541730200305542	0.21380018386717925	0.10301203989444574	0.11185427197312392	0.21705004886760182	0.10880133850438178	True
bc1c4155b7584018e41732b681d01865b214a3f5478a44e3aab1fa9d7ad95958	product_exact_summary	product-4x4	0.19687486212868796	negative	-0.12399994831587687	0.2130907455784609	-0.23098727947468903	-0.2263115514562217	-0.02168834517553203	-0.01789653389622814	-0.2274401590555152	-0.008650888254503941	True
bc251c7600341819f6ce360eb0d56c7cce665233cf49eb2169c3e738e766399a	product_exact_summary	product-4x4	0.6409061672748385	positive	0.11247935973694251	0.12961413489014584	0.17138808122332672	0.17486308966733255	0.04524895477718671	0.0535706382505583	0.17424155873482272	0.04540895119088295	True
bcc809533266f8706abd8dcfcac878a312da32b2bdffdbc5f43357c310ad7f1f	product_exact_summary	product-4x4	0.6572635456784457	positive	0.19107235427033262	0.11446001339016337	0.25055871184623696	0.24203851195763887	0.13609869845607359	0.14010619658302637	0.25131256988980766	0.12950384661921333	True
c00be5cad494921393a583436e99f3d1c63c5af03a3b025ade912de1fa80fe9b	product_exact_summary	product-4x4	0.15758953389812258	negative	-0.1062109796615498	0.10088619480622887	-0.15495418665346133	-0.15285420528411875	-0.05956775403898085	-0.05406799184723246	-0.15543795034135927	-0.049215250618983464	True
c0af2bedab622b20ff63b7d795439b0f0e7913e52c9b9591908d3bbd0e4c1313	product_exact_summary	product-4x4	0.6681845376005909	positive	0.17246400871118706	0.14212492037599417	0.22751394533095382	0.2293536469971293	0.1174140720914203	0.08722872662113512	0.22860964020738977	0.10531370774338444	True
c4d9918dfa844c902f7f5c90d990faf98cfecb5d136028707ee13cb27ecbe8af	product_exact_summary	product-4x4	0.18333927293637467	negative	-0.16550024241145422	0.2951672466450339	-0.30822876291728607	-0.3053905648907381	-0.025609919932170322	-0.013061516272252133	-0.3043076094830418	-0.009510313003107312	True
c6cb6c34f4f077267cd6db764a323e4f1f52f1dc082bc0f6243546931debd32e	product_exact_summary	product-4x4	0.7709390568199144	positive	0.23102204421016165	0.16531415742469246	0.29929972542225114	0.29880471168202993	0.16323937673829336	0.13398556799755867	0.3023432565441826	0.1217243478644211	True
c75b3bd3e7bcc20da1e7a175494d69c59e5438029cce8a6fa7c72c498a0ded64	product_exact_summary	product-4x4	0.6626816328376958	positive	0.1142290813385006	0.2029143039690544	0.21653782409482503	0.21427216512030428	0.014185997556696917	0.013623520125770616	0.21839378907662654	-0.004604592153714782	False
cd1fb0f8d5adf368a74e786e3eeadab6a46bc374d5f36949aafd2dea3144cf82	product_exact_summary	product-4x4	0.30279963684095035	positive	0.10534917220405811	0.17129692941865157	0.18214121623171678	0.19159593732518623	0.028557128176399438	0.02029900790653466	0.18565585610260632	0.027266477554711288	True
ce2f7695032811289b692fd0568eb370ed2b95a4bb05c7fece7a30c8249bed05	product_exact_summary	product-4x4	0.7017593187519005	positive	0.1279999960813299	0.17497624284116386	0.20817406963415552	0.20414131288131498	0.03319782679299166	0.0518586792813448	0.21227651204936748	0.02362320808133056	True
ce9ad78e56cd3225f6e1f2a9179ef92615e2880119429bb3bb56f63cb498f128	product_exact_summary	product-4x4	0.8003127535923469	positive	0.23640931872660875	0.2107219273415626	0.3350573420849039	0.3359017868556542	0.1251798595140916	0.1377612953683136	0.3389991490379377	0.11668628337338527	True
cf4df81301448d929173192dc7430e7c74396689192e15fb3c93122533061314	product_exact_summary	product-4x4	0.669376855780041	positive	0.20406669462409463	0.06711423181081067	0.23328449296267384	0.23145296815750172	0.16617026115186317	0.17668042109068754	0.23392729487490693	0.14943048294097694	True
d06d628b58200737155f4163760cc1795224113a48bf914b415d98e8fef8fe5b	product_exact_summary	product-4x4	0.6905074827073142	positive	0.12935048083873116	0.16379073599243543	0.20666304362824267	0.21017521149810725	0.04638447550567182	0.052037918049219645	0.2122587027417807	0.028789536675826177	True
d209a929fa3a0a1baef8fe1c762845b7cc5435d624f54886a1b3185ab38fa2f8	product_exact_summary	product-4x4	0.6228040056161221	positive	0.12080478638897807	0.14788419571154704	0.18459317887336407	0.18267535719352535	0.058934215584430794	0.03670898316181703	0.18576300241909033	0.06101670725887498	True
d22779b09be59a5d87cc5872f88a616ae93bd94e84675411eb244b2c09765213	product_exact_summary	product-4x4	0.6297438790723379	positive	0.1106636963203991	0.1914995980516082	0.20237789053395921	0.2061515561925542	0.014651958140945998	0.01894950210683899	0.20622532904458035	0.007709388810500872	True
d2c9b175842ca7e90834d20625ff97079215cefac7565e1235da925dd9c088d1	product_exact_summary	product-4x4	0.5999943975001707	positive	0.15932894289096142	0.1233613661212154	0.2207747677660974	0.22066997710608344	0.0979879086758394	0.09741340164488199	0.22280744018711263	0.12552927300274325	True
d4411ddea820fa806e6a3095ed363e2e989cc404bb241c5b90444cc6e0449596	product_exact_summary	product-4x4	0.6142859758963055	positive	0.1804415007282124	0.1415755984071267	0.24918433452970867	0.24945770026849584	0.10788210186136915	0.11169866692671615	0.2499405058596016	0.09614193109921931	True
d44a2efc9bc5a0056a4644018f0054939db1a60fba12abf3195b30b5aba239c9	product_exact_summary	product-4x4	0.641959384807308	positive	0.17108961194313038	0.05621048325940209	0.1959181094700147	0.19686129400580493	0.14065081074640284	0.14626111441624606	0.19696930027751924	0.11212653233102865	True
d484a08e56997389f55fe59fb9da23695e6f8904b5f308229cce878494ab4c64	product_exact_summary	product-4x4	0.6779866888730158	positive	0.1822754511038453	0.07089378615696218	0.2096719563448236	0.21362295468096848	0.1427291685240063	0.154878945862867	0.21397870251033047	0.15054383690978912	True
d530ffd26470eee302bc2e1bd711cba6b10866c76960306dca84a09575cb3480	product_exact_summary	product-4x4	0.5576801152983051	positive	0.1210031165386484	0.20553312034175691	0.21056757193572823	0.20984762399994533	0.03215860907735146	0.005034451593971312	0.20786996727956475	0.03806107435106354	True
d81cf52f45a9dc56080b8b0e6eaca7f2e393f2802b12a4aef480353e044bac75	product_exact_summary	product-4x4	0.15276730515146889	negative	-0.1177266360027309	0.12033273021387253	-0.17360423570485475	-0.17278823749329883	-0.06266503451216296	-0.053271505490982224	-0.17228583027369113	-0.05834508200775021	True
d836a5d50515c5a72f3c4e4363ce976086818a4852313898c9d293e7b18a41bb	product_exact_summary	product-4x4	0.621487120176356	positive	0.12949772334096138	0.14626818759617366	0.19534904588506397	0.1960287552663469	0.04976056767017323	0.06364640079685879	0.19490389201431074	0.04188541425636916	True
d9124b083e7a137c2ce94defb368f0a5f0003be47747443ec028c95e2d70d1aa	product_exact_summary	product-4x4	0.5551407076790497	positive	0.11906358409456397	0.0929312873503293	0.1514356773582013	0.1515082713834488	0.058576984033119506	0.08669149083092664	0.1541423872135816	0.09003329938538818	True
dbc7611496420c5e481e1f1b950b7d52de503afcd725a92550b4ff6ecc7a85f5	product_exact_summary	product-4x4	0.4749586862892791	positive	0.1137406772005887	0.07031846365344818	0.14233883008188047	0.1428756627261229	0.07255719907267472	0.08514252431929692	0.14216085286190272	0.10438897579715278	True
dcd4801f88a7f0995cf5f30c31d8fc63c83d4410fb801001fe3abdfcdaeae574	product_exact_summary	product-4x4	0.10526492875328679	negative	-0.11941573833642269	0.24030966195213355	-0.245556219586132	-0.23044923268049322	-0.005246557633998436	-0.008382243992352156	-0.24446860429134581	0.0009503955965788624	False
e24b8c98294872b0247a2a77f393b180ba06e5d270ea87e5d5d539a5ca9a8e7b	product_exact_summary	product-4x4	0.18843152223471357	negative	-0.16165603100633844	0.09202225080183662	-0.20692045732602468	-0.1988974243415387	-0.12441463767113817	-0.11489820652418806	-0.20382143586338583	-0.10121806813801135	True
e66659a2c57bb64acd7e6c6f921b2362e1666a1a905c74d39235e1eeb8355ffc	product_exact_summary	product-4x4	0.5411762447333961	positive	0.11213284833486806	0.11284908671365529	0.16830176339806246	0.16855921841399435	0.05596393327167365	0.05571013170033906	0.1696676703005966	0.07977975653040453	True
ec9e42cbce262455a6491d231f5eef912d9a8b46465b9701047263a6e4652fa1	product_exact_summary	product-4x4	0.1775575457391588	negative	-0.12625528026014463	0.1650034131328165	-0.20339512636491716	-0.20577079372322635	-0.04911543415537209	-0.04076738059040985	-0.20689701404438707	-0.04036428743808684	True
ee555b45c956b3f1a2fa42f9704a2aa7dc8d182d79519daa12325cafbdd7d006	product_exact_summary	product-4x4	0.6586342305073875	positive	0.16864967307184758	0.12376139776925932	0.22820358198978297	0.21694639875727795	0.12035294738641722	0.10444218422052365	0.2274944895903615	0.10395800951729262	True
f21b20a137646fd0f52609b370c7c7c5c2421e8f5e9279326796f6e88520945e	product_exact_summary	product-4x4	0.5334517800863694	positive	0.14112888764750672	0.10354508460746953	0.19108020945692455	0.19208213296878202	0.08853704836131249	0.09117756583808889	0.19126852825875362	0.11746211298823939	True
f51874e0137d8219e94c95b0707157b3fd6c02b72a72399e3bff55ae5009fc34	product_exact_summary	product-4x4	0.31863359620377296	negative	-0.15586595745598525	0.02804066334929295	-0.15105329265265777	-0.14552289803803414	-0.1735635613873271	-0.16067862225931273	-0.14595397583020708	-0.16708014919094788	True
f62ec9a95350001fd478c5f356f76ee99d8aaf7eac63a621c349cd126a22bde5	product_exact_summary	product-4x4	0.7034844868842206	positive	0.18077497839791518	0.1275379003031472	0.2354379447347682	0.2372457076574092	0.109707807354262	0.12611201206106215	0.236726340223276	0.10560711491157926	True
f705a521caef5e6447d4b26fa7688190112d72c101a107fe306ed11e0ca51030	product_exact_summary	product-4x4	0.7017656377579298	positive	0.1243022184505348	0.11479475925812466	0.1709360280274208	0.17597188148243825	0.07766840887364879	0.061177122224313596	0.17816128887217597	0.016851031542246653	True
f99e0a6255504389a099f5bb49e8e7cb6652278d41b816c0225a9584ac99cc98	product_exact_summary	product-4x4	0.6423578118400856	positive	0.14168695334379455	0.2156355737242695	0.23648269999793725	0.23989247255642449	0.046891206689651854	0.024256898832154983	0.2390677077892452	0.04847993836141207	True
fae9c7bcfea8cd7c736bb096754da7eb0e9574846d9438bd62718f1e68cb53f8	product_exact_summary	product-4x4	0.5975767576757194	positive	0.12313351876771908	0.08875250155252273	0.16841666886528323	0.16508586061053582	0.08118117692490234	0.07966416731276049	0.1732982488153726	0.10537912943296984	True
fbd305976f1ca02338f53d581e5a98b4c15b48f5cba684f43832f8b4b827f44c	product_exact_summary	product-4x4	0.2609789757688157	negative	-0.10854032132086233	0.04305305996828607	-0.08844853130412628	-0.09031883302409976	-0.1267618096176249	-0.13150159127241234	-0.09024443944995825	-0.098406811366329	True
fda0852c5a8d381150e8ca2b68de6dc77839d6f1584835d1773a98d0c0132521	product_exact_summary	product-4x4	0.7096487953247098	positive	0.1505147085501941	0.17167136901618574	0.22877941536742663	0.23082866446545924	0.07225000173296159	0.059157295449273506	0.23066641973898083	0.040554141759120754	True
ff19031e52810c6ea23cb8bf4c7db8a0da84e592565d17468169a69ca9c0c44a	product_exact_summary	product-4x4	0.6231986449842795	positive	0.1826533111789604	0.06701077852117643	0.2147104940442815	0.21424278707827793	0.14769971552310507	0.15106383527964284	0.21642061913064292	0.157974908871315	True
ff84f728d00741594fb0534683ba81364912ebb3055c83e79a5a3b2bc916ac29	product_exact_summary	product-4x4	0.1722135157988695	negative	-0.1559606346729536	0.2336733262804515	-0.26493511988949986	-0.27467466341393487	-0.04698614945640733	-0.04100133713348336	-0.26954080628504445	-0.024407013535885813	True
02681b0ddd365d0b5ced288398180e42e8423e5f8ab007bee06697e1dfaaf5f1	product_exact_summary	product-4x5	0.4362418344999482	negative	-0.11691827657968173	0.12565610685946071	-0.07731453044964393	-0.07494919649923742	-0.20060530335869814	-0.15652202270971954	-0.07215747241792131	-0.20506240500381484	True
02d353dc31670cd1f921e40ae5cf61825c6560cc8556a2893bf71b53e3feb082	product_exact_summary	product-4x5	0.5906935371173008	positive	0.14631655816146044	0.12582218620691044	0.21098969294047754	0.2064705637635187	0.0851675067335671	0.0861625525594022	0.20799427418792893	0.08710392156821534	True
06414cb809697cf3e852a760affae4c30b39a64f385b3b728cb604852b29a964	product_exact_summary	product-4x5	0.6321759726235399	positive	0.15938853343862253	0.18338665256538283	0.23424848086610273	0.23619342897723555	0.05280677641185272	0.08452858601114233	0.23743655537757602	0.07069951659110585	True
078c6a7605541d0d487ede8505f4daac0699415537b0cecf76f98fea8f39617b	product_exact_summary	product-4x5	0.6886972268855417	positive	0.13168893156310318	0.17966782284261756	0.21695610596217507	0.2183165502147038	0.038648727372086245	0.046421757164031296	0.21935517226594425	0.074564045810112	True
07ae427bc9d29c49f091c5f08a261aca5a4e78768ee8881f37b391fbf82e1206	product_exact_summary	product-4x5	0.6890307610529661	positive	0.12629122362877315	0.1730786002184952	0.21063650440831583	0.20548772478686628	0.037557904189820634	0.04709472247068003	0.21409550312356324	0.07450361536321193	True
08e64aceebca88654d603cc914d982d7380bbb9c617e171c7cb11f332ea1a74d	product_exact_summary	product-4x5	0.28068946477251305	negative	-0.11391102052745619	0.19777632612324342	-0.2089381356156887	-0.21086211781244374	-0.01888390543922369	-0.013085791689200321	-0.2059298656036656	-0.03939251797202448	True
090e7a4d6abb57493f83febfeb5ef53d4faf7226ce50e99ab020fefe66b9cfca	product_exact_summary	product-4x5	0.2569329753623269	negative	-0.1253240679112893	0.05520996125737515	-0.14550474558398285	-0.14828890676421114	-0.09307894550683599	-0.10514339023859576	-0.14581672063954493	-0.10890686832587576	True
0bc68290f878cf148f0d9fcfa10e5ec2b30a68552010e5c2d4ee456852138dd5	product_exact_summary	product-4x5	0.1696451277603981	negative	-0.1159491282173476	0.06560321603005281	-0.14557247462494013	-0.14455947701830849	-0.07996925859488732	-0.08733877941638671	-0.14616351874344666	-0.07729477116170771	True
0d0733f98e5028056aadc0620fbc94c299667396fe22b3b43ceff9e8a1d962ef	product_exact_summary	product-4x5	0.7228173122733618	positive	0.13880661189801358	0.11560528665591596	0.18787589885774236	0.19138754207759656	0.08973732493828479	0.0757822554216806	0.19160867411752014	0.10545074703778401	True
0de15cb1c8e38eba7e96f761ae8812054bdf60a32d16fb3f50c325d1aa3fd0f4	product_exact_summary	product-4x5	0.20921112679540507	negative	-0.16122760577697162	0.08065017279479286	-0.12701839633927278	-0.12271697855137967	-0.20336715134617253	-0.19543681521467046	-0.12343928585416672	-0.2328617574505937	True
0de8ddc8102da2907ea5c90a0f1416a68d7225ad43ec4eb9e65d9601d7e165ea	product_exact_summary	product-4x5	0.8381244889295797	positive	0.28420570676732904	0.22377512698314195	0.38452758974260925	0.3882844032286057	0.18388382379204882	0.16450927624546374	0.38804052567294844	0.19016511338829845	True
124279e2f844dd79ab00d240c323ee9e085cbf663cf47c905f3b4bed25fbde3c	product_exact_summary	product-4x5	0.7160117218550874	positive	0.1723648079566418	0.16620889865657096	0.23821501590487554	0.24308666953762004	0.10651460000840807	0.07687777088104908	0.24220695461488312	0.05752942536726302	True
168292d2e72147fe5b7a1d281b39c3d29d1495c7fea6fe99288652067a003ca2	product_exact_summary	product-4x5	0.7244704552751641	positive	0.1952720156996489	0.21053317600965388	0.2949388050852721	0.29761967033214104	0.09560522631402568	0.08708649432248716	0.2983866879954345	0.08909985993664804	True
16b1f34a8d24559259a27604119b3196f3b9f0b16863469166daefb93c291593	product_exact_summary	product-4x5	0.48749610983314456	positive	0.10135865923224899	0.16076195716956532	0.18269015054660853	0.17748960709377049	0.021928193377043215	0.02522771137072749	0.18561716794969368	0.020614367722332272	True
18f0aac03987bd3382b5af473cf7ae946141d8591bb526bb72383a9da6c71a5b	product_exact_summary	product-4x5	0.3603300679265012	negative	-0.1151285136005896	0.06469585613367118	-0.13973343732047133	-0.13872142243484648	-0.09153560476633271	-0.07503758118680015	-0.13443411569114427	-0.06939689300763452	True
194ba2cf4fa66e73547ea1603a5cbc3a4e52a23417cfa18a5522ea029e23f0bc	product_exact_summary	product-4x5	0.5620090385029567	positive	0.15538893470227014	0.1494433402008556	0.22587675421802078	0.22590569584897596	0.07646235564812037	0.0849011151865195	0.22576573653519583	0.08619410026354207	True
1b3c79e5e0ba915f81296107d6ae46dc1e4e02ca2960a2a607dc010b00d6178a	product_exact_summary	product-4x5	0.7338502266585557	positive	0.24448501294386316	0.22246781053372366	0.35091413943608507	0.353284553496477	0.13805588645164124	0.13081674296275336	0.35386787574437034	0.14619409835385522	True
1c74bd94fe04967863281717a90df846f92d8dc17adabe7490f9257d2ba54571	product_exact_summary	product-4x5	0.7405139041716978	positive	0.1975452070880477	0.2058275245372327	0.2967571549578572	0.2981916858608407	0.09236416132360803	0.09833325921823821	0.29940472633441895	0.11060559224977806	True
1c8d3a30b19f0db33b212020e055fed6fba290abf6c2b095eab6da3b955086c2	product_exact_summary	product-4x5	0.0708897676202701	negative	-0.13852651322790216	0.212202537424027	-0.23858563352407913	-0.2502639405307576	-0.0384673929317252	-0.03806140310673062	-0.24762294702320742	-0.03620759306483878	True
1cd43700a459f40f523aee2dd86be4b49e8885029207db034e440660c61abe21	product_exact_summary	product-4x5	0.13486590275512553	negative	-0.12073666918162088	0.16094220190385977	-0.19582954599033206	-0.20591257869671872	-0.04564379237290969	-0.04497037679285895	-0.2034237661358059	-0.040608086379031655	True
1d679f47121999f1a02200049e8fd0ff9b8be0031bbc9d5d13cf16964b9c0249	product_exact_summary	product-4x5	0.5586789802779948	positive	0.151290708729039	0.19260494234044212	0.24307554723904312	0.24627812163410434	0.05950587021903486	0.05367317929366222	0.24556327023279045	0.08200033087471559	True
1d7ec8aa7b1df083c4804a522adae3eff27b83255a70e408fd1abfb986302e2f	product_exact_summary	product-4x5	0.1931643659499227	negative	-0.14627839674475862	0.23667768557227184	-0.25477063023055296	-0.254465673187786	-0.0380911203017312	-0.018092944658281124	-0.2516078930136379	-0.009726905297824967	True
1dd53d6c64771d5f2679e5f82ddd0f1cbcd702294c0118cd24c23513899060ef	product_exact_summary	product-4x5	0.7047861273551306	positive	0.1879673844650111	0.14400253840368094	0.2494374796664881	0.2534397078197279	0.10943716941604698	0.1264972892635341	0.2541410361401597	0.13318206217626316	True
1f1fc0c15f1d5a96949cdc4dfe830290e2f44b8f8be2a13ae50a527c4f0c6847	product_exact_summary	product-4x5	0.7620843039706073	positive	0.19928839024949907	0.19893507749757966	0.2872391182865509	0.2871575621867867	0.08830404078897125	0.11141921831221147	0.28985154671768654	0.12396411270371022	True
205d2e8f4b04e311f8e00ebbc212d0c419564c89f4f596f2e96e3df1a6035a96	product_exact_summary	product-4x5	0.269468537003122	negative	-0.13566682643815095	0.08220643050929716	-0.17335769152182418	-0.1738721474035635	-0.09166571689426634	-0.09797596135447773	-0.17283300130114787	-0.09462741017607557	True
20d894b264fee9aa9c499d40eed6aaea21fb817b8ebf87e382eaf73289d942aa	product_exact_summary	product-4x5	0.2898167944040166	negative	-0.1446595171183913	0.05565058753162566	-0.12554135942913308	-0.12167743328924646	-0.17732802082087212	-0.16377767480764954	-0.12118289316944442	-0.18385070489591931	True
217cd0dfe890be0dce213602905a353ff80949b09c67d37f45dcf6c89e2c5045	product_exact_summary	product-4x5	0.6874514211822271	positive	0.115490970797964	0.10223564328260215	0.15111404545186602	0.1519248945170807	0.04968925123447854	0.07986789614406198	0.15547334575933647	0.01178299658411619	True
2316a5b9c97f03ea426e098d0813b38abfab1f723be78a6a8f026a13dc235110	product_exact_summary	product-4x5	0.7383223598648627	positive	0.18913302679177085	0.17073380987091458	0.2676195662690354	0.2650825727705416	0.11318348081300011	0.0968857563981208	0.27221828211664123	0.11217916158264052	True
2553a46ed0781018017e4355a576b9004fb63fb76e1817097dc24a4f044cf018	product_exact_summary	product-4x5	0.2990222050219833	negative	-0.13717393621564922	0.10911862654425325	-0.08551418926970084	-0.08479402846655243	-0.19391265501080568	-0.1888336831615976	-0.08254484371825288	-0.1800981678684902	True
26264d0f7c6031e66607e30820d406bfca46a00470a987acb5e2fa3f3c7bda6c	product_exact_summary	product-4x5	0.6811419144551462	positive	0.1654301881800426	0.10952439861304492	0.21992964656608788	0.21587129158446888	0.11040524795304296	0.11498908477561631	0.22081276317483123	0.14750730398695955	True
26971c571cbe10f27a750b52bbafa81c09a9e89f47f4d657647c9ebf56c2ec5e	product_exact_summary	product-4x5	0.20190480567463445	negative	-0.2268068541503968	0.19878868026591687	-0.3240933297546582	-0.3221536572201158	-0.13146005108067785	-0.12530464948874134	-0.31730492112769426	-0.13744496328562775	True
26f6b2a571c928c5a2e50da4fbaf316376a7c93311c02954ff54999db04c7bc5	product_exact_summary	product-4x5	0.12175323269346996	negative	-0.10415151810967911	0.19568902815069905	-0.20539037630338594	-0.1940953101111281	-0.014207726108230123	-0.00970134815268689	-0.2046890874777215	-0.002812062879803262	True
29468eb78610c520a42bff54af1d53f4aea27dc5be6fd4488239ff523424d5e3	product_exact_summary	product-4x5	0.7988226871046541	positive	0.24335373668726779	0.18764379933469455	0.3247504680138321	0.3272617681821345	0.13961796884743993	0.16195700536070345	0.32948924881125796	0.1143676104828476	True
29685528ee6934dd217bb437b3dccc5d01914916162684beb11320fe7fe4426e	product_exact_summary	product-4x5	0.39466750741107737	negative	-0.13413686732039776	0.19515632054083387	-0.04358536386688927	-0.0431223243017923	-0.22468837077390624	-0.23827864484262617	-0.041712621770059743	-0.18846165963897965	True
2bfb48bf991d061419b25faac6cc1868884b1974664cdd127bff89a051655f9c	product_exact_summary	product-4x5	0.011584676419690463	negative	-0.11736010274710422	0.23002021060505407	-0.23393607704862296	-0.22859658134763144	-0.006123624146577007	-0.003915866443568889	-0.23433788125667354	-0.0037663681676773954	True
2cd5691691ab87e41e9f9dc94a0425e4b1e28259b9669987d15f666465ed97cc	product_exact_summary	product-4x5	0.21768498597678604	negative	-0.10184549738443041	0.016476635832060382	-0.10525340080733447	-0.10500166463705574	-0.08877676497527409	-0.09868933013180509	-0.10646934134541453	-0.06896848028169228	True
2cd8e08c30f69afe8d6429920ea5169d52ae1e2cdeda177369e4a189f7e7c81c	product_exact_summary	product-4x5	0.5397536815650436	positive	0.11897035038524456	0.03248118871669403	0.1317976216722947	0.12656575862196162	0.09931643295560066	0.1113749421485275	0.13032489298634364	0.07309162916549872	True
2d09e43ea79f2977f781751b8d6d136ab722b5f1e7303723b262eea314744d80	product_exact_summary	product-4x5	0.7321668389400058	positive	0.17085970130678238	0.15654937137559	0.250328222205662	0.24290555829359278	0.09377885083007198	0.09881384431997198	0.25404778070447054	0.07466673371537325	True
2d71808de30492a578b4188b7c7804561ad0be9649c213bf35689e12b09cc4e3	product_exact_summary	product-4x5	0.6812051991854269	positive	0.1325281634180427	0.11120373646703618	0.18468934634439405	0.18266542308145295	0.08239090375463243	0.07348560987735786	0.18663621630053973	0.07959972065064946	True
2d9e13f7d19fa75f7e9889f899f496fa0874f7bc47974b9a57117f6f877152f3	product_exact_summary	product-4x5	0.6106912525679374	positive	0.15634930810194744	0.034774507031561985	0.14295377013253002	0.14113540316115952	0.1759099101927215	0.16974484607136486	0.14516101507557666	0.16782796074496636	True
2da93a66f5bfd89ba61d449d2c4e7a0e067e678fda4aff2e07a7431261cfb359	product_exact_summary	product-4x5	0.3252421310277034	positive	0.10790697804299726	0.11143611219364491	0.16124113457404243	0.1654034848349143	0.053967372641269384	0.054572821511952085	0.16103465411534618	0.059705849088138585	True
2e0ad48a41674591b78f83ede7dba37d6f2e097ceed49a0857a4ef6f3fce7028	product_exact_summary	product-4x5	0.6571650957864256	positive	0.15168002946030532	0.08009844382997111	0.1793964499455301	0.18148367313826053	0.12396360897508052	0.10138522930828942	0.18238896641948155	0.12093876961344341	True
2e0add3c40086664c808a8bf37ad6d49d3a35082e34033341ad088244beb5e6e	product_exact_summary	product-4x5	0.6793262631799792	positive	0.17757277304554647	0.06892375040957	0.20526763622642918	0.20740497810978176	0.13848122770021176	0.14987790986466376	0.2110256943195679	0.15800401134930087	True
2ec7716078ba240c63ea53b7221bc5026b6812dd7eee9fdabad01e4f1c372852	product_exact_summary	product-4x5	0.7234247122077541	positive	0.17826931692214815	0.1854949600969657	0.2637815146766347	0.2650264095085934	0.0927571191676616	0.07953144941162771	0.2651280899046052	0.0882025858138733	True
2fb3901cf799680f72abea2bc3d6b663d039647f5075a2a8ff9c29df33f9ab67	product_exact_summary	product-4x5	0.3492419711343663	negative	-0.1311525430546516	0.04111137635328449	-0.1525217891704761	-0.14840272525410814	-0.11390236085519506	-0.1114104128171916	-0.14907041212564737	-0.12430051255364233	True
30c5f18dd60d84b79bf8825290b44096e3531d30a4b49659f423e941022578f5	product_exact_summary	product-4x5	0.036031864328117176	negative	-0.10312297252915069	0.17758598905157794	-0.19218334191229158	-0.18813412045994327	-0.01811182459835812	-0.014597352860713647	-0.18814592193547808	-0.016158910702230203	True
30d10bbb72d3bd6515c0d64e6624e0af5aa373df29a5a074219e4c3a08346bec	product_exact_summary	product-4x5	0.35775579759774534	negative	-0.11060212309372344	0.048561551241100454	-0.13033983057896814	-0.12942659117160488	-0.08177827933786769	-0.09177765501584201	-0.12832196097113352	-0.09146502828690561	True
32fc9280c0ba157a7c2880fe3c314a657db07d9967a8c14ae9f66dea8e56ac38	product_exact_summary	product-4x5	0.3965342728076738	negative	-0.11741013767311331	0.08609194999322495	-0.08312490757596042	-0.08061655768600617	-0.1516953677702662	-0.16670850767923112	-0.07797581488203703	-0.13742203503696443	True
3330982ea0abea7a79fec28aea2ed111283b7a59472e63d9a3c9e700faeeff79	product_exact_summary	product-4x5	0.7058857694140457	positive	0.19689999551782755	0.15924762124852831	0.27001547406704995	0.2714295755036671	0.11218195425513877	0.12378451696860515	0.2735551289352829	0.14047833235936336	True
34e27af7e4c8867ec86a1a6080bf60ffe2546366c191eb25e502ba75562e432c	product_exact_summary	product-4x5	0.5461578857324505	positive	0.10423841117924748	0.025370208989626664	0.11128975485319265	0.111821375109185	0.08645116611955833	0.09718706750530232	0.11588576719234189	0.09709609416331838	True
3645507426db52a22112067ecc83841513b6487c005f4a9a6198541d8d720316	product_exact_summary	product-4x5	0.5941644543195845	positive	0.17143814056232912	0.13487763468626346	0.23592154295644208	0.23115517998314544	0.11172110114151279	0.10104390827017862	0.23020620592179186	0.09981795348658168	True
36e6b85368107b17b22c0af55de0a62ffbaff632d7b92fd5977c6812803ce7e7	product_exact_summary	product-4x5	0.44811972979515563	positive	0.15405506057456553	0.1051254974853969	0.20283254681980062	0.1985818475528857	0.10952827359624534	0.09770704933440372	0.20516246251311623	0.07283124383425454	True
36e6eba502c2980399247192f61985516844fd66e587b1ec3146b5a504a69eb1	product_exact_summary	product-4x5	0.717604469238773	positive	0.18881796089239877	0.2472514711625407	0.3124133855505484	0.3110501366803149	0.06516191438800767	0.06658578510448265	0.3143174305099441	0.10702320051134329	True
378fa204a77546240371c362dd30dd1724affe2f9fdfb65193764c126cb9689d	product_exact_summary	product-4x5	0.5756401466801936	positive	0.14386725460845678	0.06284413485075346	0.17654520259236128	0.17211621527462728	0.11561829394228629	0.11370106774160782	0.1773592056444604	0.09791524426161191	True
3ae94b35a80e7e0c029b56a5b52bb671ee1ff4be5dd1609f19c614db32d86e93	product_exact_summary	product-4x5	0.5647998731683527	positive	0.10630978303640881	0.09728650897957741	0.14156926829531868	0.14441098649898848	0.04712447751941107	0.07105029777749894	0.14522164467802295	0.08759272962511377	True
3cb1e48e5e7467b58d0f853730bd40d4dcffddd009a511091f9f99075952dffc	product_exact_summary	product-4x5	0.32423339385099154	negative	-0.2610794011867184	0.10476787063511006	-0.21345671027525787	-0.2141038690335269	-0.3080549333399099	-0.3182245809103679	-0.2125815869600582	-0.3381806810181704	True
3cfd7b3f86d0c7a8f325584a72a93ba025eb41ea9cb88f2c90405a13be8e4e12	product_exact_summary	product-4x5	0.16890219895360223	negative	-0.14155523671358622	0.13460186213560912	-0.20408651498176408	-0.20383812835175066	-0.06948465284615496	-0.07927234507542177	-0.2034045405668042	-0.07260853339468029	True
3d9cf4e55ffc04f1e3c6257c47af900f5c10a0e6bf04686fe688a720ccb8a0e2	product_exact_summary	product-4x5	0.32580185948856855	negative	-0.11449636918465558	0.011846828015473598	-0.11102426635576562	-0.11003838692165119	-0.12188521493712479	-0.11796847201354554	-0.10725477890049806	-0.12432386886846142	True
40141880fe8f0f383b141c2ddb405629e596ef63871d07387fd80d8d9534d89f	product_exact_summary	product-4x5	0.3698223878841229	negative	-0.1348451857888766	0.08886650118200196	-0.09361767000189408	-0.09738466543968505	-0.17230570613806817	-0.18248417118389604	-0.0932302929768083	-0.1266611056283199	True
40a441e98ab53f5ea7a31399699dda4e7697383de48844f231af73736a7b8d5d	product_exact_summary	product-4x5	0.672058900749255	positive	0.17223144569617774	0.14487706183267623	0.24000900131129765	0.23803413273678714	0.09513193947862142	0.10642875865556833	0.24140493253321438	0.10739578176788411	True
41b5e6b9f4ba574e754c5813b9536c061192d63b101eba532f1ccf9fd27fbe9a	product_exact_summary	product-4x5	0.6309103207900415	positive	0.14822670706097044	0.13817970819815611	0.21381547770746084	0.21699200958286197	0.07881230138470585	0.08263793641448003	0.21649803737456058	0.09468994516082463	True
41e47285bd308c955c2efa2619357c8565b85161cfeb25820ae08e852b4d1692	product_exact_summary	product-4x5	0.6426240280916096	positive	0.10090580209006195	0.18386021543569697	0.1878196943481898	0.18002282851613438	0.021788775663989512	0.00395947891249282	0.1894021931639821	0.07806788964305644	True
4412577cfd7d447be17d0bfdfa00b0940c366a70858bc053ed6061cd68a2d5f0	product_exact_summary	product-4x5	0.33144869128741694	negative	-0.1367605779177834	0.1386273454886484	-0.19945002185595695	-0.19646240961820016	-0.06082267636730854	-0.07705874621736664	-0.1943556196987536	-0.08595868869078394	True
443dc8a3fcf983f3b1bcd01c4c818ed6ef8b6c0bde64a9285ff775dac4d5a110	product_exact_summary	product-4x5	0.02753163479764526	negative	-0.1359599796031219	0.2631855899008708	-0.2684700563966209	-0.26547339481108206	-0.005284466495750116	-0.006446564395161704	-0.27091724516896787	-0.0008413519989392028	True
45b77e35a53d452927183de555e8a71c7f7b537a0991bd57f22e8a5fe55ef4ef	product_exact_summary	product-4x5	0.5997104557584872	positive	0.11148816062119693	0.0914998839890846	0.14624503352785323	0.14942332756236443	0.07673128771454063	0.05792344357327983	0.15063190445159924	0.07720384554396531	True
461a7985574cc5f60021f2efd93b33d8ae91306cf65bfdd4b03ae4fb1151774a	product_exact_summary	product-4x5	0.6834056043236123	positive	0.18462860413209087	0.04586421685228559	0.1977786892093495	0.19755573811172422	0.1519144723570639	0.1717014701524575	0.1995297404962426	0.18169346354439897	True
4630b8a20cc542d40336d75401189947ad7e4814011c71b23d838ce44c8078fa	product_exact_summary	product-4x5	0.6233567675360698	positive	0.12407612054290007	0.06773117676641421	0.14768609581802328	0.15011998641521368	0.10046614526777686	0.08238880964879947	0.1525564182587179	0.10414854550286856	True
46c5d459e83f00bd1a9f5e27cdbb959e9b96cc569f6091e3f35bed32b868bb73	product_exact_summary	product-4x5	0.21499058986690922	negative	-0.11939355074224828	0.05008353257434084	-0.09714320074867105	-0.10043744820774808	-0.1472267333230119	-0.13834965327674847	-0.09853601768046566	-0.13939776626320238	True
47ac0a6f5cf8fe0a15f822440cc4209ff4fef501bd32cefb4fb1079a5afb0742	product_exact_summary	product-4x5	0.5582583204428461	positive	0.10382027488320614	0.03904268482798218	0.11513297509489495	0.11636088597769362	0.09250757467151732	0.07731820114971144	0.11779026061011644	0.09824706100493591	True
480b6bc63a1f4a00f513a69ceca1aa38ebfca1a9f6536adc457a3aa5cbad2f1c	product_exact_summary	product-4x5	0.6606188237880805	positive	0.13973233649871694	0.18276362675884716	0.2243269425795929	0.226274456507073	0.05513773041784098	0.04351082974822584	0.22552220515486604	0.04773920288375133	True
484c7bab23096d264cc5569f033837fd83ccd59e051ccc008f42a93efbb5bb53	product_exact_summary	product-4x5	0.6401997673125983	positive	0.14351154903768593	0.0811074974093724	0.17783276362778389	0.17626848168790832	0.11075461638746353	0.09672526621841149	0.1775737432606242	0.11880642615245118	True
489210776882a159a7e81cce715bbd7bd75cd256013776ef05b10a13b0a5e2e2	product_exact_summary	product-4x5	0.711857724891617	positive	0.14238471662769814	0.18814263840801088	0.23728626761411326	0.229783800814086	0.04914362920610238	0.05498563244131027	0.2408297907399305	0.05297891084206108	True
48b77bb6dfd1638239dd2f18f64b7d78b96e0f795036addd029524785ba71e67	product_exact_summary	product-4x5	0.6194744825758285	positive	0.10110104901125294	0.11066448857671873	0.15424099576471473	0.15190396966959485	0.05029812835291103	0.043576507187995994	0.15413949202374444	0.07523759972768596	True
48bc1e5b6a96574d9a159169c96717c4fb7b5e8c0c7009af11b6c682b4432d42	product_exact_summary	product-4x5	0.5117488341613718	positive	0.11057060111959344	0.16753147862045603	0.18754079509975585	0.1869398087958437	0.02000931647929982	0.034201393443343164	0.18693828447282995	0.042441286585013505	True
4961fb4fae4b94ef42c0cfd01e7468b583fdaa80cd4762ab9725d899b18cb2b8	product_exact_summary	product-4x5	0.7376023108548647	positive	0.174170655529633	0.1307564008699077	0.23322238369661696	0.2386080885187708	0.11511892736264906	0.1078516876488631	0.23860509561694865	0.16156133687091778	True
4adf7f58d66154fbf5c56feda782cf99b37f0f66dbffe0ff924847f726422c9b	product_exact_summary	product-4x5	0.048613616536394885	negative	-0.10912837382031512	0.23115813112846317	-0.2156596760935207	-0.23317373178089912	-0.0025970715471095307	-0.002015600652435938	-0.23418530142872185	-0.002066384909014625	True
4b67657a2a65e6ec7d8b76c5f9b0afc71778fff236c4eea480c3a0355ee3fdf2	product_exact_summary	product-4x5	0.7237242705352415	positive	0.18332677844447598	0.184581539008787	0.2719162372947127	0.2751199569601485	0.09473731959423926	0.09053841795136153	0.27596966982772	0.10235271929168022	True
50b29b99c0a7174a7296a5dba55b95dabe053357d4469f857ed5861c5ca83087	product_exact_summary	product-4x5	0.6979119667634124	positive	0.1261215931343716	0.150741141825794	0.20084800700595262	0.19882106034234792	0.05010686518015861	0.05342212592639528	0.2022047306685827	0.04204745504456364	True
5376332a666a34dee299bebdc9f27bab811ecd873da8339fdaef651ae4b3e742	product_exact_summary	product-4x5	0.1296842708408132	negative	-0.11379229413244941	0.14187248175691328	-0.18523255587011778	-0.18181676548433628	-0.045767822780562545	-0.0433600741132045	-0.182865764753198	-0.044128140675565364	True
5566bc3ea3b21da13006d71f345f92870f2f9ff700754d07dc8e182ba39b3f20	product_exact_summary	product-4x5	0.7172077126692284	positive	0.13963869282012786	0.11528190395783966	0.18894125766652414	0.194363418661478	0.07908151470363833	0.09033612797373158	0.19463622115080126	0.12617688629045187	True
5b69c0230d3a7ab5a33cccf7e65c12750c84fa3e2279e8dee453a1c2639b9664	product_exact_summary	product-4x5	0.6541139132812754	positive	0.1216021539128106	0.13819096986038987	0.18126506303246204	0.18333174063759433	0.061939244793159154	0.045140770777204464	0.1858768971533265	0.02579283286474998	True
5c0cf160334833b2ca1585d765377b27206f918a6bee7bd16aae9d0ae76fa8b4	product_exact_summary	product-4x5	0.6671384320416216	positive	0.1933377263701025	0.12091349689539177	0.2561564639899754	0.2504074243767437	0.1362680283634613	0.1352429670945836	0.25861775211168425	0.14320220642502768	True
5d26f97608259061f6b109ccadfa8689269f10dc7f5b15f447af70186c2afb0a	product_exact_summary	product-4x5	0.4084752056637244	positive	0.10719377341967484	0.010597501702700296	0.1102831706463469	0.11044457350372999	0.0998470718010297	0.10410437619300278	0.11212302142315878	0.11599513328546435	True
5e09c70922beba63f5e31c08b12f3fb12fe3fb4e6da4204955314a2d112604c9	product_exact_summary	product-4x5	0.2716152411590137	negative	-0.12769689128947512	0.18470129624063142	-0.21911769610735765	-0.21634070838661829	-0.03905307419233195	-0.03441639986672623	-0.2150670670520241	-0.034085286287030614	True
5ea30b67c76a9d7f940b49960603302c5eda40b69deb6775b6cb0ec431f55c20	product_exact_summary	product-4x5	0.18479961092895217	negative	-0.11994337634102675	0.04414508705729864	-0.10475172208248104	-0.10281170508223283	-0.13513503059957246	-0.14695679213953147	-0.10265431087140045	-0.12569344176628597	True
60fe962a1cd7a8ae60239abf0be26f68140ad5436ba5bded4c4de621ab19dcb7	product_exact_summary	product-4x5	0.6140047007042782	positive	0.10053120371631316	0.17918094536482737	0.1873788474894919	0.19123833118611183	0.012057385821284461	0.013683559943134416	0.19091921188641975	0.03968805703425071	True
61a538cb576856616970cff02b41aa4e3de863fa655f02884546ac37bca80031	product_exact_summary	product-4x5	0.5774940742713403	positive	0.10226780012873415	0.09682182924700256	0.14777255777723508	0.14738529795072852	0.057150302306739786	0.050950728530232525	0.1524872126276831	0.06859931161306143	True
630dde4768be1761cd31bb638259cd90c7d1e859676003109b67289bfc2ec6c5	product_exact_summary	product-4x5	0.7403184837443391	positive	0.20962950315820994	0.11304498592689854	0.2576498318597011	0.25619549629228733	0.16306351002413255	0.14460484593280254	0.2591382868777245	0.1503280858848033	True
642936d6ef9f93a4e768514702f71ae2a5b48e510227ea6bafc0ffedfd0603dd	product_exact_summary	product-4x5	0.6515616667811186	positive	0.15745497066687467	0.09648398827129029	0.20399447600267145	0.20678430682408028	0.11030031855278999	0.11091546533107788	0.20989423953982833	0.13144265209653527	True
681be31e4379f632cbde80761e4771bba3f5550cd46c6b90ef20c7eb8e99f4c3	product_exact_summary	product-4x5	0.6599006412141499	positive	0.1820848016011819	0.1982908789227878	0.27754858683845507	0.2811529796985039	0.0828621007757161	0.08662101636390873	0.2797729671002126	0.07786751497380762	True
6a36c4c839c6734e3b96ef2eff69d4e818912a7a0d8196c709869d10f3c68763	product_exact_summary	product-4x5	0.6201156934833699	positive	0.13359469593916568	0.08482452063133272	0.170215010311771	0.17209858964265634	0.09697438156656035	0.08727406901132362	0.17563537491526116	0.13374298088419073	True
6a7173d9f741a0026913d7b3ed375831d26d15123ca3ffcd81bc1d10c19b0640	product_exact_summary	product-4x5	0.2618392181504651	negative	-0.1423470529952232	0.1913660769166758	-0.23256079484312103	-0.2280238546372007	-0.056670251353245715	-0.041194717926445246	-0.22644676860217777	-0.06962644704798193	True
6a88411e1c75df85998cfbccfbe13d0aaccfa9f65eb41fd22cf35c7915e825fb	product_exact_summary	product-4x5	0.6492769363888584	positive	0.13737387378328297	0.15536038177052425	0.19944201668154427	0.19615455778310975	0.04408163491102002	0.0785931897834562	0.1993035415209583	0.09947994092314927	True
6aeed7c7c2ffb6d7a512813dc0c648f14cb310e618de5cdb9173445d496a41f5	product_exact_summary	product-4x5	0.15295929641365666	negative	-0.1427083108927193	0.21904551504260855	-0.25142360623361937	-0.24976987417509036	-0.03564674761034825	-0.032378091191010816	-0.24992042268296502	-0.031205936971705317	True
6b6b47bec7995bbc28feb973fcc450441d06d6242e1940367da91c9b9e79ecba	product_exact_summary	product-4x5	0.796868239284506	positive	0.2604351012273442	0.23450066909115452	0.3728957359212002	0.37703560315863505	0.14253493406748052	0.14797446653348822	0.37706805247044733	0.15812392802953168	True
6da2558eb16023db514eaa9b6b1016e811ddfeab39220fbb6ca89ce14546f4d5	product_exact_summary	product-4x5	0.7542347878889757	positive	0.139132257529885	0.1480688404157443	0.21188184090654705	0.21124272973878	0.06381300049080274	0.06702178532099001	0.21652045324617575	0.09732915201089609	True
704b8b99a4569c8fc72f41451070852ca34d3acc8d9ccdb22ba8b92195cb5ab2	product_exact_summary	product-4x5	0.49729218451027507	positive	0.13144514191765638	0.012928004013394612	0.13561285541939494	0.13173848010791483	0.13115180372739793	0.12268485140600033	0.13462979451100748	0.12626692809828527	True
709f535b6238914e14d76922891dcaf72615477a27a1653e8a6cb202bcf8238b	product_exact_summary	product-4x5	0.5464110389753993	positive	0.1341725482460784	0.19753889733239838	0.22859681039988072	0.22893654698647237	0.0397482860922761	0.03139764965407399	0.2269786170818206	0.040050629240391156	True
731f22d74bfe824283ea26236239181d8c83af66b38a9facc54eab9833d96add	product_exact_summary	product-4x5	0.6243695703467748	positive	0.1350801556686059	0.11309199335463793	0.18826569073069033	0.1879288583293089	0.0751736973760524	0.08223145300790291	0.18951410124956447	0.0948876953832044	True
7446a90ec4091aeec9fff4a5ff3fc0d77338e2e55505b31d52138a417eb3c66c	product_exact_summary	product-4x5	0.7264026639503848	positive	0.17498805016629143	0.09218913854860522	0.21965620857492973	0.2202083182710729	0.13031989175765313	0.12801917972246768	0.22341778529793177	0.13199987727806461	True
7489793d09f7508d57e23ddaa09e96f71f964b8addd3e11314a88dc1dc57aa2c	product_exact_summary	product-4x5	0.13190621092197347	negative	-0.1561561013327259	0.29271377377760244	-0.2917007468364932	-0.30764229272966925	-0.020611455828958597	-0.014928518952066816	-0.30285024305418345	-0.022942142047423703	True
7491ab29b646b5c27426e64f7b1acf0a4381aa555d625387352b3a5a1a8cb832	product_exact_summary	product-4x5	0.6651468233748945	positive	0.12203858306681958	0.12566293522540495	0.18168441000560243	0.18081288224303227	0.05602147478019748	0.0632642838906069	0.18267298549466465	0.0736526025414096	True
760edf51d682d85b81e7b44bac165f1655be604abbcdccc08467ccf270ae9c94	product_exact_summary	product-4x5	0.1378503592517188	negative	-0.15356772052005457	0.14633957580703164	-0.22161810460281245	-0.2237956644732923	-0.0855173364372967	-0.07745608866626066	-0.2196428662559206	-0.060246372199310866	True
7697048a55d13165d616cfefce569e3146ac9f59d605052207f276ec86d106a1	product_exact_summary	product-4x5	0.6283072586232271	positive	0.1052570478941634	0.0436694406763265	0.12436520055583544	0.1213719921893881	0.08069575987950894	0.0891421035989387	0.12433023730869486	0.10517718235158169	True
76e2cc650ebcce0b87bb46113408ae1436945f11b1d750bfdb7b37d682a60b3d	product_exact_summary	product-4x5	0.21912689894804527	negative	-0.1264003406831066	0.030208678296270386	-0.1329907122666495	-0.1332978162594209	-0.1198099690995637	-0.1030891379631505	-0.1324408900884071	-0.11104199907757911	True
794548b1529fbe0a1cbbe810992744e4cb2138b945e785d986c51bd6975abcf7	product_exact_summary	product-4x5	0.2634073238009923	negative	-0.10854868495519376	0.19404783454366298	-0.19876427289828125	-0.19650100238005241	-0.020596367530335113	-0.004716438354618269	-0.19573453155525145	0.009884365650384197	False
79b2552c289607f2e87e3648a25694a00acd0ff36d6168021667259b097e5e46	product_exact_summary	product-4x5	0.20141007073055214	negative	-0.17797356601400394	0.3059065139212886	-0.32278782001111705	-0.3244166664799617	-0.01851015255867311	-0.03315931201689079	-0.3230605563700023	-0.031955947638399346	True
7a6c2e6912cc42d479b362ac9ee7c0ab15a83e74bf665bcc0c6026304642d069	product_exact_summary	product-4x5	0.5879002364799001	positive	0.12166963296424921	0.14675395823037363	0.18438623808757348	0.18722420692739783	0.0404702486970242	0.05895302784092493	0.18960869572402406	0.054829922463034086	True
7bf4cc053534b9f3736df962ca310031126f8df763af785b0afc267b38874813	product_exact_summary	product-4x5	0.291508912851389	negative	-0.13317991310028782	0.15340039046630266	-0.20545059775282748	-0.2073226899990983	-0.060909228447748154	-0.05392229953279565	-0.20193128745909683	-0.06372331196863096	True
7c7c7f00080a47ae6a601e089fd898d855597ee8573746d7d367f82a21c9b1b8	product_exact_summary	product-4x5	0.6190884363319951	positive	0.12701016521455663	0.07655348019854541	0.1525752843070453	0.1499840811059045	0.0760218041084999	0.10403624932320876	0.15252299904104538	0.10297397330416191	True
7cefe6d577393e26be9afdf7f765b2115237c0b0a37ccfdc71c0afe5eb3bd628	product_exact_summary	product-4x5	0.34860754487209444	negative	-0.11235116897049902	0.05359579113870594	-0.1382100613672339	-0.13184330809833522	-0.08461427022852797	-0.09285902984266281	-0.1334324456550977	-0.09199397954158339	True
7f012a52ee502c432a1787f2fe35b4476145786537451a04f0bec8571c94fe97	product_exact_summary	product-4x5	0.601955289561366	positive	0.13325234069500147	0.14820983173116653	0.2015314455460453	0.20452477471159403	0.06497323584395764	0.056314942980427496	0.20523159543095715	0.06292170244588757	True
814da8655c2f36d21e9d1a9554eee3ab08e94d17367fb6fe5298d0e71224b543	product_exact_summary	product-4x5	0.2017704284928536	negative	-0.13653123814636225	0.11693618257899702	-0.19207889350193807	-0.19165202593197883	-0.07514271092294106	-0.08141045036074568	-0.19322230951834535	-0.07395803871119838	True
8409f061d2981f6bb6103e781867d5ea864b79895444f566f48d63fea75b2ad6	product_exact_summary	product-4x5	0.007506253726365799	negative	-0.10022740236858381	0.19465045986384855	-0.19567606434594492	-0.19914622533386153	-0.004778740391222708	-0.004495765470012973	-0.19237088505845798	-0.0057124113192053095	True
84224b86dec339c73bd358edac34d7a19e0b4a5707d9f0fe15b465dc8ae81178	product_exact_summary	product-4x5	0.4161692736708737	negative	-0.13269888318542622	0.09100615733108808	-0.08687846668070215	-0.09102716002391015	-0.1743706063469423	-0.17788462401179023	-0.08389982731345474	-0.17959482196445914	True
84a1946d5ed6ad005f48d9f1ba7f4d470bc4ac17fff0341ca703362a32cb9829	product_exact_summary	product-4x5	0.4661231646032631	negative	-0.11427001458262487	0.08306801008583509	-0.08060551826368312	-0.07964731204118514	-0.14793451090156662	-0.16271532212702022	-0.07494951915431103	-0.1760290867218518	True
852c305c5190334be8134da7577a56ea96a4b265af63cdfcdbfdd11962ae3c20	product_exact_summary	product-4x5	0.6690806693635185	positive	0.12462725801218746	0.10243935506399904	0.17631032736103425	0.1749123376071871	0.07387097229703521	0.07434217841718782	0.18129216914900093	0.07780271814241646	True
8849454946004f14907a0c0e25eaffd30c3f9a92bc9bf0eb377bc1f7fed1fc13	product_exact_summary	product-4x5	0.7144478152839402	positive	0.16180213639437227	0.21156611174490025	0.2540364388085136	0.25629128994231476	0.044725178197414506	0.06956783398023092	0.257526078157055	0.08375050844946896	True
8ad755a4bc388aeadddc192d75830e246f09f7b407f87e44da4f6762f55a983a	product_exact_summary	product-4x5	0.5592987882424362	positive	0.1149559445573416	0.08450525564174094	0.14474675073743232	0.14620528870375504	0.061700033062014104	0.08516513837725087	0.1494717753201047	0.05667162015774241	True
8c53c29d605d99d4892b7283a9c96ea497c5b6792d894dd5632330c64ca6cf45	product_exact_summary	product-4x5	0.6719923370883655	positive	0.13343505477523532	0.14729493635683	0.20191795126723644	0.2038134863430876	0.056518549986257605	0.0649521582832342	0.2060754391843419	0.10613489997945624	True
8f370c77a06f0e748603afeb94252567001fd886f55e021b61a4ce84c30515e6	product_exact_summary	product-4x5	0.6623318403510778	positive	0.13063123783440914	0.1895575148004509	0.21333935529682807	0.2171884546107513	0.0479231203719902	0.027630939810300403	0.21853610770508958	0.07099789430346559	True
9162f15ee8d10bf42d3f010407037f60aae0993061f0680730616352b06edc7b	product_exact_summary	product-4x5	0.37275915457117137	negative	-0.12464694723219871	0.20226767348155367	-0.03556918143066423	-0.03433335269359167	-0.23660102617514533	-0.2137247130337332	-0.033207543706529785	-0.18686588193155695	True
9209bab391e470b2eeb9c35c9a73978728929297f40ef3c8d29e709aaac32501	product_exact_summary	product-4x5	0.7034472161752034	positive	0.11625312322116382	0.16421392502308252	0.18776322760452158	0.1886106426338665	0.02439671761078399	0.04474301883780607	0.19220265379485246	0.037246468736445215	True
96871e57e78a189c8ce1571022b9fd33c770a65d0e95b233d5537af9c7374193	product_exact_summary	product-4x5	0.19773224848789245	negative	-0.15977396343224104	0.10151089191030388	-0.20679335240887325	-0.20464571778179896	-0.11490220908268312	-0.10528246049856937	-0.20207012972575306	-0.10827813523482233	True
96cc03933aff82f7aad6d6a568a80bd88f8519ed687833bb63726fa36564c562	product_exact_summary	product-4x5	0.28947409673789815	negative	-0.1220684204352368	0.14825832239940412	-0.19236856017422183	-0.1921421240147556	-0.04411023777481771	-0.05199471685571799	-0.18800790053439376	-0.049515330101106314	True
9798a95e15bc7a1d5f863078884013eb15010e211a07653f434722cf7ddeddce	product_exact_summary	product-4x5	0.7240052577248104	positive	0.17369820046674578	0.16738563380623794	0.25600618346243054	0.2576619219543582	0.09027628814812028	0.09139021747106102	0.25836621389097847	0.13265461249903376	True
98fd9d0fe4124bc83655ad2acd037ce97f348c3ae21e9618e2a8e3730a80ad61	product_exact_summary	product-4x5	0.19269847046970656	negative	-0.11535730086949506	0.10547305309591681	-0.16478869310278504	-0.16600326878829508	-0.06592590863620507	-0.060530215692378264	-0.1639912136689899	-0.057267823236947235	True
996c3588bbbc7b54d477a9a2d64c6ab7150d709d3ce57872b6e34c034182d815	product_exact_summary	product-4x5	0.5921140816565323	positive	0.11669142161869353	0.10009251187735718	0.1545520283082656	0.15551213966687966	0.07883081492912147	0.055419627789522474	0.1584780763788508	0.07435805869774614	True
9a8dfc9d9f5ec383bcef9e5c55361915e0df402e6de3a93c24773f7f0e3fa621	product_exact_summary	product-4x5	0.006706281090478754	negative	-0.11069434866944906	0.21902366223898007	-0.21854274150942468	-0.21985497340202403	-0.002845955829473435	-0.000831311163043978	-0.2123379565688722	-0.0016125296278723753	True
9a9ac0ad4449b60e5d40411ee288d827ed2b7bb8cce3a6b873a104f6a674315b	product_exact_summary	product-4x5	0.6640471195312802	positive	0.15135958171902184	0.15192329415759115	0.21971873187046836	0.2219012967046316	0.0830004315675753	0.06997800254704045	0.22469831445860794	0.08391493171594722	True
9ac8a3aaec201ec819aae3d9846e564419058a23eaf6280f516de85efa6df69a	product_exact_summary	product-4x5	0.6440170294322434	positive	0.1051801116677546	0.18897476699787147	0.20261233922773808	0.19635172345890928	0.014008499876599911	0.013637572229866612	0.2047009965663928	0.04136353258502534	True
9d356defae5fa90bfd5e84ad793d9d9c728b6cfae3eed2bb7a5f910992cebbdb	product_exact_summary	product-4x5	0.019276946668298277	negative	-0.1009102054133978	0.19397066650609235	-0.19931722603220703	-0.19612120095860464	-0.005699209868190967	-0.00534655952611467	-0.19989785526008763	-0.0037863495440486165	True
9d8a801a0d978ae2c883e00b9038e170275ec2e4b21e7990fe1f0a77e02b9143	product_exact_summary	product-4x5	0.03149136138528443	negative	-0.1108652869624202	0.20277292031999547	-0.2129619309950098	-0.20864045435887932	-0.013090119565961102	-0.01018901067501432	-0.20888570787607916	-0.01092823553893698	True
9ed36350aedd1211b8b8e946de75abd744170393bdb58a101d2fb1abe7012fb9	product_exact_summary	product-4x5	0.681845717345824	positive	0.12262893877302661	0.1854297887228319	0.21207247520346983	0.21827370421714498	0.03284391549431309	0.03318540234258338	0.2180253941290322	0.029415467176345134	True
a00726d84e0fb076522a0272fe4a46e1f1778debc77c7941474f2e5acdd8646d	product_exact_summary	product-4x5	0.6378183582875696	positive	0.12091663173324599	0.19820470233332765	0.2192225020612174	0.21822229318145053	0.021017799727889752	0.023610970285041444	0.2215423491327173	0.0567903482227492	True
a1d70655d4e09eafa9b847feffa25533c2c0386f4386904ede0adcf1779d2b20	product_exact_summary	product-4x5	0.7507515228106079	positive	0.14737680715071316	0.11267997356267623	0.19460604246540436	0.19181047020760678	0.08192606890272813	0.10294314409381955	0.1988803098740758	0.059296152629836674	True
a313ba44b3905744069af47113e2420c3f6d7f58c63aff4262d8ad1d630f84b1	product_exact_summary	product-4x5	0.6322617675520923	positive	0.1291491924263644	0.08264330952648635	0.16902498971008706	0.16654518119575157	0.09175320365697726	0.0863816801836007	0.16982615891947606	0.09148064016543633	True
a67aa5909cf2b97c2a7aee4fdad0390003719a08c3d6493ac5be5117b102e832	product_exact_summary	product-4x5	0.34972300480497165	negative	-0.1508848419537707	0.08502293786097831	-0.11353456574786741	-0.11489751967639011	-0.19855750360884572	-0.18687216423115127	-0.11208113079312965	-0.19415146707885478	True
a6f0cd2953c02c1d8652acd8b16a3b3e889e82231c4726b4326cf1c18ea8725a	product_exact_summary	product-4x5	0.7730339913846744	positive	0.23357718524698629	0.17454361619663994	0.3145960092815069	0.31450617883462073	0.15264819165935184	0.14005239308486694	0.3162595183791397	0.1407656812090382	True
a887777ba41e65bffe7325fecd836537d81cc46c9431377a0f5761981a0b84cd	product_exact_summary	product-4x5	0.5309148349045212	positive	0.20758920005554068	0.12212895852651556	0.2493297534416054	0.2534431437736692	0.16584864666947596	0.13131418524715366	0.25338586940527724	0.09071631461839336	True
a90a0fa9a6107acc7f8786ef96466bbe5c7e79ed0cd246ec5244b254d2fba990	product_exact_summary	product-4x5	0.534859494237016	positive	0.10349194940669876	0.18099562551928317	0.19211433507946096	0.1928096264228899	0.014869563733936553	0.011814000903606736	0.1946989843621717	0.02309778921581851	True
ad8d1be3dff0eae9527a6b5670a127711bf1c0e2ea5eb6d401385e561f85b34c	product_exact_summary	product-4x5	0.6884968534382314	positive	0.12671024947928117	0.20608647016655784	0.23137881668973365	0.22492249821159038	0.0252923465231758	0.028498000746971952	0.23609666429562504	0.0030188335640441988	True
aef830356d7eead55360773350d23b7833c37db8b585c90e09042a5011b7b228	product_exact_summary	product-4x5	0.6176785543608347	positive	0.11345245386509636	0.07280855162367728	0.13493551009247312	0.13631176999356776	0.06350321836989048	0.09196939763771961	0.13979569298593297	0.08235039573492187	True
af411f45e7e404ad5e0bdd39c8b9470de12a6d3985f935948d1dad4ad92577e7	product_exact_summary	product-4x5	0.1376073232749563	negative	-0.1287930289332093	0.24546917001565988	-0.24688033268847007	-0.25084903730249686	-0.010705725177948516	-0.005379867286836981	-0.24610496720361738	0.0012769597128884924	False
b074c678696bf18e137e7eedcd786ef079adc816cf7a745e20728b6f033f0163	product_exact_summary	product-4x5	0.422598713145151	negative	-0.13008071692459194	0.07318903996550807	-0.10161470492536911	-0.10419998445499806	-0.1748037448908772	-0.15596144939418582	-0.09965189122837387	-0.15335435727119667	True
b074fa0180348909b17a2b15df30546fb86376673a701d1a541bfdb50f719925	product_exact_summary	product-4x5	0.713525206737211	positive	0.18708560227936377	0.11073973208428656	0.23502000453976568	0.23760371828813742	0.12686398620385086	0.13915120001896186	0.23938635409468723	0.15001776727442118	True
b0dc151893f3b0f129b347f34aed9041485293cb9b7da0d2fd152acd059c7db1	product_exact_summary	product-4x5	0.23857547083939767	negative	-0.14284090823496265	0.07908952687382814	-0.182593060186871	-0.18084955061721825	-0.10350353331304285	-0.10483226585270705	-0.17928797256697948	-0.08766047300919211	True
b22457b8b31d1d3d76e37966cade45a79736e99e810ad697d61f7df546cd1805	product_exact_summary	product-4x5	0.6122817291816511	positive	0.11824235331069732	0.09695487196547536	0.16235201763007656	0.16266555110090397	0.0657106791354286	0.07413268899131809	0.16684062613914108	0.07578837526028348	True
b25c7cde8af9c7ccbd8ff1fb2817867a41633408f2fbd6c364c102a08c74c5d4	product_exact_summary	product-4x5	0.5925967968125696	positive	0.14652266661567373	0.06590985671008115	0.1739059584095527	0.17811264737527283	0.11220279066519168	0.11913937482179476	0.1802975269949676	0.12008747601287251	True
b2c0327a136e4e2173b115d9db2142bf7b5bdf62d98a3d083953e41c0dede2e0	product_exact_summary	product-4x5	0.6952224163279472	positive	0.1519806904643024	0.15531035876072552	0.21584901446926918	0.21846395691777942	0.0631535981570539	0.08811236645933562	0.21996117349410726	0.05431930400350904	True
b4a9fed65c6f6ad8468b0d5ca04a22f30226dd446b965b788dc949320261cf51	product_exact_summary	product-4x5	0.46719989605037493	positive	0.11466054806796436	0.08591179251967351	0.15354181109726783	0.153862945573004	0.07577928503866088	0.06795115305333049	0.15244769513360357	0.10079354016543823	True
b72e1dad6b464eaca44a73abe3d3fc5a452fe646aa4b872e7dab4293752bdf6f	product_exact_summary	product-4x5	0.662132437521877	positive	0.10135572644676683	0.0320616977181023	0.1020886580953122	0.10062279479822145	0.07868165997001852	0.11074335768812082	0.10479653699004288	0.030870252313670687	True
b755275aac6b69c4dcf6d1b9972810bf163a8f2b63e480f8936c6275978fabf8	product_exact_summary	product-4x5	0.797036423685961	positive	0.21646280292581166	0.11101619311951394	0.2675589524450215	0.27121955078076565	0.16536665340660184	0.1602033576612517	0.27267795829125163	0.09763937384885946	True
b7ce1c1a965441d5d6f323234eb53f7086f97bf7a000236fa8815652db3de176	product_exact_summary	product-4x5	0.1722173773228101	negative	-0.10580020413269822	0.1820799801316911	-0.1963155623499531	-0.19544528263211278	-0.016155125633283668	-0.014235582218261988	-0.19502810128237533	-0.006518311382052749	True
b857580bd77e3ce9e3274845a3c6c328b7a59c64b8cbd608b0654106cbe44725	product_exact_summary	product-4x5	0.6568113632082964	positive	0.11768532448963073	0.18930500289181212	0.20736578715298887	0.20701681165679925	0.018060784261176743	0.028353837322462216	0.20824706562024853	0.032698925440092896	True
b939a1c23b4fc9ea8bbd681a6d5d2f23c5b09b3833ba41fb68ff9c3cde5dd22a	product_exact_summary	product-4x5	0.6796544777621568	positive	0.13359295026110593	0.14468159997257146	0.2027409134034554	0.2043119798623224	0.05963037988975095	0.06444498711875646	0.2052610957704853	0.08578300181344867	True
b953db91e7541a68a96d9b8df3903603ff790b8e09b1ddb2cf03581c5fc6a4db	product_exact_summary	product-4x5	0.05815819464232384	negative	-0.10124496639648252	0.16531370158803377	-0.18529474452681782	-0.1813112621201059	-0.01998104293878407	-0.02117867067285914	-0.1822286888143474	-0.022125283509088503	True
ba97679b36e326b00692a37dd5b12333516adce9b8e97a4ca1422b78abb65e0a	product_exact_summary	product-4x5	0.6969880147212006	positive	0.12928006740145961	0.1788039477307759	0.20882509229930274	0.21207890333285273	0.03327495560207683	0.04973504250361649	0.21376729376855497	0.04563639567890887	True
bdbe0caafdd87a0f7c54d5f5a98917e68734abc180965b80c2411ab4e3042bd7	product_exact_summary	product-4x5	0.14644426829519808	negative	-0.19565046064102104	0.3901926147415456	-0.39608643957313494	-0.37193231946971483	-0.019368601812327246	-0.005893824831589345	-0.3883461810330686	-0.02176375446378706	True
bead2286a3cd7db2fb0bf24d426e3d955e525da2cbc9b3e30a4e79727a3a2eb8	product_exact_summary	product-4x5	0.48957940170279207	positive	0.10169518707784284	0.015988699068246626	0.10247983736554728	0.10613657274444421	0.09014787367619759	0.1009105367901384	0.1072529941730963	0.05951883647787787	True
bebb4afcb98489369b79c6f5f1f6047d8d6d15780a2f0070297fa710c4cc39fe	product_exact_summary	product-4x5	0.22596082113275429	negative	-0.12350992327110724	0.09587639605813336	-0.0762290883798532	-0.07503184075397362	-0.17079075816236128	-0.17090823681210698	-0.07493554704238747	-0.1515950378048952	True
bfc08a730baf2f4e2dc935e2c5bcb2e1ed9e65e975dd1fcecf027e59287a07b8	product_exact_summary	product-4x5	0.13960727310604004	negative	-0.13191419185798997	0.189472121654499	-0.22907531149599014	-0.22334663843695185	-0.03960318984149114	-0.040481745279028064	-0.22266268803649092	-0.04105083127981507	True
c14d97c4d81605d49a58d0de7e5710051b76cca497923754f48daf146280ad89	product_exact_summary	product-4x5	0.5838375068583781	positive	0.14238966855960838	0.17774414185993853	0.22379625927156854	0.2253313303144439	0.060983077847648226	0.04758718845450538	0.22494137241466533	0.07599098027069662	True
c23a315c980b74be746be70e3364185251eb0cd034c9dec26929f22856faba38	product_exact_summary	product-4x5	0.5150509265911056	positive	0.10353787535096778	0.07780982590533209	0.1262439045664584	0.12502300032492952	0.08205275037700605	0.04843407866112631	0.12669400664794972	0.05911565394637014	True
c2731d5bc7e5a98452e63cadbc48007a9f92e99c21f275077053412e3ca24b6d	product_exact_summary	product-4x5	0.6940397380171197	positive	0.20438206570338846	0.14404186294406185	0.26612159551341574	0.26566158855037547	0.1220797325693539	0.14310254285640145	0.2688478591545753	0.1407464116659276	True
c3a3cec36cf596cf81d13eb09a06779995ee60d88c2a82e9d4fe375bdfa523f2	product_exact_summary	product-4x5	0.652160105901717	positive	0.16663637271033194	0.09998541692806673	0.21360638092285678	0.21372605418570545	0.1196663644978071	0.11374063725763872	0.21708980506194137	0.12482900149819198	True
c50d6e979d62fe76728e7cfb24fa0b0c8e139395d401bb32b187b5ab59558d9f	product_exact_summary	product-4x5	0.6244433262415183	positive	0.11183004021568785	0.13547218749133066	0.17863901154974188	0.17564841787342672	0.04316682405841121	0.048011662557948975	0.18196003639481118	0.08043854451288157	True
c56c739d77c6abdf33ae604f157e7dda315b147dc9d76d303a98504631ba4e29	product_exact_summary	product-4x5	0.7234090208821625	positive	0.1332557834583859	0.16534399562421853	0.2086850627879967	0.21792316439918735	0.05257916877496882	0.0578265041287751	0.2156293998325487	0.06995931651375242	True
cc5ad411945d5a4c9b2d370a9b78ef630ef48c92b2c0dab35f67e8106198a38f	product_exact_summary	product-4x5	0.14880705836176725	negative	-0.12470492217281315	0.18357005709998134	-0.2200798334085047	-0.21262669590803526	-0.03650977630852337	-0.036783148437591034	-0.21682467266455926	-0.032468404844961773	True
d462f1919a71e8e6395a4c2feb69ef85a5049ddf2e2b1f90dccb2a19ef313557	product_exact_summary	product-4x5	0.6534314600695805	positive	0.11552117499046435	0.13267937566944177	0.1756694335147061	0.16849543959759633	0.06254691038333238	0.04299005784526433	0.17787849990511823	0.07308273375663343	True
d5ceed50856b43a09a5b79555b43fbada2672b4f4743f6ec411a9a305b05a426	product_exact_summary	product-4x5	0.3311322131813417	negative	-0.10023353674521168	0.01834253311048495	-0.10192695934018514	-0.09854011415023822	-0.09186049385589268	-0.11020302696637763	-0.09609059909783246	-0.10781520097948732	True
d83105c389d4d47ceb812c4821fca7b77ebd3611c3edf2db0a717e1ca3589a65	product_exact_summary	product-4x5	0.6065713757444126	positive	0.1227674434050948	0.11866510648852147	0.173956762075548	0.17384729259399784	0.07168759421619175	0.055291655587026534	0.17626886225785288	0.07271276976518048	True
dacfdd10af3797980fb3bc92cc94cfeaf7ad3da9eb00218411cf588699ac8fe9	product_exact_summary	product-4x5	0.6718340498683673	positive	0.16166213310363062	0.15734479847532323	0.2356370075384237	0.24138598331732108	0.08768725866883753	0.08404118484199785	0.24028833979116032	0.11706314318865796	True
dd851406d914df57e8248f8d6965adf65791191c663e6ea03c64745bbd628307	product_exact_summary	product-4x5	0.20326734779773573	negative	-0.1011021031298999	0.057655899456330484	-0.12956823026890982	-0.1267007188835956	-0.07550348737620419	-0.07191233081257933	-0.12471773279316126	-0.0699575509703915	True
e0ea66c293b518f1fecd9cc546ca7e6a8a237c6f8fb470efe73573933004a416	product_exact_summary	product-4x5	0.3240598283928502	negative	-0.12951001739933557	0.08145156070095544	-0.09497090523612894	-0.08970308459356924	-0.17115464529452468	-0.1640491295625422	-0.08881237960064053	-0.15676110468846072	True
e27bd11de21f7450bc682964b954aeaf18648eae2e0bd94a67ef1b9a38e771b2	product_exact_summary	product-4x5	0.5992498614263537	positive	0.10796817930713795	0.19254657441608197	0.1955025108303205	0.19987997065522495	0.007333396239142975	0.020433847783955406	0.19922251302014304	-0.01139709839130798	False
e29054fafb3a1bd6a6a4e882a6aad986d48fa8653335a6e5e7af536c86f7fce0	product_exact_summary	product-4x5	0.3293915538693736	negative	-0.11620536307609972	0.0452166109248357	-0.12809594686871417	-0.1265441987824546	-0.10586652736974483	-0.08287933594387847	-0.12377847877583747	-0.10975352215710155	True
e49d6443b614ce94e247d31426fb6ad6f4b460c5249a6553a3da78c266673e78	product_exact_summary	product-4x5	0.6721007591867024	positive	0.14108404882414943	0.14209281584580202	0.205707711958108	0.20900476687460345	0.07646038569019087	0.06691195102880143	0.20856479037827674	0.09261970487478044	True
e4a8b31f2b6eb8d6c6d16d0dc0a7616bb1e931a44044609c2ff0feaa2d5d5595	product_exact_summary	product-4x5	0.2952976574751103	negative	-0.14159216642184683	0.11320395908318753	-0.1942770776597379	-0.1913818946061696	-0.08107311857655036	-0.09180243823752404	-0.19077338727451243	-0.09822114666658788	True
e650553da5b62e69dcb53ddc62a7376ac5c523265649ec9a993b63da4bfe1dd6	product_exact_summary	product-4x5	0.5813169490247345	positive	0.13557832386097202	0.07109468389777912	0.16665493774165918	0.16150854870443931	0.09556025384388006	0.10964809901750472	0.1632468401911522	0.09915397596313802	True
e6741d277f51389f70c205b4bb2230a468ac23ec40f818ad4ae96def3b6e58d1	product_exact_summary	product-4x5	0.2739271961609018	negative	-0.10162629541621929	0.04630213709146008	-0.11476359120391966	-0.11745511178432277	-0.08848899962851892	-0.07115297469286269	-0.11640216357239375	-0.06964771344985593	True
e768cb57c0a954bbf797b51442f3ce622255d3dab46e0d181c07de2ad7909ab3	product_exact_summary	product-4x5	0.6779239062315298	positive	0.10981996616838241	0.16585526055000727	0.19044264878984557	0.1841715147034071	0.024587388239838304	0.03546841763335773	0.19489319574019104	0.058784293807698784	True
e7e3d5ceedca11139f5b266d8dba899060a8f4c70d8d5dd42fdf814ffd35b854	product_exact_summary	product-4x5	0.5613332791564094	positive	0.15926621497501492	0.08012947688371208	0.19428994065119132	0.18863248833075336	0.11416046376747924	0.12989994161927648	0.19586176914131403	0.1041196368663398	True
e837b3cf0dc3ac0280b324f36e7384811f24732e2a85cfcad8e9e6315dbfba76	product_exact_summary	product-4x5	0.6838922387190022	positive	0.2127071304100321	0.14262913520299492	0.28184675455553587	0.2775940304150227	0.13921761935254096	0.14782023040504155	0.28298113959880794	0.16773809807826612	True
eafa002a5a723b0450e2e004279c59cdae380a9ed2e87958fabc55de6be2b11d	product_exact_summary	product-4x5	0.20749518714962575	negative	-0.10215074708392312	0.19623684023512608	-0.1989580993646383	-0.19994042945799914	-0.005343394803207946	-0.0037035892228730605	-0.19671175866235233	0.002375200925641696	False
ec684ceed54fd694e80d79bc54a1090d728d348956919e97fb8b41f471ef7425	product_exact_summary	product-4x5	0.2479109540210258	negative	-0.11760178111734704	0.08436279550920339	-0.08732373787831915	-0.08769914598624001	-0.17168653338752254	-0.14750441624845406	-0.08727774611959005	-0.19591690339413725	True
ec71a6dba25513c8893eb814970a06c30f83667eb66b0958e2b1e923e205d3a6	product_exact_summary	product-4x5	0.3506840074621104	negative	-0.13085101334779997	0.015529662439653535	-0.12842052211918836	-0.12590558557799508	-0.14143524801764862	-0.13328150457641158	-0.1223185026854488	-0.14515217877427078	True
ecb1e8c42f3dc90a63a5652302c496b2d203d7938932a45ce457d9e4931070d0	product_exact_summary	product-4x5	0.056083396325449085	negative	-0.11034181180300844	0.21361544146729525	-0.22383345227364823	-0.21041398274155873	-0.010269640864458147	-0.010218010806352991	-0.2243800093455954	-0.009055217861815519	True
edfbc742bde702de4ccb129e7e44e4c5e1d7d8d39fb159e8de04d3973ccfe8be	product_exact_summary	product-4x5	0.7283856558524939	positive	0.14185633644913814	0.0432167669204635	0.1611751131778676	0.16261859611815477	0.11940182919769127	0.1225375597204087	0.1631193823728797	0.06008679330213307	True
ee5c0f488120cf55e9fb66ea31a9fa663e3560d218e9caed70be3c6c5f109312	product_exact_summary	product-4x5	0.6145731443815536	positive	0.10652917685590943	0.14143144561307924	0.1714366974441171	0.17186747902321414	0.0304360334101349	0.041621656267701757	0.17165799133679494	0.055380820514983276	True
ef0073e9d78290c6954a373a5c8c6ca14e8c54854b08cc56a47fe2118108e6fe	product_exact_summary	product-4x5	0.039702949766785955	negative	-0.10512179320416318	0.18061257516878376	-0.18822388315722985	-0.19992893900751635	-0.022019703251096513	-0.0193163638387326	-0.19712799581620608	-0.01675160025068744	True
ef5b654099fab212f25542a84dfc8e894fd3862a15c552bb39fb169a971d14a5	product_exact_summary	product-4x5	0.14514851825840802	negative	-0.10088586020951472	0.13515500181152884	-0.16657254551265777	-0.16496947650722887	-0.036802243911800564	-0.031417543701128925	-0.16649786506984038	-0.03658044950221648	True
ef9c5f3f7a450d33dd4e4863bdd1594f94637dbd3ccec485f636c8d16df2556a	product_exact_summary	product-4x5	0.6796213527950123	positive	0.15070904474848867	0.13205834220210055	0.21608243592452336	0.21562767544732286	0.08402409372242281	0.08579041404965448	0.216700764150771	0.1125580214446259	True
f019754409326c945bd292b5a70a290671020fa34f9852027082dee4ce1eca3c	product_exact_summary	product-4x5	0.20866679786842585	negative	-0.10459913501770031	0.20138676189079813	-0.20445640527312747	-0.20143158066084255	-0.007766689374558072	-0.0030696433823293456	-0.1994527817348179	0.008063006150795554	False
f12a181f48453079822edb215a06437b34689ec3e2144d6aed4dff14caeab903	product_exact_summary	product-4x5	0.12252885250006662	negative	-0.10755629402687923	0.15548338604370784	-0.18438798836163994	-0.18583322337031094	-0.030349837326603096	-0.03072459969211852	-0.18425186761906126	-0.031750430319759604	True
f163c41001e46116196bf7861fa7b9c5e0998f6256c5052a6471c10a116c2fe5	product_exact_summary	product-4x5	0.6642979787093993	positive	0.11685218587553681	0.11217161282357047	0.16687158257578272	0.16680774620970307	0.06689662554137055	0.05469996975221225	0.1685473142290992	0.10211955849352383	True
f2bd458d5e168525901c55a31fd5e6e37f8152faf0f1b2e57b52f018aefc6605	product_exact_summary	product-4x5	0.6705174434456104	positive	0.11759194114318303	0.20609523517021355	0.2164529337614523	0.21894540075109614	0.01873094852491375	0.012850165580882589	0.2188447871504426	0.04951744604740693	True
f4084277561e07b9ee3f76b1ac512966292e11e94524ce275f434d5883d40c76	product_exact_summary	product-4x5	0.6900785630812859	positive	0.15111799805617945	0.24716023918210872	0.2734721477103873	0.2659325686644793	0.03630342744787962	0.026311908528278583	0.27654835648009	0.08331820560851466	True
f4f7131008596e101615047382268822c17d911937509aa9c6a1909336df9848	product_exact_summary	product-4x5	0.04788956414257605	negative	-0.1415171723859457	0.2757479843238375	-0.2777737719305352	-0.27873754637474496	-0.002989562050907453	-0.005260572841356163	-0.27428838925437954	-0.005108664034042101	True
f5a4244d65929e225c2b7b51649bd1b8bca2f35ee73b0a5fbcdaa8c2e5bc8b6a	product_exact_summary	product-4x5	0.7342045402331973	positive	0.12783621678918516	0.16186926114626976	0.2052006191634651	0.21062467933802054	0.04875541819175078	0.050471814414905225	0.21098434457824033	0.07368819292486495	True
f702bf48d43c2fe2908586c2c0575cb3639c9beee9f62ebd94cec667bc31a263	product_exact_summary	product-4x5	0.26112011956958175	negative	-0.14693961998968205	0.10278002768191924	-0.19627973209738409	-0.19981304141256667	-0.09703301373064743	-0.09759950788198002	-0.19684935669406484	-0.08796875368717921	True
f97ea37bc1b095bbf1ed49ddb66da8bf6c1bca1408512f49642dbe117ddb18d8	product_exact_summary	product-4x5	0.7749221490689376	positive	0.20695818407007158	0.20121374245548052	0.29931650175005325	0.30794245035475776	0.10672870789927724	0.1145998663900899	0.30738584309930383	0.11837373644947147	True
fc03d2eb62833e7be09bfd597d612c6ed7aafa89076c011a941ae2c0c6429fe4	product_exact_summary	product-4x5	0.5278804806272143	positive	0.11158989235178124	0.00650337425391595	0.10983197255451377	0.10793268752021634	0.11334781214904871	0.11443606177413229	0.11042774651794601	0.10180537944217499	True
fc446d7fac6b0a4c40841110b11c96820b5ee24553389ac8497462c685489e50	product_exact_summary	product-4x5	0.40712696551443234	negative	-0.15157315760720308	0.13755472006185632	-0.09168732090646053	-0.09007249368659048	-0.2276272137484468	-0.21145899430794562	-0.08853051370462234	-0.2376482974361716	True
fc94c9e3834c6ce61ad66f1aa806c42bbe7e71facc4cce2d0a5d48103427a3fe	product_exact_summary	product-4x5	0.6678184704563533	positive	0.17409412058362922	0.1553848647219373	0.25391586281739514	0.24604928982980445	0.10213895133745399	0.09853099809545784	0.2570686307703696	0.11411919677904914	True
fca6b83c296cb21ef2f0361166a89bec87b60d03d3d793f09094b77c43c3891c	product_exact_summary	product-4x5	0.17557954165929984	negative	-0.10380027169083744	0.15011123927439135	-0.1741831210515432	-0.18276594707731486	-0.03265470780292351	-0.033417422330131674	-0.1809138054058944	-0.026323535471416054	True
fd75dc1ca61b55df644fcf8df46b89ce332ef8d507bfabe260b2d4dbcb44bec2	product_exact_summary	product-4x5	0.18183068157646856	negative	-0.1209515995882584	0.18763837710006226	-0.2157676171964618	-0.21210250929723076	-0.029800689879286024	-0.028129240096399527	-0.20879837386135733	-0.01746721817517835	True
fe2e4e1fc93e3152a54e0d4a3ec71d56510d345f6f55bbddbe52c751fa5d6b18	product_exact_summary	product-4x5	0.26734076697442377	negative	-0.10728190666976045	0.12538141051621665	-0.1636749586389586	-0.16720191935496292	-0.050888854700562314	-0.04182050883874627	-0.16486011039972825	-0.039098399971736086	True
fed7794b1821fcafbb5db0790fc18b60d72f6cb6ccdff6f8a2948f25c8ef1d83	product_exact_summary	product-4x5	0.7001980517518864	positive	0.13871316191492605	0.14761574679979805	0.20648607914269201	0.20739452474102704	0.07094024468716009	0.05977877794122899	0.21037477489151746	0.10207604472897391	True
ff25ae1c174c1f9567dcff6307fcdfcbf779755fe4752d63d9a1efe771f2b00d	product_exact_summary	product-4x5	0.6845331229674871	positive	0.14231191189709824	0.17360597760970153	0.22247183914380553	0.22536329820047973	0.0517573205907782	0.06215198465039096	0.22634138078177413	0.08292659160563043	True
ffcf048a5fb467fc79738482674c3158f4c78b0aa33d986f2da0831e88b1846f	product_exact_summary	product-4x5	0.06492878464276075	negative	-0.11715012798138741	0.124206833635294	-0.17460751365543178	-0.17968316844183935	-0.05547633480654535	-0.05969274230734303	-0.17702460666483621	-0.059015055802813535	True
0295bfe010e1bc56070dd4540e750d1c9f10e15a09ea3d30e8c70d486e3cb347	product_exact_summary	product-4x6	0.16889794299321906	negative	-0.10246148389825033	0.043882114749586476	-0.11858990182290488	-0.11891402715736918	-0.08633306597359577	-0.0750319124077827	-0.13813080408170716	-0.09409783481480868	True
04c112819ef24f342be79894357f5a45d820a5e6dbc925dae8ea86daa4d7eb21	product_exact_summary	product-4x6	0.11555076019537007	negative	-0.11442086694594453	0.10529695648281269	-0.1611194922607414	-0.16850705200049637	-0.06321009551768368	-0.06772224163114764	-0.17972545352254693	-0.07153989781065288	True
06b8eccc0e693542f779ed2936c8ea03ef2006f51cc235836cb0bd9a7ce832fd	product_exact_summary	product-4x6	0.46956031871130155	negative	-0.1080854300834379	0.09959568573408695	-0.06055193017539362	-0.06220919130631153	-0.15396166886056428	-0.16014761590948057	-0.07871385660894192	-0.18864412082878268	True
072b8b038a24166985af3e8b736ab05b7e9ae487147e6c8fe0e442f8607e8fcd	product_exact_summary	product-4x6	0.08484730682499082	negative	-0.1761709662593187	0.29182909390682643	-0.3218753693463521	-0.31954604448736257	-0.032795888031274825	-0.030046275439525677	-0.33141053272292015	-0.04000715584480438	True
092065c9ec2342e4c75288c113e9fa32aef7fc307996e50835ca719bc0dd3512	product_exact_summary	product-4x6	0.7014557449058153	positive	0.10789233508132151	0.1274428227486052	0.16359443717760558	0.15948319349761475	0.05630147666502827	0.03615161442900039	0.14867215571789416	0.016012487261852892	True
0a7bd930aef280704b315121d1b4354b5f6a52a63aa492d7b26c307b73db7260	product_exact_summary	product-4x6	0.08944470435676649	negative	-0.1114164909045027	0.19682284244577902	-0.2144790334431988	-0.20427740503924668	-0.01765619099741976	-0.018555576769758733	-0.23249018606880506	-0.022948699305442202	True
0ad26b1921aeee7b8c0b3b9fa89d08dc7cebe9f1d9c077657e31ec70cfb19e54	product_exact_summary	product-4x6	0.37283806726309127	negative	-0.12448485259231798	0.1293105720711698	-0.06949324452530314	-0.0659961938102393	-0.17947646065933281	-0.1953067658814091	-0.08166994329565619	-0.20802605112014433	True
0c5d3aedfe984f7e653d990fa0bedb4227e6454f2e9218561c5746aa6564cca4	product_exact_summary	product-4x6	0.31870347346086314	negative	-0.10071916627171826	0.18833271852845967	-0.19600758760778603	-0.19373430197303443	-0.007704030570402087	-0.007674869079326352	-0.21004585638605489	0.0019592551798677804	False
0e369e3b3186a45077bd16e6ca2df2cb52b37d8a921912e148ad063f09e87fe6	product_exact_summary	product-4x6	0.45446696039807033	negative	-0.10248133909401408	0.1162059353997712	-0.055056776626607684	-0.05199624730942187	-0.16820218270919307	-0.14990590156142047	-0.06581511600416245	-0.15976499608540973	True
0ea03fc10ec321ef1db8d1aa698e209c293a5e09b93f61cc8f4f7488b3b0231e	product_exact_summary	product-4x6	0.3321264424245915	negative	-0.21315143826014726	0.06021209755132251	-0.1842579203173646	-0.18359060332403937	-0.24380270087536188	-0.24204495620292993	-0.19981987184489153	-0.27716204186371934	True
0ef0afcaaa7b008f043617ddb774326ddb4abff52866a132647b728193a16983	product_exact_summary	product-4x6	0.012551178719133638	negative	-0.1159793000627724	0.2305695726161151	-0.2299310867843695	-0.23173610641954545	-0.0011665338034303422	-0.002027513341175329	-0.24151488669632765	-0.0025170133347621765	True
0f5819c87affe813b1e1aa18a8eb5047a5595da2a8b76f24ead4808c4aa0bbf1	product_exact_summary	product-4x6	0.6808675393504627	positive	0.10100028838416131	0.11739158254634896	0.1516494703832566	0.15331005182675872	0.03591846928040976	0.05035110638506601	0.13693392238573998	0.024766459181630784	True
0fb2f646cef22732c259ea27ed03792d7d75fc6c6aea68f04fe8a7903f8b615a	product_exact_summary	product-4x6	0.11048716968191433	negative	-0.12781357463161486	0.21572183939039788	-0.23582153292241434	-0.2333563402829271	-0.02009969353201646	-0.022270808980302592	-0.2510240954062326	-0.02749208864332603	True
0fe29b9dd10a61549695d4f89122100da88f891263577dfe08f72f36c90c1801	product_exact_summary	product-4x6	0.3804347634410605	negative	-0.13480596844740209	0.09231984800620452	-0.18080817307135427	-0.18037623969490352	-0.08923569719990065	-0.08848832506514975	-0.1988081031675089	-0.14631335839247822	True
101468af6c65350877f06c0383e64143a3e1242956f09d71ca903b1c0ecf637c	product_exact_summary	product-4x6	0.16415115639900707	negative	-0.10526893877771165	0.12372675328763866	-0.16793970368736577	-0.16387833081205483	-0.04421295039972711	-0.046659546743368474	-0.1841926677712587	-0.06223182415243686	True
1078d011e49b5dd39b654bbd18b90c940bbde9d11d8025668cfc800f0c28d84e	product_exact_summary	product-4x6	0.7358909550567123	positive	0.15887435262651484	0.14711967816434623	0.23002418203006414	0.23096379420010105	0.08772452322296553	0.08384411603575481	0.21181464885645296	0.06575859598129241	True
109c590ed900bb5315d9d482112a8239024ac71966e15b1dad987af89b5ba616	product_exact_summary	product-4x6	0.03490191674609973	negative	-0.13414524929626656	0.26550066467386046	-0.26547351429797134	-0.26724620172212143	-0.0017455370482609839	-0.002816984294561807	-0.31012882645935785	-0.0012811167953424019	True
112b2086bce0d3e3d670f9bc4b70e4b93ad8a4eef4a1858ae96058aa2d15a682	product_exact_summary	product-4x6	0.6311935883994968	positive	0.13370476706900977	0.08980159098676882	0.10755148255791647	0.1053131191968174	0.19511471018358623	0.15985805158010308	0.09098208389035412	0.11678167587834776	True
1215658701db53053e97fe70f23ea740eca464bfb1449add7067d54f372f7cdb	product_exact_summary	product-4x6	0.7214975695058212	positive	0.11906392478456562	0.09142602828984203	0.14577919723330102	0.14065828797254998	0.09746956159658127	0.054353168943458985	0.1281995400295357	0.0496206538441758	True
12347c73d45b06a6fdd017035a4d0a49cabc8e79a52d91849d8ce61ea3c188c4	product_exact_summary	product-4x6	0.6749741678018382	positive	0.1277450472994079	0.14507847408032193	0.19642839817350077	0.198479055220248	0.05340058113992607	0.059061696425315	0.17939648046950968	0.0611216750135527	True
12977510882b73693f0a5b4e7d9b187fb24e2187701578b3495a5eb7677f3c80	product_exact_summary	product-4x6	0.3104611255561451	negative	-0.149997401470462	0.1339548794214357	-0.21425107895255896	-0.21236321938551855	-0.08029619953112327	-0.08763158355540546	-0.2272810770290677	-0.09768763175764211	True
12ef25f52e9b88fbe0eff0f13fbeb15adc45f404e27d38c57610cab98768f1b5	product_exact_summary	product-4x6	0.16873332771012375	negative	-0.15466724396675485	0.28455270592355053	-0.29527820109507885	-0.28844365575526676	-0.020890832178242946	-0.010725495171528321	-0.30785209836440053	-0.038995807577690056	True
1332bac00622783fa727d85df5ae7502c459db3d0ff6ba6ffff5ed9e5f6b1810	product_exact_summary	product-4x6	0.1928316377789831	negative	-0.14039243985012642	0.13051959790371553	-0.2074708191956542	-0.19917857569804776	-0.07695122129193865	-0.08160630400220509	-0.2213645831118013	-0.08828527218055748	True
13cabea9f6b69fca05e499fcc373fedbb194fc479e9f24d3c981c9df43232cb6	product_exact_summary	product-4x6	0.3469549813439313	negative	-0.1397094843031114	0.13899205174883777	-0.196581701817085	-0.19873528212161373	-0.08283726678913778	-0.05974323037277596	-0.21330593816427645	-0.0815093087826777	True
1561520f1c8e925796e69dadde907a6585af6caf86e1aaacf3dc014bb4192a06	product_exact_summary	product-4x6	0.5436866032061652	positive	0.14913030295002078	0.1306616927753826	0.21354183017856881	0.21520986914064505	0.08471877572147274	0.08454817636526246	0.19602613368124366	0.03816044825788778	True
1568850db8b4d29329b96e21f3f7e97bf67e51c6028f88da990cbe73f265814b	product_exact_summary	product-4x6	0.013526637184698731	negative	-0.127803553960741	0.2540123994908402	-0.25820112968583514	-0.2501879926545435	-0.0041887301949949645	-0.005419115266938475	-0.2702718131290424	-0.002960530707652292	True
15cd4d1d4c189ffd6c6914d8f279da7db02e37a46b06b206d0f3b0f40353cfdb	product_exact_summary	product-4x6	0.6520755666263172	positive	0.10461901149577724	0.12484865251716226	0.16295878700609656	0.16540582420392125	0.040557171686758986	0.04627923598545791	0.14857482579248837	0.022951385291012705	True
178339cbe5105a9122df9e77f249d6778716f308481a73d98df6e29c8f453542	product_exact_summary	product-4x6	0.7287582023094826	positive	0.14890597370085196	0.1091962112860394	0.20317735331906484	0.2037913352972559	0.0945951240112165	0.09463459408263908	0.18773867498886943	0.09507152097011462	True
1850476ccd14a0a353caf7fe1110db961e86175eb2a1e74f4c15af446358fb9c	product_exact_summary	product-4x6	0.1340644594367906	negative	-0.1329041911077592	0.259193997185787	-0.26238392695964496	-0.2548681890331922	-0.003189929773857958	-0.010940193182326224	-0.2737788678426255	-0.007387040388421223	True
18d62dbea480634f75558d9d6fa1bbef04c09ec6006a358fd2a02702d535619a	product_exact_summary	product-4x6	0.2641512107268322	negative	-0.1645236905775689	0.2540782026156883	-0.29450744639655707	-0.2885563078635707	-0.04049107329156709	-0.04042924378086876	-0.3108366850814312	-0.050611576565952276	True
19e3e0ccbdf69400463e7ea52250225afb29aabddbbd9727916e3d7f2e83a70d	product_exact_summary	product-4x6	0.7158707946021106	positive	0.15059623635408448	0.09742529651887066	0.19842099959122272	0.20015135198523792	0.10272605546636726	0.10277147311694623	0.18240521878288007	0.09775207638847516	True
1c09858c0e3de3647e36b7f4ff9c49746a3b2fd2aca22f159ea905ae40d8b5d7	product_exact_summary	product-4x6	0.6126327071188423	positive	0.1211494596717427	0.067621459988978	0.15256852992333186	0.15440329374438572	0.08973038942015354	0.08678183375540771	0.13349469368639222	0.06337808373598608	True
1d3aae389deb72a6f5d31616918acf24e17c7692e566a23cf36b59330bed30a6	product_exact_summary	product-4x6	0.025647813083359658	negative	-0.12466175073428705	0.2386427019361551	-0.24147766426722145	-0.24620855359092664	-0.007845837201352658	-0.007565851654771527	-0.2523556214665107	-0.006773020560507367	True
1e69c8e1f8f8b790c98c39c62bfae2b69545f9ac33f059d139e80b56b160ebf7	product_exact_summary	product-4x6	0.7539829879543716	positive	0.15160018058991598	0.13393253265138727	0.20638642454980882	0.20709974308180612	0.09681393663002313	0.07316721043041885	0.18943465757586153	0.05998587797248511	True
1eb9422f6b129ddb20311de8699aff56c6d7479ce29a27200e144891f187c8a3	product_exact_summary	product-4x6	0.583769497770312	positive	0.11765822884342575	0.1005618460055282	0.16852255392726223	0.16022904221468226	0.06796070792173403	0.07508741547216924	0.14334268602774608	0.02766887471632451	True
1f6ac8d08f43b229d1cccd5ccce308ea1a639a4dd09b81cbed678a0001252334	product_exact_summary	product-4x6	0.18750112934702726	negative	-0.141237963090285	0.0942920714680891	-0.18386811255583027	-0.18705284818942322	-0.09276077672133412	-0.09860781362473972	-0.20804713837141006	-0.12258775789775697	True
1fc2d9330775688f8f98a6259ec3d04e2025df1fac5ef577c63366ab76d155e0	product_exact_summary	product-4x6	0.5363504636500318	positive	0.10934091442272353	0.007989002834002445	0.10876509988600308	0.10991672895944399	0.10662643063333388	0.11461543346733633	0.09126595316641872	0.1101682296312469	True
2072eeb7467d2be01f2d42432c870e48fec34eb74610778e09e963bbeb0a4276	product_exact_summary	product-4x6	0.616625912424326	positive	0.1672522850096506	0.039841941854732055	0.18707411579530592	0.18340725657327406	0.15109731344602712	0.14723217394057386	0.16999439607880173	0.1334826661733597	True
22ad1237a62000a3fc9a4a07b7b8b206584e1e68b8731de23440eeb2cec15fba	product_exact_summary	product-4x6	0.20712784774839785	negative	-0.11981798630609719	0.06893123978180993	-0.15362005818862814	-0.15342973342328178	-0.08468881840681822	-0.0862062391889126	-0.16776267209545417	-0.0870258952491256	True
26f136890d9f70a86eb14f112ab0ac5619b5a3c59d975c6412f2d566f820629b	product_exact_summary	product-4x6	0.26506490550174927	negative	-0.16394506930036165	0.1797529414925097	-0.2554003620091743	-0.2460172952708582	-0.08187284332986511	-0.07564742051666462	-0.26702724006236883	-0.09232178946366687	True
286fd8aafd73a5e1f75f4d28069ee9971fe30b3a2f22feb32f5b7caab5c02b0d	product_exact_summary	product-4x6	0.39620613497016516	negative	-0.15802405408568265	0.07196797084734008	-0.1859409860413201	-0.18426028730559058	-0.13178782086577473	-0.11397301519398001	-0.19950005824256128	-0.17933172243487655	True
28f7ad748b61571188e0848a48f3aa2947b91839bc33aa781944633e3e6572c6	product_exact_summary	product-4x6	0.6636297417113313	positive	0.11766085653406055	0.10404140481108032	0.16396290650303524	0.16898466662863215	0.06494326181755183	0.07135880656508586	0.1497023986134034	0.05824311875465504	True
290d3b5c77a40fe419d75bf0b9b01778183d749791e9fe236854e2eafb29b1f4	product_exact_summary	product-4x6	0.3977807321580872	negative	-0.11620952344792146	0.015608030026934228	-0.12092115783123747	-0.1158886363265359	-0.10531312780430324	-0.11653041056930702	-0.1345497751543564	-0.14563547482083794	True
2b0758759986a5c3f7291631b494f0813951f428f8c92e2d16968ac6682ad3aa	product_exact_summary	product-4x6	0.7846907266266584	positive	0.18632702457539074	0.10185859018615384	0.23052224144554134	0.2309563149380066	0.12909772475185277	0.14213180770524014	0.215707197641006	0.11645364242087264	True
2b305b415b16b80db207ab962d6825e46a6206a6c3362bc1c132b96416a1024c	product_exact_summary	product-4x6	0.7880035845328316	positive	0.22276513089478886	0.1589589850662116	0.2908174771645991	0.29134228285826586	0.13238329779205427	0.15471278462497862	0.2713008375975562	0.1124958464782626	True
2e8c7487c3c91cc0083f7e0efa5117af566ec1d0b03f06edf4422d522def393d	product_exact_summary	product-4x6	0.6498810672514651	positive	0.11646925513647058	0.1265037714260575	0.17522003393138208	0.16784340807528114	0.04871626250532457	0.06509510219766002	0.15677002710754634	0.031753698549137566	True
310599950ee6aaaa08ce356512e84d48b780fd1227da3c2a2142e36a8f155b51	product_exact_summary	product-4x6	0.6061032511048478	positive	0.10946497360243851	0.04117299621464915	0.09714505523827299	0.09093871892779881	0.13211171514244796	0.12178489196660403	0.0784296988753942	0.06612261219410132	True
31d8b606680b5cc4f5dbdb88beeace7c64da5b50198777a7324aa475695c8a70	product_exact_summary	product-4x6	0.6562640069120462	positive	0.11937956511697945	0.040272849162886426	0.13420211329287224	0.1343077920441994	0.10455701694108666	0.09403494288131298	0.12157464653866912	0.06701266639063386	True
3244d0eae39bcac692e0f6155b234928f63dc5a8133d5aafb024204a8d9eee15	product_exact_summary	product-4x6	0.734073532180678	positive	0.18165897027973515	0.03826482917076712	0.19217823468281992	0.19192150862901158	0.1539134055120528	0.17139643193045873	0.17384655507898805	0.1046485018396528	True
34c83e853c70640b7079271e9b91739358df2455b61e6395ec1dd1092a65f1b8	product_exact_summary	product-4x6	0.7727119551505067	positive	0.16484319915012424	0.11545234918478842	0.21677780267369262	0.2131989526436462	0.1164874456566023	0.1013254534889042	0.1969029018638474	0.0804719698066958	True
34ca73fc4eaaaeef6c24b01bc1a2a5b2358c5f696913b98b57f27fe7e36bf1e7	product_exact_summary	product-4x6	0.13462517000660332	negative	-0.12686587795157944	0.10732117139031541	-0.17638310108611124	-0.17969973090186206	-0.07734865481704761	-0.07237855951154665	-0.1956926022824584	-0.07737026809272196	True
36f055db7d691c5bed733edd0fea77f27490f491645d416e6a5de853fc169fe9	product_exact_summary	product-4x6	0.23861443690720288	negative	-0.10795072329692765	0.1110537595391552	-0.16143139119113412	-0.16400852975588634	-0.052954770216731145	-0.05447005540272118	-0.18277367388626628	-0.06719021538051931	True
3ac55a3c32050d6be28974d0992169383ba57bfad277e99ab37adb95687680cc	product_exact_summary	product-4x6	0.16823508819249455	negative	-0.14771721732517246	0.13445106379107552	-0.21298040144912356	-0.2145203827052098	-0.08006931891413427	-0.08245403320122136	-0.23780848742839383	-0.096231195241886	True
3af7046d82506eb26d8f50df8ae1efdbb1662781ba130624409afca06957edd1	product_exact_summary	product-4x6	0.1755365492286976	negative	-0.11025287774291277	0.1724174825496373	-0.19680798531575394	-0.19560719498344736	-0.02439050276611665	-0.02489856050237818	-0.21297873992195954	-0.03513682432393159	True
3c360ebb91882c20fed49333960e5b0e774408dff742ef797dba138ef9c79145	product_exact_summary	product-4x6	0.7451696628231387	positive	0.1604619967794872	0.1049478740646913	0.19155699598038445	0.1878310734207319	0.08660912191569314	0.13309292013824248	0.17192420391216245	0.0479871019073812	True
3d276772d0c0131e3bd30ea0373c1784123ae3993f79aa85b30c65e536d46741	product_exact_summary	product-4x6	0.2637395716779382	negative	-0.15564090662688754	0.009369346190266858	-0.15318748637939505	-0.15213608510720883	-0.1615054312974757	-0.15809432687438002	-0.1733560898492243	-0.20697600714989933	True
3dc89563676b4b07f7cc3d6bfe8b1ffb8ebd90f36664cafcdbe8454741057a6b	product_exact_summary	product-4x6	0.7093784280748334	positive	0.1466805658630329	0.11661461153726893	0.19736749901117612	0.19948712715641237	0.08287251561914344	0.0959936327148897	0.18160295472273247	0.0628905558354188	True
3ef51599641fecd7f18edef42607af53214cff9c20abc1e2a579e78815d66aed	product_exact_summary	product-4x6	0.6982222288562312	positive	0.1071684725447472	0.07181685594309739	0.13199582911140695	0.1371651520086875	0.06534829606559012	0.08234111597808746	0.11977634381953939	0.06373633695771475	True
3f4ceb758bee2ed35f4a7d90b4286a233efd4362deeeb74caac0e41a41f941f0	product_exact_summary	product-4x6	0.7364584393509138	positive	0.16244854657997065	0.14705757807650344	0.22938683519092373	0.22858673896698345	0.09631035419295786	0.0823292571144203	0.21288216081645117	0.06637272015001561	True
3fca72e9632043c6766409c7a1af6295278d3235df853be0c72b98925de07aff	product_exact_summary	product-4x6	0.5837689141495772	positive	0.10520518589100494	0.1438306699671998	0.15730930431050943	0.16400173728232809	0.05310106747150045	0.0201710673151283	0.14226744043111306	0.004911094314402842	True
40b5688c4d6efc805dba5c6e88507a7f59fc3e435e11f05be07a9c75d73d3a29	product_exact_summary	product-4x6	0.3693064916632299	negative	-0.1548765833626672	0.06275211344685383	-0.1730029859809175	-0.17395603785058272	-0.13675018074441686	-0.1112039244037289	-0.18711297873132487	-0.16369178535701573	True
41d2c09378f9260b64924560fc386d97710604133abfc9cfb0a15a8aedbabfdf	product_exact_summary	product-4x6	0.24472613170729485	negative	-0.12409663878560462	0.0791700709534588	-0.16335145470539103	-0.15831467879480576	-0.08987859877640347	-0.08418138375193224	-0.1763504875846622	-0.10430359108122617	True
42908ef5253944bd52986067e5e4e69bc9971132aa61ad51544feb8acf29a349	product_exact_summary	product-4x6	0.2944321451088512	positive	0.11104125127363208	0.13875330936110625	0.17638892511713727	0.17189031696686088	0.03763561575603103	0.05019218558040328	0.15533160270773	0.05054654993534152	True
44b1733b57311fc1fe7a31296437170d1d0d98e10ee28c359404dd4ae3e5f525	product_exact_summary	product-4x6	0.2756607845955272	negative	-0.11304482593440832	0.02806334367554053	-0.12173999465247104	-0.12048303458343118	-0.09367665097693051	-0.10560661728538545	-0.13663245627295362	-0.11029284822085722	True
473648cfba26004b5d3c60c175f023ce4083bea806f12ca11876b32bab58a45a	product_exact_summary	product-4x6	0.7460943198203926	positive	0.211490064047463	0.14661614185128957	0.27463360427160544	0.27328083041199636	0.12801746242031586	0.14969929768292967	0.2563705262206739	0.12077839514768851	True
47b2220c2314614c7e817a3836c2280fa189f4accee002f9d025cf740fd93f36	product_exact_summary	product-4x6	0.1068295719167125	negative	-0.10191222332589463	0.18093640341938394	-0.1851046026188749	-0.19701757315108365	-0.01871984403291435	-0.016081169731699707	-0.21331847729081255	-0.025163655789592537	True
47e8267b1730a6c252c44d395173e84d5522e5dee60b82cb95d1064f4d168254	product_exact_summary	product-4x6	0.03673615053325906	negative	-0.10570298127821497	0.1773202864381397	-0.1925799733108225	-0.19395895072845076	-0.018825989245607445	-0.016638664290311043	-0.21132483916736106	-0.01766445214782747	True
49909e5e65118dba10b41c4473c48c474befd812304fbad97108c149977b9765	product_exact_summary	product-4x6	0.6782063740130625	positive	0.10333512628974229	0.14925036182766682	0.17526323395254761	0.17783922935740626	0.028588867529739437	0.031407018626936956	0.1624283409432571	0.02609436601549875	True
4aaa3d84f96945a631ed1ff086a10076c31249d2a4852d099b2771f1b88421e7	product_exact_summary	product-4x6	0.1267406448275439	negative	-0.1186695387146406	0.20782663003141702	-0.22451809822006705	-0.21560526596254118	-0.021733811466740027	-0.016691468188650027	-0.24079889178299	-0.027339975822495227	True
4b28791c02d761015cb19395d833ca1664fc0d79dd7bfd42ed533c8861d3f395	product_exact_summary	product-4x6	0.1467357125250144	negative	-0.12609794751674436	0.19760618476939887	-0.22501175962403272	-0.22352305350770627	-0.028672841525782422	-0.027405574854633852	-0.24136384188589152	-0.044752484681013976	True
4c73feb748ca6968bad4c026ffb73f156267af0f68b5e3940f7857bec6d57a65	product_exact_summary	product-4x6	0.6731393233362463	positive	0.15787981001148696	0.16158967857707995	0.2223499095952648	0.22066351258084832	0.0950961074421256	0.06076023101818484	0.20818362264488333	0.05296177020856996	True
4ea8b9fdfbd9a78cbbc0863acf28bd4ce283faedac6ff75b8bca3626dbc36e3b	product_exact_summary	product-4x6	0.4859628533975977	positive	0.10635864239271062	0.01921350042648906	0.10457727669536665	0.10814000809005458	0.09946780239989611	0.11868130282638517	0.09718811467478211	0.10586035521064019	True
501f2dfbfcf4280059a40fdb783c019874a4e58bb7d94da0c2d9a2d8af2e6c77	product_exact_summary	product-4x6	0.1263303141871125	negative	-0.11430860968673445	0.21375393919697172	-0.21853000461735356	-0.22356669003498475	-0.010087214756115348	-0.009812750838013029	-0.23647706457758555	-0.014311150438636094	True
505653c83c8645c403fe95e5869eb490e5d556e0e1d2fe086c2f16d843f5a188	product_exact_summary	product-4x6	0.11397637700801272	negative	-0.14584572937935403	0.15162064952183504	-0.22113528568195312	-0.21810330199237582	-0.07358815676633224	-0.06951463616011808	-0.23720933547183876	-0.07973879040637297	True
507e29a3fd80cd828892c93d1d6a935590c3bf7d10ff4378dfabab759f52d401	product_exact_summary	product-4x6	0.0694450816682194	negative	-0.16954852173834994	0.1894276054785951	-0.26585436579918864	-0.25961753602861526	-0.07642676032059352	-0.07947950744808464	-0.2803967618462318	-0.08579512232831159	True
5201dd7008124e806edf0bc597062d8ab5562145fcdb96b7034b7b5685f6a8b3	product_exact_summary	product-4x6	0.6986652885383139	positive	0.1729583053134673	0.07081176110814513	0.18781146564269868	0.18601242302843113	0.11699970453455355	0.15990418759850344	0.16965864953683385	0.09284081284227552	True
52aa91653fc1c23cffd06cf40434ab9cf1f1ab4c9783b88bad54952e659e5ecd	product_exact_summary	product-4x6	0.5643546628106539	positive	0.13636593017915272	0.053852429398040635	0.1584958010161922	0.16147521283599547	0.11423605934211323	0.10762278343795484	0.14844047590317533	0.09896416847081158	True
545f9aa55cf524ca4b8654500f89c9fed3f5b92da0c011595f5bb74eaa7ad801	product_exact_summary	product-4x6	0.7221616668475639	positive	0.11238342051011996	0.14291185113014737	0.1802839895020567	0.1782911212005961	0.046475719819643824	0.037372138371909336	0.16411347251133934	0.016458035520051206	True
5499a40e8b62c957716c5dd0132ae051ae18fc1473186050cd5b52c4ca70b68b	product_exact_summary	product-4x6	0.052634619520918344	negative	-0.10476468428014624	0.1952809779215263	-0.20719652619557077	-0.19663285275043868	-0.01191554827404448	-0.012896515809853806	-0.2233199234447119	-0.01136798102902506	True
549b4b0aa65e949a137198c6116ef91de591a9c6aa8a66db3f7c3063ba443817	product_exact_summary	product-4x6	0.6593396465416467	positive	0.1587271074008727	0.04634178053370441	0.17953745912361452	0.18048540928857837	0.1379167556781309	0.13414362875487396	0.1621663276701435	0.10329355744968682	True
552483654d29fe38c674a7cb4e541b7ad545cac30e6aa30e896c95a7c94d948c	product_exact_summary	product-4x6	0.2627145546198576	negative	-0.14482724570225616	0.08341615620308296	-0.18327609224219754	-0.18389811226963693	-0.10637839916231479	-0.10048195606655397	-0.2021412407787468	-0.11990955541225012	True
558edd2d98b7afc83a1e060aa64618de6f6ce1a23991ca9b8115485110b8bce6	product_exact_summary	product-4x6	0.11308507462818775	negative	-0.14336633060250634	0.17681646720288424	-0.23418374852606638	-0.22929294768213349	-0.057367281323182154	-0.0574397135228792	-0.2483452396398652	-0.0668375880372722	True
572fc35f3a0d5003ea8550fee51485e3f02a32af97f0101ee3b05a8f101bbc04	product_exact_summary	product-4x6	0.7214702666489027	positive	0.1411983623975384	0.16455435514231065	0.21533734334558075	0.2147340856590384	0.06766263913603843	0.050782988203270096	0.19894562177615438	0.06454890991269058	True
5736c3d8cbb5ec891de40612fdbea96615f7ecce0741adec60892ac085fa9326	product_exact_summary	product-4x6	0.31824932352271823	negative	-0.14415512130512523	0.006018497445958004	-0.13937296221130258	-0.14293751674896293	-0.14537272586128752	-0.14539145965726058	-0.15842455312586662	-0.18810332742096664	True
59fd57bb351644e78ea89ec9972c560a10018042063d635e214f3febeb1ff70d	product_exact_summary	product-4x6	0.6357096596028772	positive	0.1024395518060991	0.16702018019239784	0.1707383092149919	0.1642181849820611	0.003718129022594052	0.0406609186301371	0.1545454876830531	-0.0003882960272408864	False
5abfc62613fb27656dfca638282962ac41961b772bff34337e30c4f7c717392e	product_exact_summary	product-4x6	0.6707391463614637	positive	0.12898884017766182	0.1620332179221503	0.19884748117613005	0.19588920312690206	0.03681426325397974	0.06208847722842159	0.18038464897678763	0.03267646652726386	True
5be63779349381a1c78a35d68a4890d8905c2432de394723c5e0412f5b135fd9	product_exact_summary	product-4x6	0.1775515257583446	negative	-0.10264425357738324	0.11341679445732017	-0.15338758145924647	-0.15639730351090186	-0.05190092569552002	-0.042980509053581695	-0.16762988947950364	-0.05970794362939855	True
5d2a70a5c8689a7514c3b93793edf0fefa1f4f15bd8139acbd6b641e3c40391f	product_exact_summary	product-4x6	0.17532688425665813	negative	-0.17842098317283478	0.21723642546839844	-0.2787422909408698	-0.2826939365846908	-0.07809967540479976	-0.06545751111629233	-0.2982419400191304	-0.07718113517935934	True
5f6cb37af8ca45796453f61735071c9f2b18a93c6f135eabaf445ee5d2274ad6	product_exact_summary	product-4x6	0.29993050169556185	negative	-0.1980642731801432	0.052267242137320036	-0.17141780968684633	-0.17984892343113318	-0.22368505182416637	-0.2162796229291532	-0.1887505321466058	-0.2604947409596428	True
608ea5df2876c6cefddfedd540c90a96ad9c4ccc57b0654f2e0a6226e071f3b2	product_exact_summary	product-4x6	0.6321479658830463	positive	0.11109493461799347	0.11565561283858777	0.1714097595222958	0.16487644646327282	0.05575414668370804	0.05731342277271412	0.15531799603476715	0.009098428614270349	True
614dbe4bd0fcbf43ff44612ba59bc60170f834d81df739cebcb729e036f4f4ce	product_exact_summary	product-4x6	0.24047575687530673	negative	-0.15575694066127996	0.11109928685456893	-0.2111990225627344	-0.21008153191408782	-0.1014323494084721	-0.10009973570816547	-0.2273296268454336	-0.11303588148811847	True
6151fd0cc7e001e10fccd2f03257fb5bc90d4374d11733169623d9762be51528	product_exact_summary	product-4x6	0.15402358163911542	negative	-0.10847827045642969	0.030168351815744343	-0.09828226117595254	-0.10016889249704622	-0.12845061299169688	-0.11678764841581316	-0.11254471736959207	-0.1337271329266184	True
6309c0deb3b2516ed415f71b5dce6b5537ab03e76e329fc8e9c295a569ea4938	product_exact_summary	product-4x6	0.30535797018249194	negative	-0.1033258733270275	0.012919378172689788	-0.10120684860041029	-0.10284014719238238	-0.10381159946167262	-0.11412622677310008	-0.11711742146178422	-0.12043747925991971	True
6378328888a750751d15fc53168afa3f21bb8f0e46986a9c0deb681736be2f02	product_exact_summary	product-4x6	0.6336603901214394	positive	0.1020571852238139	0.038183981140803014	0.11874983502330838	0.12300140599124176	0.08536453542431943	0.08481742485043875	0.10871365187499993	0.04906922611321174	True
63ecf80ec28da802d7beef82b67c03a3f1a03a85e3c4897523d51cd102d8ef8f	product_exact_summary	product-4x6	0.6658004247229438	positive	0.171650272783822	0.11776592629653315	0.22891123727847296	0.2313267107818603	0.11438930828917104	0.11356078448532714	0.21706748037290524	0.08479674407983973	True
64c938a10a288bae087e4c0ee178c57925b0fcfe55fe993c265966b21d34b149	product_exact_summary	product-4x6	0.16895421672873606	negative	-0.16765068288436955	0.269073860300051	-0.3003322238919405	-0.2965534304731045	-0.038747935295634583	-0.03125836359188949	-0.3126900942773494	-0.04650393450763718	True
658cf5467820081844d037171e77d34c40cbf74761e3d983dcd3ab10a8b26907	product_exact_summary	product-4x6	0.7527460732840425	positive	0.2530389818293352	0.10681564197539195	0.3061168879061158	0.30446950053551924	0.20160846312315117	0.19930124593072385	0.2901246621048572	0.19537692656641759	True
666e8bede3088218cde59871870848f681dd68c6935a76596420c3b6a108fb65	product_exact_summary	product-4x6	0.6179907098443389	positive	0.10380975670245612	0.19230860059227628	0.19517001319284477	0.1966086860627887	0.012449500212067477	0.004300085470512416	0.17799526757775125	0.006852925874171301	True
67cbaf996a17fcbdb52729b1dc7168f2c3928758f4d6d45fcb361d6d58e2310b	product_exact_summary	product-4x6	0.7689916378543902	positive	0.2295973659325814	0.10972885299642704	0.2777694081973465	0.2820678617030124	0.17233900870658536	0.18142532366781627	0.25992296171316087	0.1362078023937826	True
699dec0ec32eff9d44cd015fa666c0dd47088c0934f8c4f5e290642f5f680d11	product_exact_summary	product-4x6	0.042944441096273	negative	-0.14155686399303413	0.2812263846834797	-0.2800702993601989	-0.283057827576258	-0.003043428625869385	-0.0018314428927783052	-0.29313025842948887	-0.0021673132490805797	True
6c6efb9a48a80fff6d349f9ea149ebdc73efed3e28f7d6f1f27ec6416bf677ea	product_exact_summary	product-4x6	0.670343026625451	positive	0.14242606219640536	0.1263921547110114	0.18937454764503459	0.1908374675521527	0.09547757674777613	0.0644453128411413	0.17380279308010355	0.06406177233600463	True
6ebfc5fbfeee42808fa8630be6f807dbf58f8c8518bfad1ca1aac804d878c3e5	product_exact_summary	product-4x6	0.5434364548051871	positive	0.10087581010620159	0.0797179689024739	0.13019218051658044	0.13195955581225804	0.07155943969582274	0.05224158690978414	0.11596881877901843	0.019987384981418166	True
6efe61a6f467ff06dd376c8d1e085efcb2c076e045c18838c6077f29a4726d1f	product_exact_summary	product-4x6	0.1363718632324683	negative	-0.10831020628397282	0.15334961600197577	-0.1844467158593493	-0.1822425277692883	-0.03437788479865736	-0.031097099857373522	-0.20121567517060723	-0.04397169747264226	True
7070fb5439406927aa30ba98bddd2a8424feb2bb24022b85ecdf2e1340d48a0f	product_exact_summary	product-4x6	0.6428990813160848	positive	0.1016963238202972	0.10172273130903942	0.14252089640708132	0.1438383884642127	0.04211565715517329	0.06087175123351307	0.12548764913364518	0.02133312736494497	True
71116b25c10a6a7ca32046c57686f0bfec8fa0e6d31dc3d9e78d3e93779771ff	product_exact_summary	product-4x6	0.630381249107125	positive	0.16114454474055367	0.04091832579663224	0.18134008243740884	0.178881063940179	0.14340802554092835	0.1404217566407766	0.163330381120542	0.13368998591673686	True
719432de1673d5d630be9514ab89fdcf7d23267298f1180f5cd236e86778bdc8	product_exact_summary	product-4x6	0.0841934486047571	negative	-0.10559218216078721	0.2075646209006317	-0.21000470767500612	-0.20750561988467386	-0.002440086774374392	-0.003678744436900555	-0.2277269833135676	-0.0037803902882951462	True
7314ca091a104e082a3e1bd819682bb2a6eb2bd7f2b814c7965071415c54fbd7	product_exact_summary	product-4x6	0.400964360884188	negative	-0.10508931447348724	0.0981310114514845	-0.14659577476056768	-0.1446950687309207	-0.06548356021605378	-0.04846476330908317	-0.16239341781249855	-0.10574091430631344	True
7494cca3b3f4a308cd89c75a7a9c5d678018ee934658498aff31023bb69a4f0f	product_exact_summary	product-4x6	0.7744626849308398	positive	0.23295116614602882	0.13385566088431028	0.29692537940927705	0.29458805795323456	0.17131427433882307	0.16306971852496677	0.2791675817779859	0.16404455809033724	True
74c094de30d144ad3ba795c974a5cafc69f2e5b95399606d300e5c9673ef69b9	product_exact_summary	product-4x6	0.04127926660421586	negative	-0.11824438044009955	0.21506569118440466	-0.22145302057723495	-0.2293485643590553	-0.014282873174650643	-0.01503574030296416	-0.2434834488569216	-0.013121336076870667	True
754021682f5ad123e1824a2a3f3e24d7ba8d34c5b3e6dd537bae0443c5667504	product_exact_summary	product-4x6	0.6922934443950074	positive	0.15358882088127784	0.1132740772635279	0.20190847605063345	0.20219956607426326	0.08892548881073536	0.10526916571192224	0.18497778542717613	0.06640621369269406	True
757482a8bab1aa503029037104615f01ee22df0d0e3214d6cfcf75e8ce84e291	product_exact_summary	product-4x6	0.29726345343874433	negative	-0.20571705892740919	0.027963167097048824	-0.21863238674237578	-0.21867650293301805	-0.1928017311124426	-0.19071333583596922	-0.23290312021474974	-0.22565488403790163	True
77652bf1bbae38d8974c19e27bc2bab481da6f4eee8e5cc988eb741119a58322	product_exact_summary	product-4x6	0.4033375769072054	negative	-0.15339440877691835	0.10624344191177726	-0.11133507032978462	-0.1156967590861584	-0.1910920584676783	-0.21757851224156188	-0.130164503557056	-0.2284231137387207	True
7832f76a3516048651ca370e8bdd324949c996b1de6c158f0254b7f630f9698d	product_exact_summary	product-4x6	0.7219030933964141	positive	0.15175609282832442	0.1472440641671503	0.2242603223457047	0.22233911291361175	0.0770162581785544	0.08117307274303709	0.2063366288199261	0.06371229981038107	True
78b1ae4ee45394b71a9f33d1c90a15aac393088e7a76ced98338fcc82ddbdff7	product_exact_summary	product-4x6	0.6279981759511151	positive	0.10943551260137444	0.10402379556906566	0.1548662968188878	0.15493851838055234	0.05091472281148668	0.06400472838386106	0.14041792591620128	0.03347806141090437	True
7949a136dc123fd9f1fead1ffe158186ecfa07e97c7d98e193c091fef705145b	product_exact_summary	product-4x6	0.36119961083317537	negative	-0.10153224800245736	0.016652233078606193	-0.10381040667096081	-0.09925408933395391	-0.0880435566961133	-0.1046957897747195	-0.11174407861345259	-0.12078858044599616	True
7a7e2f53e1f35babff6e25a45f4ca924a819b4f7a64d81463e651d8a31e75137	product_exact_summary	product-4x6	0.4187889676445683	positive	0.16144356253204029	0.15131684615882188	0.23251745912258	0.22297499301026802	0.08120061296375813	0.09991213205381255	0.2184758366651495	0.08740665203503556	True
7bdaae97b52e6004d3f1c001e6f8aeef68bac200fd680baf37d38d16281969db	product_exact_summary	product-4x6	0.27239266185046096	negative	-0.14548175927435755	0.14270675831160518	-0.22202775595704538	-0.20895115378697166	-0.0793209976454402	-0.08201236476174345	-0.23072373931521506	-0.08391880836777921	True
7c4acf0e49f7a205325414f7fbdfebae9e29f0907dc4f3dde89c67092f6a1622	product_exact_summary	product-4x6	0.676752777574263	positive	0.17123002974866114	0.063702620240154	0.19920632992623433	0.20098077214989823	0.14325372957108795	0.13727815190974424	0.18617983302415575	0.12555327558095397	True
7d6adf712cb19e59f14ba7d11d738dc39870a2e089ea1f39bbb0ebe65fd455ca	product_exact_summary	product-4x6	0.7130657930847912	positive	0.14087331043304657	0.09273027363433717	0.18077690054623474	0.18497289813004048	0.09224262449570331	0.1009697203198584	0.16921782190556411	0.08721537654550782	True
7e41a8c5be1529ab00990c4eb0fab2c63a0b13917670385f7d7ec65d757402d6	product_exact_summary	product-4x6	0.26746214693321235	negative	-0.12770672389335794	0.08202952639243066	-0.16565869333662336	-0.1652249438665767	-0.0836291669441927	-0.09018850392013916	-0.18131426731708256	-0.08906288757989755	True
7eec662bf126e2535d45473efbc0225cdaf7fbde01f6d5a2faad7062a4efa4a1	product_exact_summary	product-4x6	0.25203887145710513	negative	-0.10928029667348102	0.0503827647546658	-0.13108072931043868	-0.1316886888546141	-0.08747986403652336	-0.0813059240999483	-0.14670660650497752	-0.08661266095406667	True
7f06a16f7789d330eb3618366606faf15959341bad33592193e42a293ad87120	product_exact_summary	product-4x6	0.14403075292823	negative	-0.1506042128892074	0.2011038347249632	-0.2477306596209771	-0.24616335152912486	-0.05504507424928992	-0.046626824896013885	-0.2660921640602254	-0.06393921849398379	True
80454c17a49f082d11c181b00ac33c9ffdad955d9fd341673a38819830fc9dfd	product_exact_summary	product-4x6	0.3321366865178688	negative	-0.17291206394206318	0.09850275553543608	-0.14434887954797282	-0.13798557945111273	-0.2364883349865488	-0.20147524833615355	-0.154248345595628	-0.235078611212501	True
8085f66f4c6f850499690d02ef95f3f541e018ede974dad6ef07fe255c419364	product_exact_summary	product-4x6	0.32657595221279206	negative	-0.12738781052334353	0.11473515471186291	-0.08203711017019544	-0.07891659287696057	-0.19365174758882348	-0.1727385108764916	-0.09404911028942636	-0.2124102128484177	True
811b252d4aec955a1d749460c2e3a1c25823d8afe37e07be2d580fbb6b277edf	product_exact_summary	product-4x6	0.3571622843983794	negative	-0.14197192103392625	0.046055832742167624	-0.15756108280826575	-0.15345500858535377	-0.13048883348249873	-0.11150525006609813	-0.17171461608490268	-0.1650655448975773	True
815b80d2fc6b9b382ebe11dad397bc618bdfe8c6f441b44978c1fc3653404ccb	product_exact_summary	product-4x6	0.5891138343224284	positive	0.10470762602436876	0.03970046515027342	0.11970683609368427	0.12311128846958269	0.08970841595505324	0.08341082331930927	0.10798624495901021	0.05907977063023728	True
8536a314a4b67c92f4babd2c30d142fd5dd488cc746ebb689e5efc0613e8e3b2	product_exact_summary	product-4x6	0.6856516135233848	positive	0.135092606783754	0.11455560162296874	0.19124652374289475	0.1883706723292462	0.08181454123826182	0.07669092211992601	0.1721317706484471	0.052303261912567844	True
85d0d60c25bd2ac31589a58295413d1a657ce733298cd121112dfd79facd4eb5	product_exact_summary	product-4x6	0.24111463721471654	negative	-0.13853102410001536	0.09240713885840246	-0.10667080731713496	-0.10898587406291788	-0.19907794617553742	-0.16807617413711284	-0.12558060931991455	-0.2025508373923547	True
871610da5796cd27f66d63aea686a08800320aa3525ce7cb623972c3ed900081	product_exact_summary	product-4x6	0.0050704309860519926	negative	-0.11212044608705289	0.2959791517129602	-0.2177639907140173	-0.2980251702743433	-0.006476901460088485	-0.002046018561383065	-0.2979838964795719	-0.0034316162758032034	True
88b101026b48964d430c4f7c113e679fb5059bf7f097ffe0687339dc74b94200	product_exact_summary	product-4x6	0.3236703955904151	negative	-0.12969026631435537	0.05842328047757683	-0.15322210491882782	-0.1572075662468585	-0.09878428576928167	-0.10615842770988293	-0.17128512955455322	-0.12697447635060033	True
89cdfdcf971d429c1413761941138392c706f8fd9b0a3279482154916cf99750	product_exact_summary	product-4x6	0.8292665551981732	positive	0.2208537773904823	0.12286329996276768	0.2837791513868395	0.2797463620653009	0.16091585142407183	0.16196119271566367	0.2706445491117546	0.1615185583136448	True
8da2ca110af03d297f53c61570e7f3147a1c74a0caeaa0d8e07df173b38b2fa7	product_exact_summary	product-4x6	0.5956428703276578	positive	0.15039457830741473	0.14915771125809602	0.20995454771328576	0.2107692423835627	0.06161153112546669	0.09083460890154371	0.19314608385380833	0.044718635749620206	True
8dd5346b857f4f4a9398a36c59da062bddb1d235f5eecca0d89f322b6fdeada9	product_exact_summary	product-4x6	0.6641978613928202	positive	0.1639841116241672	0.04147841183864903	0.1840312149189663	0.18197356007701315	0.14599466317132126	0.14255280308031726	0.16403859020745404	0.10624779601223444	True
8fe3179a1a6650fea6b68bb8526c34524cbc76838d7850bd9e0e45d5af5948df	product_exact_summary	product-4x6	0.5307353189598245	positive	0.1366297121256315	0.05025160373099896	0.15257631142780675	0.1555304164434977	0.10527881271249873	0.12068311282345623	0.14113137968948541	0.09878822684422295	True
90305b52288829c1c6d5ecd0388d264ed91f68aa64ca0f5ac2e59f7e07ec959b	product_exact_summary	product-4x6	0.11649447940799017	negative	-0.11131587716623956	0.2214167843389982	-0.2301152125451364	-0.21300758539504655	-0.00962416893743255	-0.008698428206138184	-0.24354960307679563	-0.016411834259566507	True
90f278a87597ac01aa6789947bf4d7fed6f8265341caddb0806940f17cea9228	product_exact_summary	product-4x6	0.29207141132780357	negative	-0.10730428030278177	0.10015323962901901	-0.1498099038615972	-0.1541100813329781	-0.05395684170395909	-0.06479865674396634	-0.17460668463989465	-0.06597967027667695	True
91af982ce352c0ab9d2bba598f808de4222d11dff1322461665435f537e2e617	product_exact_summary	product-4x6	0.6202310327205096	positive	0.15010014700198193	0.17341326478716462	0.23617968137830153	0.23399130181059946	0.06276641659113691	0.0662089921933644	0.2179517564387886	0.053236348386801025	True
924e3be7e9c1906cc511f63c8e5ad11db95f23c06817951ad8ae761fa83ff317	product_exact_summary	product-4x6	0.15967785994824052	negative	-0.15337010754948208	0.24196563953744812	-0.2747122545415511	-0.2682522121543658	-0.032746615004103	-0.038488002944598365	-0.29443652148721994	-0.04562895607059991	True
943039353046c347c200ec50c842f2de82d8c18daa7ecce35d681b0ba57d4eaa	product_exact_summary	product-4x6	0.14056452387678478	negative	-0.1237048132646792	0.1277485322525793	-0.18814903156948778	-0.18542481122163199	-0.061984815307726426	-0.060400499316908496	-0.20511600278843492	-0.06541703083672673	True
94323badd007babc6c7f8a1b82b798c004d734186667d469f8188a26e27b1d0c	product_exact_summary	product-4x6	0.11431078795598187	negative	-0.12236241306326318	0.22524105602897557	-0.22968185954029313	-0.23812352206318127	-0.01504296658623322	-0.012882466034205703	-0.2527332947736472	-0.013979972947433195	True
94ea0e621955ffb613d8f15bfbe4de7b8b2379acd7273bef08f514381a655f40	product_exact_summary	product-4x6	0.6668306787280299	positive	0.16087847718578785	0.11456752570571549	0.20534542200602146	0.20753774899217114	0.09297022328645566	0.11641153236555424	0.18885539295917453	0.07229669745756384	True
961938067661890459447829e00491b8737faa063b268b40024b0b65c68fb445	product_exact_summary	product-4x6	0.5563128473998602	positive	0.16921731354020536	0.14287293432690745	0.23408326945143304	0.23531492554559774	0.10435135762897768	0.09244199121869029	0.22201748153456063	0.1016499896770316	True
97441a81c80a889059e1aadf439d078ae2059d0c5f3552b2f6ac79b4e715c393	product_exact_summary	product-4x6	0.7458080181170299	positive	0.1647042745333207	0.1453867071883338	0.2276726475572156	0.23029669850947487	0.08490999132114108	0.1017359015094258	0.2133724747725383	0.05751589800441681	True
9a88e13db3d90a0163d1d8b5afa606f3168c9902590f0dba9eadd45b49dc873d	product_exact_summary	product-4x6	0.030217768032911513	negative	-0.1288961558648418	0.23661545111192356	-0.2588637848349945	-0.23553324328644523	-0.022259068443238356	-0.022248333723070952	-0.27577325288146426	-0.024182834648175014	True
9c32375ab73e1191db51c01d31a1aa2f93ced0140ff1fc8ac704befeb3bc6dfb	product_exact_summary	product-4x6	0.2777859372904006	negative	-0.12768125118199455	0.10641043398447553	-0.18376005752533092	-0.17598922094642355	-0.07937328141756556	-0.0773496235408554	-0.1966834569022713	-0.08756437169192477	True
9d61ffd5777320b758f90709d47a882128dabe040da6889b85e420f72b59a70b	product_exact_summary	product-4x6	0.1358354939507386	negative	-0.12389230322585203	0.17550027135671697	-0.20590036954121624	-0.21076043147023785	-0.03526016011352087	-0.041884236910487815	-0.22655761512135056	-0.0574372730413103	True
9edaa374fa07eac5d1c2d32635e27f6ff2d4fb74100072212f727820fd1ca8be	product_exact_summary	product-4x6	0.564645357403231	positive	0.10137645721788963	0.1182309155590538	0.1575851256692985	0.16047558949189417	0.045167788766480754	0.04224467393284037	0.1400152301519303	-0.0003990200379566655	False
9f67c4d2db0b1288796fa84bb6e53668401f3c76b8299076b76e82f3513617da	product_exact_summary	product-4x6	0.7567806932369355	positive	0.15908368492292385	0.07587144488806741	0.182122068795748	0.1838426011307568	0.10797115624268938	0.1360453010500997	0.1666936038185649	0.11036943563047885	True
a1cbbf46c9f81a5bcbb09d782742cdf84881f9cf3d0caa6d6e79af4e3b108429	product_exact_summary	product-4x6	0.1230763010515559	negative	-0.11620514890607829	0.21416828753131179	-0.2225400672416302	-0.2198130146495121	-0.008371779710318411	-0.012597283162644468	-0.24020742885207522	-0.01546864479259999	True
a22c5bb5ad26d65999f248608752e9e45c6c761b5cae48c3998f52a2a95da365	product_exact_summary	product-4x6	0.2639714248590948	negative	-0.13000156505231958	0.19312160958387198	-0.21196042358039086	-0.21648980643903626	-0.0480427065242483	-0.02336819685516428	-0.2371959236173004	-0.053071346239120964	True
a2e576df29e3e522464350a2b346d115caf642262aa2589945c997b909f0c44f	product_exact_summary	product-4x6	0.6791975746892498	positive	0.1272414871414566	0.16936339692848468	0.20799865453841682	0.20956661102091123	0.040203214092426554	0.046484319744496405	0.19189188249905687	0.0240998762939032	True
a4477a2cbf1d9b2acc372d97d90563491fba8496437b7c0202620b04e101bc47	product_exact_summary	product-4x6	0.44382012885058414	positive	0.10326134805933113	0.07274149279893682	0.1345377992290619	0.12610192120238084	0.08042077491628141	0.06179630643012507	0.11320978943084614	0.06804035955872328	True
a5f493bff02837a34a9f6d42f0cfcf579586445f774f38cea2f1ff69ebe46c1c	product_exact_summary	product-4x6	0.23977690883940453	negative	-0.1669781774314753	0.08367477327561801	-0.2050955273844178	-0.205229969434265	-0.12155519615864699	-0.1288608274785328	-0.22283254868277588	-0.1341680538116338	True
a6a57a3a7d9a9c89da10c30dd788de8f62fb42e3ae98de480934f6af99348461	product_exact_summary	product-4x6	0.3122501319851232	negative	-0.10294951292959703	0.011566817926626838	-0.10417418110766663	-0.10172484475152743	-0.09900404413253944	-0.11057086205916627	-0.12170982751303511	-0.115750455982842	True
a6db61b7a72909d9749b1a533bb8ab0840c64acc0e19bb6017f90e3c0eca0b52	product_exact_summary	product-4x6	0.15270816725619205	negative	-0.13920092979305676	0.08985322962084849	-0.18119691277992891	-0.183118763963891	-0.09326553434304252	-0.09720494680618463	-0.19702348128435457	-0.11883544801763171	True
a7e7441ec54feff23cae1191440d628b73e3db5ecec9a9f50bfd809d7c4d614b	product_exact_summary	product-4x6	0.4546159570994086	positive	0.1230341114053177	0.08005327910962817	0.15761119947799973	0.1556615437689618	0.0904066790416736	0.07755792036837156	0.14045552376446235	0.075295513298403	True
aa350332776e5ecc75f7879f74863e1cb61d9aebd88fcd76df17409614496f1a	product_exact_summary	product-4x6	0.13793186097405818	negative	-0.11579014280447655	0.1657454364960166	-0.19780303617886297	-0.1946536343775226	-0.03692665123143052	-0.032057599682846355	-0.21317739417186693	-0.047298322398844156	True
aa3fdaa75cfc2eb887963763698d35714ca4c6912f5250a1ce787a130ef4cea3	product_exact_summary	product-4x6	0.2875840342020259	negative	-0.16888381572303704	0.08170012358575474	-0.20250522522159392	-0.2027116378053051	-0.13526240622448016	-0.12101151421955036	-0.219451141807898	-0.16919714097141592	True
ab0e40920a0a4fca773cdc842ffc3e6ae745f07c19bda06094e6cb8d059cf16b	product_exact_summary	product-4x6	0.3505048969943578	negative	-0.10052436064056039	0.07303938950581551	-0.13729064124479373	-0.13294430688594833	-0.06425125173897822	-0.06810441439517245	-0.1501251415628278	-0.10242255312057807	True
ab615477d0f58750debd228402fded6585c40910d0d1249eae057dd518666eba	product_exact_summary	product-4x6	0.22484730963915167	negative	-0.10045271128163505	0.08174229084965695	-0.13864304600543892	-0.1395145587881375	-0.06226237655783118	-0.05777226793848056	-0.15570555661787722	-0.08139370661542283	True
ac97d0ffa2c74429d32f2628cce1f39cc31f7988c7ecdcd3ee88616474fd6827	product_exact_summary	product-4x6	0.1727608925672667	negative	-0.16406243898407938	0.13348583888144955	-0.23242265593285047	-0.22670999098668662	-0.09893681705140092	-0.10141488698147214	-0.24600305503472655	-0.11055473944830049	True
af50b49825de6aa2cce141a17887c4f6bad7408376d128d1ec50c9ff7fe45def	product_exact_summary	product-4x6	0.06993411398234956	negative	-0.15486238555008658	0.26567953700220687	-0.28574262205719103	-0.2848826949996917	-0.02484207610048146	-0.020063085054984164	-0.3036405404546319	-0.029371452943320456	True
b05c2f2c4ff2057043f4ff9b9dabca51a72e4162bdb21ec475f46968722adf63	product_exact_summary	product-4x6	0.08072669113420138	negative	-0.10986969851077383	0.09554213152499151	-0.15588796174950775	-0.15335481466548184	-0.06034583022451624	-0.0663845823560658	-0.1734461684777157	-0.07231250924248554	True
b0b2f688c0c467821ef99222c1ecfed1e543dd52648d4dbb58ce30f455ff8e58	product_exact_summary	product-4x6	0.10384195774898689	negative	-0.1335348902872709	0.26563295729742287	-0.2623618123263992	-0.2676941104155869	-0.004707968248142555	-0.0020611531181639886	-0.28075676738299227	-0.008864730561663231	True
b1593627b0a3e3e8f68a23bb306701682b638aeb4cecc29fe748180d26054941	product_exact_summary	product-4x6	0.06695879849840353	negative	-0.12028048737400217	0.20759549098577662	-0.22499945459857912	-0.2225773176329059	-0.017983657115098445	-0.017403963612802498	-0.2433419760360287	-0.018212031845793758	True
b1710b7fdef356f7a64127eaa6b713cbeff0bc9667ad944ea055b4b94c0d2a37	product_exact_summary	product-4x6	0.17938471899086925	negative	-0.16573057305133776	0.08485454636731493	-0.20663410474491614	-0.20016496430383532	-0.12177955837760121	-0.1312961817988402	-0.2188491023978116	-0.14676318354297055	True
b1b7fd8feda45a5c53ec37a76236e4104f57647de4243ee9dd564775ede71ca8	product_exact_summary	product-4x6	0.21627237276387634	negative	-0.12540015873569293	0.1993868251933787	-0.22209748386715716	-0.21966145219244987	-0.022710658673778472	-0.031138865278935973	-0.23938801875743743	-0.04985167334014884	True
b4143bf82711dd361aac066dc90c7a0e682c656f650da5cbd19f4717235f3072	product_exact_summary	product-4x6	0.223219803665559	negative	-0.11261211544705557	0.013517050741653602	-0.11830732114121456	-0.11527178666744564	-0.1099524442266655	-0.10479027039956096	-0.13770173075910086	-0.12755996174765882	True
b746e0c520535f6941e19a14704bfce91d00b4a92e8e791946ac1c702c6faa52	product_exact_summary	product-4x6	0.6843075387298688	positive	0.1561907129505506	0.14365654782585607	0.22008771801162386	0.221295376651704	0.07763882882584794	0.09229370788947733	0.20610623061636324	0.06600808040480888	True
ba6434a4b2adf386a281e2457a4b2aea2784d16319d4629d280b91287e566399	product_exact_summary	product-4x6	0.07847727034472125	negative	-0.11405198509511147	0.1532937098948819	-0.19093713733231127	-0.18837665278673565	-0.03764342743742938	-0.03972731740348727	-0.20990264714317514	-0.03588014740087657	True
babd32d6e626ff98a7041f7f5a377e72229774feac24126cb4a547aaeefc5dd1	product_exact_summary	product-4x6	0.6626784797208466	positive	0.12522264788382498	0.0717749942427558	0.13510266087380463	0.13770205998209084	0.06592706573933504	0.11534263489384533	0.12026621567196027	0.060592418748109056	True
bb4149e4ce42e125bb71254282e48f4087fcc2655b663653dce65258da7ac723	product_exact_summary	product-4x6	0.3378891416346981	negative	-0.10273075646174396	0.10456675936056004	-0.1355611670019763	-0.14174099963421882	-0.06990034592151162	-0.03717424027365879	-0.15493356552735427	-0.06119247311597298	True
bd592fb1f867806260d876df60fbdf762e944495558f1f4355eef933a355c7d9	product_exact_summary	product-4x6	0.16547617481070534	negative	-0.1189663213149513	0.21112748248014215	-0.22233026945939047	-0.22237698866563285	-0.011249506185490699	-0.015602373170512135	-0.2413898381594541	-0.02720475045891063	True
bdbe8487dd93f18c261bcb8330092c5a9fbde4528add909ab58c0e70c1ab012b	product_exact_summary	product-4x6	0.3824571117383512	negative	-0.10161829122407612	0.06539794424128659	-0.07549431026516273	-0.07027506169595127	-0.1277422721829895	-0.13567300593723786	-0.08937457892451206	-0.15903347340739238	True
be231e16849d4a4bbdb32caa448d91704d4fab674b104de848fe4f2c132e9724	product_exact_summary	product-4x6	0.34727231776443723	negative	-0.1971297001681379	0.01921469001051268	-0.20270545505906556	-0.20024613464154162	-0.18349076504855288	-0.1940132656947342	-0.2168134062276944	-0.2148382858030632	True
be652380a8e70d542d9a95c9d48824ad97f63805a7e1da7d80bcb87319253371	product_exact_summary	product-4x6	0.6975827715812556	positive	0.17508810253309326	0.14430287374169526	0.2435800891645823	0.24857609320133633	0.10659611590160423	0.10427321945964108	0.2321854720508828	0.070119270646267	True
bedcb8ba974f220cc460c1b9b78a01975bee385113b30e5c0276c0415b69f11f	product_exact_summary	product-4x6	0.4994953155813579	positive	0.10646279745890572	0.11443322678858198	0.16255890858979966	0.16398083775216826	0.05036668632801178	0.049547610963586286	0.1472891475489687	0.04051592747444083	True
bee972a46b345eccf394e02def1f593a92b69a27a014db8fe705943b6b1e3d51	product_exact_summary	product-4x6	0.3770586617319065	negative	-0.1020373325800217	0.1066271140538328	-0.15500994649575328	-0.15517033321098683	-0.04854321915715404	-0.04906471866429013	-0.1693303149660208	-0.07927045652532078	True
bfccba9cb9b772c4c87a67e6058fd7a5a9403f5d442f615e4a0d7e9ea21b81c6	product_exact_summary	product-4x6	0.712212155487477	positive	0.13092904087544893	0.10078856253524116	0.17870183613161383	0.18241148713427657	0.08315624561928403	0.08162292459903542	0.16625466670873745	0.0448659193916916	True
c046c4a6b57f6887027a18f7faddd54f6d31d63418aea944807116ce5799d4aa	product_exact_summary	product-4x6	0.5997101068638309	positive	0.13853791089386192	0.05639289963365113	0.1601139963683046	0.16514153238163787	0.10874863274798674	0.11696182541941924	0.14646392376559147	0.07029836657108646	True
c1d112706fd8e4c5e8214b621385c348748bd697cc819275a0aa1443d9b53dac	product_exact_summary	product-4x6	0.15381921797913883	negative	-0.11894500920629122	0.1871050767294833	-0.21215272321868706	-0.2089272393404618	-0.028962779072120637	-0.025047646489203768	-0.22494490085886398	-0.03429645185523639	True
c23e13282025d16d4cfa3ca6aa9ccfd4b80fe2be7f05c61467e9cd54477e08d8	product_exact_summary	product-4x6	0.14552475128782558	negative	-0.18697096533670568	0.33006422497217813	-0.34768454259484705	-0.3429098478666315	-0.03103208280677988	-0.017620317622668885	-0.35655249047831916	-0.028858467518654368	True
c241de19f803ecdc927b5f7487e6fc241e71c3c0d44816a435c625754358ad40	product_exact_summary	product-4x6	0.6304156483564803	positive	0.14353697003725902	0.18431646337866775	0.22912192440431295	0.22872217184573962	0.05835176822877841	0.0448054610256452	0.20947180345278232	0.047839211089897415	True
c437c18b9aea1fcffc3fce57a94ff90633dc105bc8e277a4db1aa5b2e9786f07	product_exact_summary	product-4x6	0.33523969787395	negative	-0.15116481720314245	0.10473886618953837	-0.19648000426451917	-0.19473080678962296	-0.0917411380749808	-0.10759882761666195	-0.21077127322124178	-0.13536729508020862	True
c44c44e22598730c9fce3db47508730c361e3e57fd35c969f8dbf5f01c03161f	product_exact_summary	product-4x6	0.3258661576619828	negative	-0.12793208444374168	0.1857694175948123	-0.22074903074702246	-0.21818102743207846	-0.034979613152210154	-0.03768314145540491	-0.23560469720473853	-0.03450671259537502	True
c7e3365ac49136198a1d69996584e4021abbf541025f63b2505a204ab94316bc	product_exact_summary	product-4x6	0.6930377932948764	positive	0.12822680692591437	0.11701493535957852	0.18632159056291042	0.18026049724170712	0.0693066552033319	0.07619311661012163	0.16398453647511602	0.06831054688189442	True
c83c3d686689bba525efc0f081c5a74563396b2f7510df6b818cb040b9e30461	product_exact_summary	product-4x6	0.6694474064917346	positive	0.1444903680087833	0.09732555282204591	0.19090641955636822	0.18902082808447562	0.09995990793309095	0.09358086673432231	0.1745909227671173	0.07202278674420692	True
c85358cb7e06c8a851c36489711a20bf8e769824abeaf4ba1e4cb87b6ebbb5d4	product_exact_summary	product-4x6	0.7140316239542662	positive	0.21101802740415165	0.09043264369394333	0.24140123826098714	0.24411385901834448	0.18063481654731617	0.15368121532440115	0.22888585166257902	0.1418757774850714	True
c93316c23cbcbb254cd15a46f77531f2f0d901f8a6bd42036327481b2d7c0502	product_exact_summary	product-4x6	0.16481149511682153	negative	-0.12691771622550665	0.08779235548556097	-0.16574172340152854	-0.17332534437231895	-0.08809370904948477	-0.08553298888675798	-0.18980694817340388	-0.10787755567661111	True
cb7b69e86047a79936cbd285117c0b87ad4ed8037f6b04b242a1c535f947dbca	product_exact_summary	product-4x6	0.7601616796499708	positive	0.16053409966084858	0.11434944645998668	0.2138338748838008	0.21193543755492694	0.09948442842381411	0.10913276176677023	0.1949054836395807	0.08873945157183372	True
cb8c18ee774b7cea0b15406c90a7de1703a136ea83a1effcb6b87d7b51b7f06e	product_exact_summary	product-4x6	0.5624001770823197	positive	0.11133054417920604	0.02785860133245388	0.12197872475854471	0.12007731308195624	0.10258377527645585	0.09412012342609083	0.10260677750890379	0.06527214457023123	True
cc002e5d9d4aa52efcb8f52a40436f568734c1225fac86721327917a348ca2c8	product_exact_summary	product-4x6	0.4297585111614267	negative	-0.14846421542954402	0.06359795543677138	-0.13580232560027594	-0.13456298213674478	-0.1611261052588121	-0.19816093757351616	-0.15075558263745026	-0.2518664587736472	True
cc5b2c8d8bba6df8fa99964089139818abd838164136dfc3bf04d422bf472389	product_exact_summary	product-4x6	0.46586908491937573	negative	-0.10437515715255763	0.09958779373066717	-0.06613359457626233	-0.06294597933589641	-0.16253377306656358	-0.14261671972885293	-0.07811859765708828	-0.1358561883208682	True
cda637d6e9a7425c22fcb5e26fab78273ead750603903f84ff3aca44263336a7	product_exact_summary	product-4x6	0.07693231680662532	negative	-0.17243743209807935	0.3167802004526349	-0.3242872336646692	-0.3319456823324758	-0.020587630531489473	-0.015165481879840875	-0.34498646649083514	-0.022938937637960233	True
d0cd3cfaf5fc12481ea1148e09c54ee854a9a1ebf7c044b8a3b8d31700d53bc8	product_exact_summary	product-4x6	0.08676684881168725	negative	-0.10590955601485252	0.13443201232024116	-0.17088388823146042	-0.17302453613495336	-0.04093522379824463	-0.038592523814712204	-0.18704586911477541	-0.04510829787142778	True
d14212e37edeada84436409e22330750fd14761668136df065b418184b580448	product_exact_summary	product-4x6	0.22158708001772995	negative	-0.1052329960148617	0.1943762720438712	-0.2037588864090141	-0.1989946448619572	-0.01147134716776621	-0.0093826143651429	-0.2185310819585373	-0.0213464459200553	True
d34388dbef9902b25564d24618c723eef300a3e6f5dae87653ebb1f8a97ddb23	product_exact_summary	product-4x6	0.7616472077543799	positive	0.15522205158864733	0.0301853803477915	0.1527211899667743	0.1565245937494707	0.15391950942782395	0.1829065703145658	0.13976369588626514	0.13447917745475202	True
d35ebe5667478b0cdef5cd8869c4cd819bd7100bc9155163c55906da614eac3f	product_exact_summary	product-4x6	0.7267140221598829	positive	0.18369491342984778	0.11649180940233728	0.21902484945760936	0.222774472334071	0.10628266293173372	0.1483649774020862	0.20752525084443862	0.09300454082313914	True
d38e10dbfea9014b75675c80f4287e791354b77c1f33d82e6891d67e920d0536	product_exact_summary	product-4x6	0.29763564567271744	negative	-0.10482931823472721	0.05176203578032401	-0.12068181221729896	-0.12047193388001293	-0.06891977643697494	-0.0891867025894415	-0.13642743970552929	-0.09160216955551465	True
d50ec4a84a6dd6900129fc689f0a375fa3198e92324ac7253866e5f6d19b2493	product_exact_summary	product-4x6	0.31325925351251754	negative	-0.16167423556621044	0.040821351451342136	-0.18123701299986844	-0.1776886321794488	-0.1404156615485263	-0.14565983895297208	-0.19512965048949688	-0.15659308688919366	True
d56683a9a575eb7cd2ccb79163dcb02188d2b084eb459332671c95e57b0450c6	product_exact_summary	product-4x6	0.16875343654112399	negative	-0.11453882347437447	0.11301973482097175	-0.16372066045282366	-0.15895112377915024	-0.05070092563185191	-0.07012652316959869	-0.18218961993685187	-0.06869418488934126	True
d5ddd5afe31980201aaca1064a903ad0dc7771edabac5e50820da20d55f3f8bc	product_exact_summary	product-4x6	0.30932368461024307	negative	-0.10414560187622726	0.07776952517113794	-0.140454108168592	-0.14410333442101614	-0.0663338092498782	-0.06783709558386253	-0.15931312415276544	-0.07509631927542876	True
d676fd90f4865138cb31952a2884c3d6282b1d3dc42735dc346b188b4b2cb10c	product_exact_summary	product-4x6	0.7063418788241972	positive	0.10109670408386034	0.10368560735280008	0.15191002253366281	0.1497322385469151	0.0524611696208056	0.048224415180862734	0.13501305454483903	0.04561653785445252	True
d710de8a3c4c3580e1833149147551f763f88c5624c2a208da1531af7c9d784a	product_exact_summary	product-4x6	0.20438991060710787	negative	-0.10315892487266944	0.13405719401078006	-0.16638235902506598	-0.17064008999562547	-0.03993549072027289	-0.036582895984845404	-0.18943817310591016	-0.05327162937334173	True
d7294c8856c59ec3d3ed8439807137cfa424a0a1b610204dd7acd1a7a4aa3df4	product_exact_summary	product-4x6	0.3858162618122559	negative	-0.12180947569524292	0.03541199435926723	-0.12939869500371837	-0.1280377021497181	-0.11558124924076774	-0.09398670064445114	-0.14413451023652324	-0.11221073294605227	True
d74262174caa98a0570eb2315cc8560bcfb440409afc6c7d6ea5e7dea93b60cc	product_exact_summary	product-4x6	0.0941397972443574	negative	-0.11215125892607722	0.22219223589394932	-0.21560270726138936	-0.23082029874074855	-0.008699810590765078	-0.008628062846799248	-0.24456172473250382	-0.008991880039432729	True
d7611eb868fb6fb76e4aa9a4909b845f15038e9615040231be9d4110a095e351	product_exact_summary	product-4x6	0.6929739024920833	positive	0.19109289140426913	0.101341339621847	0.2294126213261563	0.23242611435473526	0.13108477473288827	0.15277316148238196	0.21563720842102063	0.10980454952665808	True
d776d4cf85d52e16be8e757ccee90ae7593705abdaaf3174dd3b001be2ef95d8	product_exact_summary	product-4x6	0.7390825978426572	positive	0.16752529007047773	0.13221061038955118	0.22323600850832126	0.22692806745815097	0.0947174570685998	0.1118145716326342	0.2112419450234454	0.10282283606276321	True
d8ed442e98c8557038f7b80c84e9d7d408426c17e31cf3c969c71b0ba76f0d0e	product_exact_summary	product-4x6	0.5577467061477039	positive	0.1001702692933216	0.02029822408189691	0.09965494665027808	0.10110001636963972	0.08080179228774281	0.10068559193636512	0.08149867129583904	0.03225780936634404	True
d96b6ebfa19d83f67d3d335535e6ab48b44d24c104cbd48259a9c3e8f26e434a	product_exact_summary	product-4x6	0.6326461342930119	positive	0.10525011732726566	0.1761402752687497	0.18656343648119994	0.18889460428017052	0.023936798173331386	0.012754329011420817	0.1717094714421441	0.009526913247568491	True
da6e6167898500ab9415ba320b333881cd96c80e0d5b0a184ec1c15eab2847b1	product_exact_summary	product-4x6	0.6867304992398022	positive	0.10019964845782381	0.1032617910658079	0.1454426628379768	0.14667276525729145	0.05495663407767082	0.04341097419148354	0.1320371881645126	-0.0037849522492883203	False
db0a60becd0ac82ee6f111f5913306d37dd15c0dba9b6ff46837d68ec14edd30	product_exact_summary	product-4x6	0.4071127398017006	negative	-0.10563171651329159	0.08599466361053543	-0.14309421323663418	-0.14044893248018875	-0.057099549626098756	-0.07081450054639443	-0.15749829444637975	-0.11689565621765519	True
db0b765694c3b0b67389f3318cc709907f4676587b95b6f70b4bce6bbe176636	product_exact_summary	product-4x6	0.4439551838304077	positive	0.10626044842057708	0.02187760573218267	0.09724190480371553	0.0940737212984521	0.11527899203743863	0.11595132703063477	0.0804877840839115	0.10376496283826092	True
dbf16392a51460a688490c40eb0853ae483eab02eeea3f402ace4b274ae1aa3e	product_exact_summary	product-4x6	0.1260490027107932	negative	-0.11831809537341072	0.17438407794837846	-0.20783777709953052	-0.20226400587356028	-0.03437218487326116	-0.033453699151152066	-0.22162483692216342	-0.044849462299812376	True
dc26302d0814dd697bf0b466e50fef6f57b2762894c550be226db430c93d4350	product_exact_summary	product-4x6	0.617944096330839	positive	0.11460334348823198	0.13227693244242422	0.16427211346374582	0.16611878943480463	0.033841856992380404	0.06493457351271814	0.14590465796565233	0.037735090047106734	True
dd92d4410e5344662d97e669930a90ee0e2587fc6bc4e0e8e305f5dc54417bdd	product_exact_summary	product-4x6	0.20451166532999895	negative	-0.16077502864788012	0.11379893020118709	-0.20158733570749268	-0.20218636675919674	-0.08838743655800965	-0.11996272158826757	-0.2178875768497416	-0.1320004169753586	True
ddc110c7ab9a08bb82213f18ab42e24e45fb1a1c8d18bb5c186b8b478007ba61	product_exact_summary	product-4x6	0.5229230785384841	negative	-0.11382870808353762	0.06358797734735011	-0.08972913557507234	-0.0864763883315468	-0.1379282805920029	-0.15006436567889692	-0.10322417933653427	-0.14708413112020724	True
deecaaac3a84cf63d1f95920e8933420988fa4410b998d1d25dfaed33da55c8c	product_exact_summary	product-4x6	0.6438900472357532	positive	0.22062660890819427	0.11311318400317849	0.2677119179018971	0.26709292547180813	0.1545987338987186	0.17416029234458041	0.24829414692001395	0.1548541243963265	True
e01fb37cb3159376cec39af54bafba36d409d17d5f5ed0da1293224fd35b2edc	product_exact_summary	product-4x6	0.6047761822073927	positive	0.12772938494830346	0.06086049238565672	0.14917581966920124	0.14250908706551135	0.11294968283109558	0.08831532728354452	0.1308828300032263	0.06874163348488826	True
e043169b2732f4093c9007609478a5369a452ee0e04682390c446078ff20925f	product_exact_summary	product-4x6	0.22175614566792892	negative	-0.11598995254699909	0.1475653027265274	-0.18727231207394965	-0.1880365762559084	-0.044707593020048536	-0.040471273529380986	-0.20703834871944457	-0.06458256576117224	True
e0662294004fb754e94dcf023cc4b044f0320acca9a05e6d8d0aedfba9dd3223	product_exact_summary	product-4x6	0.7322552351146534	positive	0.12061126083490337	0.0796209263118407	0.1555551372050712	0.15273449307251608	0.07593421089323049	0.08848802859729066	0.13721048464543384	0.06210195853621581	True
e1bb317f0cc73e4c13b36785853c9e5ab6cacde48d60185e2872c85e3d739a58	product_exact_summary	product-4x6	0.6870151205264569	positive	0.14990495068027293	0.07743410598492806	0.1861003408091273	0.18019613286307545	0.11961376849747041	0.10866623482419924	0.16487673955918536	0.09546923256490447	True
e2b401bf445d7692092b6035deadf10394cbde60f0804a2f57dff61ada7fe36c	product_exact_summary	product-4x6	0.7454689181350753	positive	0.12875582802364538	0.10410858046925542	0.16767681935240386	0.16828790259547988	0.06417932212622446	0.0898348366948869	0.1518820830748917	0.05673873473682833	True
e2b83f2cf4a40b4ca10082b098cc44d6ba650223d4d77b03bb92ecf37d42e179	product_exact_summary	product-4x6	0.1581608333542395	negative	-0.14688444883178298	0.0855508059701951	-0.1905794105434919	-0.1874323193107599	-0.1050286045732968	-0.10633657835280605	-0.20381194732741995	-0.12002910831418848	True
e2fc8e96f9c1e5d4fc0fa366fe769ca618bbbd6d80030d48da41574bb563a795	product_exact_summary	product-4x6	0.32711636143433415	negative	-0.10178772680190107	0.08460115384329142	-0.13585550566649351	-0.13361514837410104	-0.06996030522970109	-0.05125435182320209	-0.1525509001839505	-0.0676624201000745	True
e38e8b517ac794ccc0bf0ebf482dee4ea49f992259d34d6c36faa9f545943ee5	product_exact_summary	product-4x6	0.6154891362549622	positive	0.1608329969282379	0.17859054526579587	0.24982677101845852	0.2477289640038613	0.07393702985261452	0.07123622575266264	0.2312026877882813	0.04793439484226003	True
e49b998e5b2a72922d29136894ba3664927814ff8f55de27084e16517a4b8089	product_exact_summary	product-4x6	0.09741632701766395	negative	-0.10108744109998964	0.14239657906421768	-0.1690255599430689	-0.17180630607615405	-0.029409727011936365	-0.03314932225691039	-0.18671307370318674	-0.03550853561299294	True
e5833c2a52798676112ab85ff1a4a6cff0cda89f9b064930fb99b5d861020fcd	product_exact_summary	product-4x6	0.3565312650720134	negative	-0.10685598764787183	0.022248673580425427	-0.11485854242444699	-0.11157560520616866	-0.09260986884402156	-0.10213637008957499	-0.12730463994891905	-0.14595635305107824	True
e6741f882312113fca84c19ad622073123850d6b72d596b69d3128353b9f905a	product_exact_summary	product-4x6	0.22763815675248103	negative	-0.15210194005907895	0.23906062782668439	-0.2692562746411834	-0.2693738446888576	-0.030313216862173226	-0.034947605476974536	-0.2836057450358208	-0.04756266107298565	True
e6caf3ee43358f69dd674acc8438cb2f570093bbce406b4502f1970d4628f027	product_exact_summary	product-4x6	0.5699643850248759	positive	0.11531091686264042	0.003873704678576173	0.11646496479146701	0.11415686893381383	0.11311087732368286	0.11698458200225903	0.10159783340647843	0.10514851213665038	True
e70af3096e6a4c2b17cab86316863f5f720d1b779cb1ad946e9b2a85e61b2ad0	product_exact_summary	product-4x6	0.6008560901887042	positive	0.10786676929860661	0.16194589335007858	0.18865274034884616	0.18688942735941372	0.028844111237799508	0.026706846998767575	0.16889002404564657	0.007374316309651907	True
e7bc2f2b1f92c53538df3f16b0429d4013552e9225361256ca3fe2528009abaf	product_exact_summary	product-4x6	0.07911267614873567	negative	-0.18616215195205582	0.33999891788013037	-0.35645961547778526	-0.3550259460889607	-0.017298357815150947	-0.016460697597654866	-0.368287811751747	-0.019898521867722882	True
e866b2fca82014eefb262c30afd10088b2cb4bbbccbbdbf428102ce08254f015	product_exact_summary	product-4x6	0.3081331433800655	negative	-0.10693301346102382	0.10683927909506225	-0.15765836396245858	-0.15276825525387006	-0.06109777166817759	-0.050819084867396336	-0.1733844950058403	-0.055604126215754224	True
e9ce5fd6f3bc59d41277ece174b9c80c48dbf2d8443d3f04eb9ad0d972391f2c	product_exact_summary	product-4x6	0.7296013680248408	positive	0.20910625851722373	0.08534212727782386	0.24166899453143592	0.24469180691587655	0.17654352250301153	0.1593496796380527	0.2300347523660461	0.1294312890703756	True
ed17ddaa4d7e969f73e2eb0863745e7ee52f5f4887cf5247474e0ea4c45db235	product_exact_summary	product-4x6	0.6982969801934924	positive	0.13463474501080924	0.05075479143870609	0.1505822545916906	0.15456659066507372	0.10381179922636763	0.11868723542992787	0.13875752938860086	0.04803363220771806	True
ed61a158c4c555415ed721ec0e7403e43b1890f520c6f76bb9a12c6469bbee25	product_exact_summary	product-4x6	0.6537585406382244	positive	0.15046701557348477	0.08161078567988767	0.1847358008631601	0.17939021013262196	0.10312501518327244	0.12154382101434758	0.16776685406606534	0.09480941930348019	True
ed92735fdb8ab1f4c3a9523e1ecbd34fbc2431f8402eaf447eda55d6f9f104b7	product_exact_summary	product-4x6	0.6638485675149857	positive	0.13481939823294065	0.11722052353968626	0.1930147914318996	0.19051951956832403	0.07911927689755727	0.07579426789221333	0.17494642365978352	0.06791110241833709	True
ee3849afc3da86e7202bf862369816ae4b413381190f728c4d1d35e32f17964d	product_exact_summary	product-4x6	0.04615229340780714	negative	-0.13300944446818602	0.2544673927592417	-0.2572354746133404	-0.26231698983288804	-0.00784959707364636	-0.00878341432303166	-0.273368342611425	-0.008248309273279388	True
f049347583fb3e31bae13f457c1d13c6a3f9f7cf39b9fb79a6df427178a46860	product_exact_summary	product-4x6	0.6309497672379117	positive	0.11691642359061186	0.11660027247817067	0.16629921718282686	0.1693665541522506	0.06753362999839685	0.05276628167407993	0.15548237245807128	0.029630789038762484	True
f38d19f4d943779379761df060d5b8177056ca3497d69d005881a2cab8b9b41b	product_exact_summary	product-4x6	0.7355377617577488	positive	0.21746343633118417	0.07807032988031337	0.2532057218403389	0.2554122337875615	0.17734190390724813	0.18172115082202944	0.2403272620966177	0.1382657564367895	True
f4fadc06dd9ead103da848dd0e7b4832839cbb07108daa9a7ebcada6a78cd3fc	product_exact_summary	product-4x6	0.6897213765788038	positive	0.16935747747777485	0.06757271881204174	0.19009647237307847	0.19000495977362197	0.14870999518192773	0.12252375356103673	0.17535622661877637	0.11123869504399297	True
f6510f39596073383351783e6fef60729dbb7696fb471bedc92cca5f4e3d32c6	product_exact_summary	product-4x6	0.2947516676839343	negative	-0.11277092653351403	0.1240018347198551	-0.1731130244822337	-0.16738087409178432	-0.05816097897524375	-0.049111189762378604	-0.18444078859748364	-0.05251047111269336	True
f6573c110e5257b0b3b4f60cac0b8d5e90b536c437e03af76c85ab9f07d78e3a	product_exact_summary	product-4x6	0.3032553407306518	negative	-0.11650379860359239	0.1210918014659178	-0.1742242699128907	-0.17213064858717986	-0.06087694862000492	-0.05313246844697289	-0.1897056074134868	-0.06840445538580953	True
f6a0eecfc30d66c31bf8f568adffa371a3776d5e91a25fc3106da331960b9002	product_exact_summary	product-4x6	0.25944946070449504	negative	-0.13945749424766962	0.008230412743537086	-0.14030843176713798	-0.13860655672820127	-0.1412374527800011	-0.13300704003646402	-0.1522478866906793	-0.14404567216429215	True
f757ff03d550a158eccd8aa6da5e9ebb20d6334b4710d38b5563752b47187a1b	product_exact_summary	product-4x6	0.731198700023237	positive	0.160465400111854	0.08048183308183843	0.19880770935731273	0.19151959623279313	0.1183258762754743	0.12941120399091488	0.18155181660718567	0.11042315085709109	True
f85563db6eed315cdb9d12b0f80a1aa5f886c7e1ec068139e44c0d59cb62cc05	product_exact_summary	product-4x6	0.1743785924411821	negative	-0.11295707674342466	0.09741548188627824	-0.16050937549435768	-0.16255255506934835	-0.06540477799249164	-0.0651370731830701	-0.17932239649654552	-0.0907267325793154	True
f907a802a34ef76db3c712def4f79fe9325d6083daf08a9218e737dae8b42d47	product_exact_summary	product-4x6	0.7239160446302938	positive	0.13698412543126248	0.14331057919040013	0.20471611851972127	0.1971133084559894	0.061405539329321135	0.07685494240653556	0.1866548451951181	0.056742180475461534	True
f9da32ac3c46fc6030d87aa5be7afddfe48c32e39f9d47f75c4c0507033b48ae	product_exact_summary	product-4x6	0.22741064426938	negative	-0.15764127130147731	0.24570803669582486	-0.2728428946434835	-0.2778037954691584	-0.03209575877333354	-0.04243964795947114	-0.2929472895321363	-0.04305251557190193	True
fa89f701fd61bc08fc6d3adb251bacf7995e0df8b78150a89df70bfb4b463fc4	product_exact_summary	product-4x6	0.7856171828823829	positive	0.18000071014141428	0.11978355044855293	0.2375323940390972	0.2400423183273549	0.12246902624373135	0.12025876787880196	0.2207128902438491	0.09003588414437591	True
fe6fe6c5f769fd675019b9853e8eb642c25fd451fd2b4092bb6cede92f8925b6	product_exact_summary	product-4x6	0.40455910026199887	negative	-0.17282386215767537	0.08456862494205986	-0.12918230841780237	-0.13241273941687198	-0.21375093335986223	-0.21323498489847875	-0.149020934936892	-0.2372723025815014	True
ffccc0a7b178051b032667498f165f24feb4e34e2a6c1033012297902a0e25ab	product_exact_summary	product-4x6	0.5902796546550426	positive	0.14509974488378147	0.04807228329951485	0.1664925417297174	0.16910966704548136	0.12103738374596651	0.12370694803784554	0.15512861864601157	0.08154524493380366	True
02a5812db41cf04d40b76c18d3f3d34c2e24a03d4e78b199aaf43f83fd57aad8	product_exact_summary	product-5x5	0.7326859529741522	positive	0.198420720932656	0.06782860562256643	0.22682763212448098	0.22416449174867414	0.17267695011663786	0.15899902650191455	0.2346406725708839	0.15724817424732895	True
03942d657f0c103dbdfb225d616c9701a17e2284209632e5b9ff92cfef72a699	product_exact_summary	product-5x5	0.21320095040350293	negative	-0.18318777391009933	0.2155882510154379	-0.28199734450525726	-0.2827111762032235	-0.06712292518778559	-0.08437820331494142	-0.275420150880366	-0.0878507054371492	True
04593d70c1763f6ad775a597d76c21019efada373f429332cdbdaa9c0a9a725f	product_exact_summary	product-5x5	0.7973980400416846	positive	0.23143814285880765	0.11497586721129227	0.2832997131382957	0.27831843089337904	0.18455785482423626	0.16832384592700345	0.29015336573159567	0.19565344203356805	True
0515529549b09c8d8c2e9417200d7b933c0ab2cfe0b07aae5ccfb39b9e0da404	product_exact_summary	product-5x5	0.7820298981530335	positive	0.17880476022367547	0.09382198456502533	0.22376349728635236	0.2258726157086267	0.13205063114360138	0.13384602316099858	0.23182987095722374	0.13777959490098235	True
05a03a3fd218c7f54d8af79e936bd9c7266072c5f3f809fb76ea73f7590af284	product_exact_summary	product-5x5	0.5686713923753466	positive	0.13171908586469108	0.022792123146502086	0.12487776772728298	0.12414578099221973	0.14693790413872182	0.13856040400209918	0.12982964388743728	0.13848437169152805	True
05ba86265b45b2c9f725b063314501197a3ab3c1118f1dc70fa4a56782d28f0b	product_exact_summary	product-5x5	0.6469151413162245	positive	0.1479169229602708	0.047900792227892564	0.16913110206394988	0.17036035480101175	0.12670274385659175	0.12245956257311919	0.17825166348649424	0.11242263156558885	True
05c06d9db8d263648ecea3aa96ccbce9ccff7a62ed602ec1d079afa596dff44a	product_exact_summary	product-5x5	0.6767420598315053	positive	0.1031001006500365	0.035986163403912697	0.08744419492637734	0.08918359824146793	0.11701660305860506	0.12343035833029004	0.0962776174717358	0.16198796661724446	True
072892290f5a4d140c0b46ddb67353c84220aa2cd21e077e4872b9b7c04b81bc	product_exact_summary	product-5x5	0.5726903070905413	positive	0.11648555419573697	0.06532213690622035	0.14711248238548918	0.14934921134681767	0.08402707444059732	0.08585862600598476	0.15659286761460817	0.09519476703440094	True
08270ac1a612cd7258a081568754a2498101930dedbd6bdd527eb6d07244ae46	product_exact_summary	product-5x5	0.7644469781209553	positive	0.19797232871687098	0.15637036008967686	0.26306319379146315	0.2664772978061076	0.11010693771643076	0.13288146364227882	0.27223658047467636	0.12573683380139888	True
09c3346bba0fd602f0a333b9c8b63986231f08f8169fdfc0ec87c073aeb8124e	product_exact_summary	product-5x5	0.2801428526963028	negative	-0.11481861333110477	0.17104867480948016	-0.19572918849433302	-0.19559784259651813	-0.024680513684852856	-0.0340393840656914	-0.18966833267885175	-0.031209067908643306	True
0bd14762633dcef0468a146c63e7068ae03bc9a16744e8dd38bb6a6932b00814	product_exact_summary	product-5x5	0.4112498902889821	negative	-0.10226370664975556	0.05867157456536054	-0.13122236907395873	-0.1300639093297899	-0.07446350396972123	-0.0725507945085982	-0.12317592938697769	-0.08380390274788341	True
0d555e484da0e05bc88ba9f3707b4cdd3ba2ab2de5369a2be1ea829e5cb65dfb	product_exact_summary	product-5x5	0.6353633769036539	positive	0.17078486306345655	0.025000463561139608	0.16243796380442477	0.16349028430176443	0.17807944182514868	0.18743842736556438	0.16970615377188303	0.17614040711928564	True
0f306db89cba7e3b390d5f44a3f2b4db1cf7ba9927a845a4080d3cc5d751e84c	product_exact_summary	product-5x5	0.23111441175318306	negative	-0.2256718714107026	0.14152329308384967	-0.29045648086582954	-0.29011060083291285	-0.14893318778197986	-0.16123314198849234	-0.28190796710119603	-0.14656338626863233	True
0fbff439d4b76eaa04d17a5fd52fde7dc7b405929a2e35ddd84590feba0a6679	product_exact_summary	product-5x5	0.725710218494431	positive	0.13412272118217267	0.1183742304008305	0.17769584450845455	0.1806703761088433	0.062296145708012785	0.09054959785589078	0.1870806818917572	0.05545586182046536	True
101e36c28b8fde7a72d48a1d82091ad41baf0d68eb5a30409d73ddcf67e5f3d5	product_exact_summary	product-5x5	0.49279174080982135	positive	0.10008348424836647	0.033314917982912584	0.08501672163986901	0.08471538832555042	0.118030306308463	0.11515024685686392	0.0901899258044373	0.11665349405227732	True
12a7de0a333931569b9d3bbc8957bdebaa8a724e7e6c84832e184bb90f36e918	product_exact_summary	product-5x5	0.6149225522090485	positive	0.12110720467088731	0.09353861848888811	0.163578578093446	0.1628503016186853	0.07003995960455789	0.07936410772308933	0.1699762010935365	0.06509128539471054	True
14210debff238ecc07bb81ca19341d1c83548e6a013e852248034209ddec0bc8	product_exact_summary	product-5x5	0.6784801790853229	positive	0.17361558521652362	0.0546772918932556	0.19046885408920294	0.19404773698845684	0.13937044509520125	0.1567623163438443	0.19991659746945156	0.10806908811356963	True
14914d5ad9111f7ae968067024b7d86c1cc33d1ed94390876e5594e2b3c17abc	product_exact_summary	product-5x5	0.5278265812369717	positive	0.12700878010686528	0.10931556028355599	0.17406691774390065	0.1730709890113697	0.06475135746034466	0.08094657120236087	0.17722651628053432	0.0412291689547446	True
167bef1d316129d19b5e32c9d5938457442d9a86b529534e1a30a6784b9020c0	product_exact_summary	product-5x5	0.631895947914831	positive	0.10720202111661675	0.1374159215740366	0.17097616217077272	0.1701913217116966	0.04421272052153691	0.033560240596736124	0.17727817891148612	0.06420154290796909	True
16ba57eb5389f8a7ac932aef1329364fcb837ba795efc67d451718390fa091a2	product_exact_summary	product-5x5	0.2522476987000392	negative	-0.15607117856391386	0.02373009463448922	-0.16820450845881035	-0.16507974188585245	-0.14706261524197528	-0.14447441382432114	-0.1607723855361438	-0.13638023472097277	True
184caca8e3ec5311c4d05ad182989aeded334ccc176ce6eb7b8a26444cf7c32b	product_exact_summary	product-5x5	0.655212889166303	positive	0.1991114622570298	0.19741592485315174	0.28791948238058196	0.2894940626409155	0.11030344213347765	0.09207813778776375	0.2942758982661323	0.10941575926155744	True
1949d476cee2a9ea41741dae8c6282299cf41eb2c5c24a6882144b4bb501ff8b	product_exact_summary	product-5x5	0.7653921796782466	positive	0.21869134926073885	0.09240152352989772	0.2536248713858008	0.25212814742574174	0.18525455109573596	0.1612233478559031	0.2599862882854338	0.17677086797199493	True
1d3ff245b0c2599fe43d5cebcfd01112bdd153ea2216bd89c112a6f4a632e260	product_exact_summary	product-5x5	0.7645261080644602	positive	0.17643398947231437	0.1573873141486991	0.24081331152337515	0.2439709239058847	0.11205466742125358	0.0865836097571856	0.24976936703426977	0.1065006943425455	True
1d582c63e672e8c093430b1517d261c690355229385873798d1a7796f421e834	product_exact_summary	product-5x5	0.7203947439421375	positive	0.1782707385496452	0.08317019332140063	0.21179604844307376	0.20953131269293457	0.12862585512167313	0.14701016440635584	0.21669040886447288	0.09052416816319109	True
1db5c3982ff240491cd34781c881525aed2bf970f57b8f85d1f346ee62332d60	product_exact_summary	product-5x5	0.799252148637324	positive	0.18674526247572226	0.10874793031764218	0.23091425115698627	0.23190942595201547	0.14257627379445825	0.12316149563437329	0.23798142596551697	0.15313930265275932	True
1e4f7322a3f45fe40c29a1c4e64ac92687ff8c3f9244adf18cb76e08760562b3	product_exact_summary	product-5x5	0.49032734609950646	positive	0.10830508643484266	0.11901240106166822	0.16598221333615887	0.16626192202193651	0.050627959533526445	0.0472495209602683	0.16995640890761532	0.03181942271051752	True
1f2240e7b0df9ca766a11c145bbc42a57709c35fccde5c3d671961692e3b2879	product_exact_summary	product-5x5	0.060890739547170156	negative	-0.12886276609383268	0.19912201745707847	-0.22600541807207009	-0.23001371834921797	-0.03172011411559526	-0.030891700892139495	-0.22350343258819716	-0.029764931541000683	True
1fa840b0013f3bfeaf75e15c278cab8018e3f648cb2279052e9532bd93ba02e6	product_exact_summary	product-5x5	0.22801837942254302	negative	-0.11467188216290167	0.13771039455141426	-0.178357034147873	-0.1764490727438545	-0.052894691581948844	-0.04064663959645873	-0.17099303665314045	-0.04962608451560521	True
20455505c4e1dbee224122690292948cb643c261c1e67514549dd9e5f233413f	product_exact_summary	product-5x5	0.7642685047274448	positive	0.15437293388805634	0.14800297553678676	0.22636395389567876	0.22797461359088833	0.07997163805410157	0.08238191388043392	0.2346345217363287	0.1285349080082142	True
20be3c16c147acf388ca99fea84c507c75ffac010a6c24003fd1276f9335b91e	product_exact_summary	product-5x5	0.7474711490688295	positive	0.16917344504982004	0.19580269582523313	0.25620698784356616	0.2562087331494176	0.08213990225607393	0.06040603732418448	0.2619950306941562	0.0913867109836154	True
219831aac909aa0036fd97c9d778a14546c08058788cb2b68de34a8dfe9246da	product_exact_summary	product-5x5	0.4995012768565742	positive	0.11712599228420409	0.04166216524586175	0.1362270293889743	0.12992585390638767	0.10432613066202051	0.09456486414311255	0.14016071766842575	0.10516503019832879	True
24131579f85618e1009d360e71371cf391a143a9c247af7083d2285f2ede6ba8	product_exact_summary	product-5x5	0.4863978387553306	positive	0.13196188860115854	0.051872297319035476	0.15381668356528883	0.1516182783446018	0.11230549885771529	0.10194438624625335	0.15712182785044893	0.10444329900603411	True
2493405f9ceff6cd73098dee3f2f52c3e0e288a62f097c1eb2aa421b46714309	product_exact_summary	product-5x5	0.3170432731837428	negative	-0.13585712682998477	0.01582391219854734	-0.13587866153963812	-0.13583559212033142	-0.12068912319205732	-0.13651303539060466	-0.12978301275261717	-0.14145936321988223	True
2757de147fa73d69a0f27b80ee7921d5343eaef95747beb7e4a7e420770da8ae	product_exact_summary	product-5x5	0.43257272511768574	negative	-0.1079417178242913	0.05679717212911073	-0.08758873644706477	-0.08436746067221268	-0.12829469920151781	-0.1411646328013234	-0.07889255119940064	-0.1078866837717446	True
27c5ad06d53d99ad1924b758dd982a6c2f0a9ca81099d161d8b557ef31e04971	product_exact_summary	product-5x5	0.5963651931648727	positive	0.10537007062258577	0.008508087633438077	0.10657783831984413	0.11088455259423274	0.10237646496079467	0.10416230292532741	0.11672604210686394	0.09784161305126421	True
2a0887ce560b8eac5074c583829177693139109c3a19d705b91fe99db5cdcde8	product_exact_summary	product-5x5	0.5736039360654698	positive	0.12362367613022876	0.01424009291167977	0.12680413532897183	0.12765334208890944	0.11341324917722967	0.12044321693148569	0.13280399435848766	0.1181010929808865	True
2b811951dffcdfc6b6e24c27c1f5a76a4171672f2c20a3806d1aa6552eac07f7	product_exact_summary	product-5x5	0.18419755862647572	negative	-0.163319560863019	0.16455566386803722	-0.2394037675241367	-0.23802080866550993	-0.07484810365609948	-0.08861831306052806	-0.23216169870265155	-0.07390848347657883	True
2f525a9084ac1bae9220bf3c3c169771464996ea80c31a1f3ab4b5ef7019236c	product_exact_summary	product-5x5	0.18685079841185906	negative	-0.21029298376424382	0.20689140686030652	-0.3084569913616688	-0.3118058938404644	-0.1049144869801579	-0.1121289761668188	-0.3038002979389156	-0.11019055567985545	True
2ff754dce62f7c72b27e76cd7d900187f2c7aeacfb3eac112d961799bed2591c	product_exact_summary	product-5x5	0.6353185239552286	positive	0.12299036313780493	0.0861394005020425	0.16214361664868226	0.16348040934511188	0.07734100884306938	0.08383710962692759	0.169088468612615	0.08983983422090946	True
31eec0b3797f444bdfd7c3c58a54c257c273ffe4b7b3c38d4bbb3b9b899f92fa	product_exact_summary	product-5x5	0.602135896941265	positive	0.1790410030703268	0.10590636171416706	0.2086372213334602	0.21342599800652218	0.10751963629235511	0.14944478480719342	0.21782672036437722	0.1215437211359715	True
32ba2e352b3ec5c2ee997aac0fcb4b844ce9e0ce8e67f8311141cdbe54a5d297	product_exact_summary	product-5x5	0.7155289232793615	positive	0.21431167268520943	0.21037386515202733	0.3120288906864029	0.3149566884793688	0.11659445468401597	0.10458282332734148	0.3183295428065195	0.10094432593886415	True
33101c524203d032e1aafba19e148064c0898212eac11a1c73fdcec4dbba1ccc	product_exact_summary	product-5x5	0.3504271196691457	negative	-0.11743324609883182	0.014000250319963325	-0.12132951694529753	-0.12251725681158215	-0.11353697525236611	-0.10851700649161883	-0.11464544761982104	-0.11328694198385453	True
353bd41d367e3797c66c9b415a7af889bf9857436133b2b6a596253714649577	product_exact_summary	product-5x5	0.6992753036086435	positive	0.1648940624808356	0.20454185536964298	0.26122506118403077	0.2650241217828706	0.060482266413227626	0.06856306377764043	0.26940288150930053	0.08935139107790135	True
355273893e29390890082a26a9447e5f0d2dc55397c60bc7ddbe8eee3d0cbc91	product_exact_summary	product-5x5	0.6657971610174358	positive	0.12993091300463883	0.0401445855892808	0.1283650304450924	0.13149679556418525	0.14869316999505788	0.10854858440577708	0.1393439766481055	0.11206355271651192	True
362c0ae1187e5480afeff03f72bce834132d623bd8f9c6cdbaa86e1412abfbfa	product_exact_summary	product-5x5	0.3012412446659816	negative	-0.1428697251113031	0.11873023675455913	-0.19976810535493444	-0.1993987071922378	-0.08634074303036843	-0.08103786860037532	-0.19400718448495408	-0.0815919981954159	True
365b1b48c4260e46ff4c1c8d20639237e5ff07f6ef1d9cf1dd17389659f8ddbd	product_exact_summary	product-5x5	0.25713606753805957	negative	-0.12808247418658192	0.1342554307322587	-0.19154314277582513	-0.19339616326958736	-0.06462180559733871	-0.059140732537328655	-0.1868037674923601	-0.0711121589963642	True
36f7980d126e502d8a68740eb2573c758c4a8d0c60e00f561fdd171f96cf9685	product_exact_summary	product-5x5	0.2401177204756551	negative	-0.10065409095165753	0.07258622040243151	-0.13308744507388748	-0.1304886646824644	-0.060501224671455966	-0.07081951722085067	-0.1261622234839529	-0.056961416643469154	True
374bf1d9ff0a7818ddc235d65df7f358fafdee758cab700f008376a95ad6ad91	product_exact_summary	product-5x5	0.7333869221905548	positive	0.1872188548396329	0.1322179591870405	0.24956875663706335	0.2482173565480824	0.1262203531311834	0.11735079745002286	0.25603902845378657	0.14467456907792553	True
381088dbbbb9ad823469a1ebea3f2e2f378e5b406cfd4c4a86d2c18088034c74	product_exact_summary	product-5x5	0.3842629229404471	negative	-0.10716991567186426	0.032537331319679674	-0.09773551372796874	-0.09500164647947784	-0.11660431761575979	-0.12753897779915752	-0.08854130240870034	-0.09890825659992608	True
38acbcad88758cd44a6b97bcd6d4e4d1a75e2e155220731411e1f3821e8b5be7	product_exact_summary	product-5x5	0.21919678693906242	negative	-0.1025013974327509	0.16728445736557587	-0.1840660633808246	-0.18248848255502792	-0.016781606015248723	-0.022514312310473877	-0.17601327180111737	-0.015130234990165303	True
395a839286f2247099b38ebb962f2f35ea7b50a3f1bad4254de3cb71688c1c2e	product_exact_summary	product-5x5	0.3495051393354172	negative	-0.1533204272822411	0.13755139342316475	-0.22139441072132832	-0.22158575339686676	-0.08403435997370201	-0.08524644384315389	-0.21222271369351658	-0.07995287461315737	True
3bd1239c5ec7d351f6f1b6e45ddd5bcb2b2fa2209a455a51fff3f6333bd769f5	product_exact_summary	product-5x5	0.5963671299175353	positive	0.13701452590990196	0.022172209865706838	0.14581531629062572	0.14812790657248937	0.1282137355291782	0.12595569670678253	0.15294765394299714	0.11299954805964907	True
3de1c2bf541f11baa1a6c09f0b779d6e195e02b035fe2e4f00d6166e9e2d3c4b	product_exact_summary	product-5x5	0.71276715018112	positive	0.12441158384755474	0.13104356385446214	0.18385281168936563	0.1851726592469577	0.06497035600574386	0.05412909539249555	0.19032916840109027	0.061952962450448124	True
3fd4de236bd60e0ed9162853a3faead01d3558722ce2650d9d39831f47aeb62e	product_exact_summary	product-5x5	0.6553672319058529	positive	0.15376295611454313	0.10065065049098543	0.19643510855883162	0.1962016041783295	0.11132430805075677	0.09578445806784619	0.20257281485523493	0.10185416899450983	True
400d4a4e980e59320a07d4ffe2138449c4fb6c1135a7a0da1d02e519b1f982a6	product_exact_summary	product-5x5	0.2216131576709839	negative	-0.14151844520051196	0.10593067095163305	-0.18756437659564276	-0.19230161878479965	-0.09547251380538116	-0.0863709478331666	-0.18529182128491103	-0.08366013876866082	True
402ed8f6d9dc53a6995ef3341686f38999ad76edc273028afd56a1b64909a494	product_exact_summary	product-5x5	0.8044763122132804	positive	0.2228809835270209	0.16651425706275613	0.2970033942143885	0.2925615446677582	0.15320042238628362	0.13048913715163235	0.3039916435034138	0.15329944192897438	True
41182608b690fc787695a5c93c68047c65fad3cbf275c47cefde35380b8da9b5	product_exact_summary	product-5x5	0.7489752896962203	positive	0.19941787257847443	0.07634959464195579	0.2287223839217991	0.22979087038318302	0.17011336123514975	0.15344127574122723	0.23641243518622101	0.17529074284881174	True
41ca7983f1dc64b578e0679c2f458f07ac31d0e51779325d5c54c3afcda366bb	product_exact_summary	product-5x5	0.053060868794653354	negative	-0.10364588502423389	0.19849581498342853	-0.20481374559624713	-0.19467363360084122	-0.012618136447626563	-0.006317930612818601	-0.1967491047557701	-0.011921426567955043	True
42c1210481da97cf8600f07a6b0d544b486921f6dbdf64a2adb7dfb349dbf708	product_exact_summary	product-5x5	0.3720170485335259	negative	-0.1599403636778905	0.05860118323337482	-0.18231975001002332	-0.18407269682572192	-0.13756097734575767	-0.1254715135923471	-0.17311855174589597	-0.12091600364139404	True
44041ebe96d3527f38fa9a143547f851ca4da146a9a2746be9f5024015084c07	product_exact_summary	product-5x5	0.5538543446394408	positive	0.10669888514001857	0.02709023312072828	0.11687264397639019	0.12078621214973528	0.09652512630364696	0.093695979029007	0.12431303835507895	0.07521720779907842	True
44686a43550c38843cdecb1fc8bd6889437fd857315105cc3e41678bfd67e132	product_exact_summary	product-5x5	0.729583455444336	positive	0.12172752514379737	0.11932488798917085	0.1770519377282701	0.18049756780099868	0.061172679811827835	0.06640311255932463	0.1849023486060427	0.08065275967739371	True
44d97967fff2ff1b02f2ae1302d87ca41068b57dceffc0584178d3c222e23f1c	product_exact_summary	product-5x5	0.6801308688780714	positive	0.23915028848434794	0.10252597549436548	0.2828581316266229	0.28293507715827326	0.195442445342073	0.18040910166390778	0.288733959213237	0.18692171037009886	True
45692b281cbf0689175f0edfced978985aaedea48c5393b22c5c4f897fe6fdbf	product_exact_summary	product-5x5	0.571547965584905	positive	0.13902447756947017	0.060307697530883664	0.16038925775929763	0.1650434168443965	0.11765969737964271	0.10473571931351283	0.1671783114806925	0.09181713855490997	True
47160012abc00c275b9f9fe011137d34749fb4234ffbf3187fc3abf08caba20c	product_exact_summary	product-5x5	0.42482113126765586	negative	-0.1262221485594897	0.10255429207331501	-0.08212122347225725	-0.08188713775047252	-0.18444142982378753	-0.17032307364672217	-0.075867734579811	-0.16238888379989824	True
484a43266e54e50b6dc9fc0f4bdb4ac188ab90f4e4c5a87659576f3b9bdbe1ab	product_exact_summary	product-5x5	0.239619817574373	negative	-0.1108413948290711	0.16677931576325933	-0.19146680253409998	-0.1934408823317415	-0.03021598712404222	-0.026661566568482176	-0.18588135769108388	-0.02286254991575154	True
484b0fd3bd894bdf1620f14cf6e2dc0205c28171290dc9db59d1fe2966ab6697	product_exact_summary	product-5x5	0.35978765844506644	negative	-0.1359430921186579	0.06158261650714264	-0.1195789118591325	-0.11914324976571261	-0.1523072723781833	-0.18072586627285525	-0.11380825850179	-0.17345156328956213	True
48cfaa590062635010f83d172c82ad863f955cf94e0196e226577ee306ca9006	product_exact_summary	product-5x5	0.24458559735605345	negative	-0.12000149581031377	0.19759473177875236	-0.2148098951345786	-0.21207153060208161	-0.027931461018545933	-0.017215163355826235	-0.2073688498853492	-0.027119598213758533	True
4a47ca53154ee816b703247497732667ff92a686af529b67155a1be721946501	product_exact_summary	product-5x5	0.2792035948616462	negative	-0.14115375928966328	0.1269844324362605	-0.09573429875838374	-0.09563465432135476	-0.18657321982094283	-0.22261908675761527	-0.0907130182440567	-0.21113272080021672	True
4a659b68b2e6f8f5fe781fd34673c1a42eeaff20c455c90c1cc0a270c5a46913	product_exact_summary	product-5x5	0.557704016021118	positive	0.11856854918299331	0.16821763705844262	0.19743791508647002	0.20073746078439825	0.0396991832795166	0.03251982372595563	0.2051610517544709	0.02443597251773766	True
4e2cc0a8733e1aa8435fc9b57192adfd18f673637ca367f4e1b1308a04dfb50e	product_exact_summary	product-5x5	0.44873814582098404	negative	-0.11003306866895735	0.09062023044470979	-0.079170375140169	-0.07776013558815753	-0.1408957621977457	-0.16838036603286732	-0.07175482078970707	-0.13320560485933464	True
4e9f446002fde6c275ff6a82f3fe7d04772904abef6b2db15100d21607719a2e	product_exact_summary	product-5x5	0.7630626294583688	positive	0.23367006356601636	0.18095242655482924	0.31759770281828453	0.3235929846024256	0.14974242431374818	0.14264055804759634	0.3265349271196681	0.15907667920858148	True
5063ee5ec490cb32fd9a016667ab2dd0042694305d315c7c13a3aea6639834d5	product_exact_summary	product-5x5	0.7414672873235888	positive	0.17787799457808307	0.12824446030283254	0.23793752380309208	0.24240207444443884	0.11781846535307405	0.1141576141416063	0.24792464276815118	0.13705114144127195	True
51205536db054c49880ece78a01a0b5ec79f8e0a6c27cc555a7877e30b33e2b7	product_exact_summary	product-5x5	0.32106452113643225	negative	-0.10339327456718159	0.029800372074517634	-0.11852026627233375	-0.11607081949929038	-0.08871989419781612	-0.0907157296350728	-0.11291437715094643	-0.09099780186927364	True
513f27549d8ef29d01ed8d5c5bba56476e31cb058d08c3a40dbc4646f7f2faa6	product_exact_summary	product-5x5	0.09840387081510858	negative	-0.10230040415539504	0.10653195382058038	-0.15408389150007024	-0.15331212363871222	-0.05128868467207788	-0.047551937679489856	-0.15165143095380063	-0.046433095474459105	True
522d27f571c6467f4b5c530780f434b6e3e12dbdfcaad488539e108556fbe40a	product_exact_summary	product-5x5	0.6477012171258102	positive	0.13111560496298955	0.1773560218289873	0.2130562306596971	0.21412412962956012	0.049174979266282004	0.036768107800572825	0.21983424362807213	0.04721809511676711	True
52575ae9b62c670f5150be3709a0bcc419571bbdc176aae8ae04d13f00b9627a	product_exact_summary	product-5x5	0.720693407724836	positive	0.13546012678286523	0.08577571751569169	0.17214743421817313	0.17448640655437597	0.09877281934755733	0.08871068903868429	0.1809848639531798	0.1275584229167247	True
53f3da81a20f583c3cd0eb7da02836485c359b6863acc6680f3d65c79dff5e4b	product_exact_summary	product-5x5	0.7077407482686484	positive	0.15125711240546819	0.19317646718157555	0.2529832327492021	0.23336307243809773	0.06915115237283864	0.05980676556762654	0.256723519146165	0.00550956878564457	True
552ad0d7b0ae9a31bf95a084f862c93f0fd74a1307914cd6fe704bb4f5309982	product_exact_summary	product-5x5	0.5127698747992078	positive	0.13469517808478282	0.08834872588797582	0.1695176035922349	0.1716086477448534	0.08325992185687758	0.09987275257733075	0.1745636683123979	0.07412169641838096	True
55e60deef3cc9f3581afb66c24bdeff38175e633aabcbd0234720146252119d6	product_exact_summary	product-5x5	0.7752876638930474	positive	0.20257925324316767	0.031220293365388674	0.20158632414873823	0.20359089899737948	0.2035721823375971	0.1723706056319908	0.20963508528120733	0.1742831872859837	True
567479d9baa0b550186518907ff35b7dc5b6bfe35de357addde9c5d89bbfd6f4	product_exact_summary	product-5x5	0.11563910299349266	negative	-0.18551687882686982	0.3698291434546046	-0.36002980947504726	-0.36989013841024954	-6.0994955644946836e-05	-0.011003948178692394	-0.3660191589780232	-0.011404187867306223	True
57947ba083b21d6d99721856f981e0706dbb673173f08626b92ab52c6f3ffa9c	product_exact_summary	product-5x5	0.7051291303479567	positive	0.11471087494919852	0.11369402080437951	0.17129839171917194	0.16978816640337102	0.05963358349502601	0.057604370914792424	0.17839189556969004	0.055063839292550654	True
58d5bab5d9149dfcf3b6c3174c53d978be54525b7e72240fc823d57b1db6bd99	product_exact_summary	product-5x5	0.1879897140958263	negative	-0.1716151443005624	0.013340318480233482	-0.17576275578430392	-0.17727222033815251	-0.1674675328168209	-0.16393190185791903	-0.17106467758611535	-0.16062720684270296	True
593462b955cb619fe230c1109bb477e19f2cf782d581ee1b5af510924c0810fb	product_exact_summary	product-5x5	0.1599470352592801	negative	-0.2220729635279395	0.11016968547583905	-0.2762425121405711	-0.27579517865006425	-0.16607282666473205	-0.16835074840581477	-0.2705010714578312	-0.15710253059636908	True
5b4d40ce7d549e505947dfad23f6065b3fe246901ddbb2a78d30f12a4b9e3681	product_exact_summary	product-5x5	0.39738803278700696	negative	-0.11818409473545177	0.01151652563418748	-0.11814308389902972	-0.11822510557187382	-0.11868751620677687	-0.10717099057258939	-0.11287552983738447	-0.11810673235298219	True
5ed3862add2620c205f555bb2fa8997f32e83aa09fec7fae4faf46b55a2ad8e4	product_exact_summary	product-5x5	0.3012147116397964	negative	-0.1471311277257339	0.10050829617312967	-0.19483800176838406	-0.19661310468808363	-0.09610480851495395	-0.09942425368308372	-0.18908332087429214	-0.09711039667487714	True
5f903c7bfdc95c8509ef6b7e6f8fd56a8b4c075294009733be806ebd5e463307	product_exact_summary	product-5x5	0.1394193862276957	negative	-0.10395843006047029	0.010212549232844453	-0.10901650150107753	-0.10806991908197769	-0.09880395226823308	-0.09984694103896288	-0.10428513700877698	-0.08635517506650436	True
5f952d6dbe8f77034bc840b1665012486ddfa52373789642b19c9b3e38d8df32	product_exact_summary	product-5x5	0.581648961252451	positive	0.10277031722578084	0.1582913673746978	0.1736628170645691	0.17495545086048842	0.016664083485790626	0.03187781738699258	0.17952468414149647	0.021323778972999308	True
613285a6acb9d7e41b71d5579af725d611a1cce5eb14c7d4f1b6a66bdac6ebd7	product_exact_summary	product-5x5	0.7668453740308955	positive	0.16500405785878397	0.09516000405597214	0.20258237904835952	0.20224628509312703	0.10742237499238738	0.1277618306244409	0.2104016443458364	0.15577291498927215	True
61b2f6d869513b23c8a374f542ad3bd250f6e9991aef691fe7af8a17137b8cbb	product_exact_summary	product-5x5	0.38230621831266925	negative	-0.14088285997013383	0.010814356174311257	-0.14165915210387242	-0.14946293999873478	-0.13864858382442352	-0.14010656783639525	-0.1354518683138664	-0.09209086346052758	True
624ca3d7e0849c965b50b4082b2e31bc16c3df3f18fb2750eeda5e974e3c3d0b	product_exact_summary	product-5x5	0.12097682915802734	negative	-0.11855819973872386	0.22119022912140374	-0.228083146220331	-0.2255021503259445	-0.00689291709892724	-0.011614249151503206	-0.221363149222581	-0.01758838729805147	True
629401bd70dfae3e4e989ad506002d4b9f99da89cf180d9bac4f235caab71ec1	product_exact_summary	product-5x5	0.6748220140803384	positive	0.18681302272983785	0.01633671770834949	0.18860460507752685	0.19143427140856112	0.17509755370021163	0.18502144038214885	0.1960211977307052	0.17080869215532724	True
64d0b9deeaa6d0ba94e2239e567630cfbe1411d047fe669ac1aa24c01442359d	product_exact_summary	product-5x5	0.730617078032232	positive	0.13145639471093468	0.12913514110610746	0.19347477104391964	0.19673393988270682	0.06943801837794972	0.06759879877659936	0.2008117060655098	0.06665167653573112	True
66e7e327431749965f3f6db03688b1a116015b0a15738276147c9d7dac7df8b0	product_exact_summary	product-5x5	0.713163991600359	positive	0.12918192688502012	0.14759519930277176	0.20251856342328411	0.19665034559683858	0.06171350817320165	0.05492336412051235	0.21241620195558997	0.07727485846780224	True
67e602ea6ee564a556b72537515bdf5c5694e1d82e9960c2de64a51fffa30297	product_exact_summary	product-5x5	0.0315523597125281	negative	-0.11317217457942359	0.22480252887619012	-0.2207681419634003	-0.22568881448043884	-0.005576207195446881	-0.0008862856042487349	-0.21887059675754653	-0.00018463129112261667	True
68bc8ba76b70530116b296a5888f5fba38a0cc65749db7db9547a4f6670a7049	product_exact_summary	product-5x5	0.6459986332007105	positive	0.16439692830161956	0.059454758007199904	0.19012010998641626	0.18873357054939943	0.1400602860538397	0.13066535197921636	0.19496254491204468	0.12319359663130991	True
69e53eec52cb3176218e58feb042e4acef62ee7117e516c4e5840e0d259908a7	product_exact_summary	product-5x5	0.362631495300617	negative	-0.13330109886825406	0.03505592800497742	-0.14965875553525698	-0.14710589139706254	-0.11949630633944558	-0.11460282753027956	-0.14175939842699525	-0.10401986956888504	True
6be41391ad1d80bdcce3eee7e719fbfab2344e6e197545138c0e6602a3dd513a	product_exact_summary	product-5x5	0.6947746761913243	positive	0.10904414372485183	0.12373261264476043	0.16904749975256572	0.1689816129127304	0.04910667453697326	0.04531488710780529	0.17615360502782962	0.07995182762734465	True
6e2dad02d23779c492de17003f96da7b180017e4d5f2fef0808a8428978a4295	product_exact_summary	product-5x5	0.7204410032325643	positive	0.14086065965498734	0.12140600069331464	0.2011418834970845	0.20170213641530055	0.0802961357219859	0.08057943581289018	0.20697605259649499	0.0884774561264493	True
6e9497bffebeaaacf9976da00e1ce0da418d8ca5d4e14452ff1062043ef19a9b	product_exact_summary	product-5x5	0.15353570724149157	negative	-0.10196286877354481	0.0828782954507615	-0.14394353348934502	-0.14268973209715213	-0.06106523803858352	-0.061236005449937486	-0.13928920421502516	-0.05806051976030746	True
71f370733ad9ad293c1633af32c421b5af18b53f8227cf73959f5f7d3450c43d	product_exact_summary	product-5x5	0.7464293113561999	positive	0.2256077061352852	0.18504644210607424	0.3070935672361267	0.31229600928258383	0.1272495671765096	0.1441218450344437	0.31398515226092016	0.12637152709114396	True
7221279dc7aac7f29416394477609dc83c8baf542026fa55ad017033671450be	product_exact_summary	product-5x5	0.41201553352585335	negative	-0.14392155732581136	0.024899293518106824	-0.13992838808821956	-0.13723916068261105	-0.16213845420071787	-0.14791472656340315	-0.1323259674122847	-0.15023299528438389	True
7276c380134ddcae0775b476c0c7cbb4b1147efb8fcc842e4e25a13e0729f741	product_exact_summary	product-5x5	0.6059628909380306	positive	0.11630133901981704	0.03653729267396194	0.12885818528735754	0.1257006741946297	0.10690200384500437	0.0923208926133956	0.13430003816455383	0.08114276986706681	True
7285b59192ef1008dda359c1677b4cc06d35a4489cd2f0e2dac4b5558aa3c6ce	product_exact_summary	product-5x5	0.21613819798845654	negative	-0.11118430540837082	0.14833996667040011	-0.18314759104227588	-0.18025693675375157	-0.04211167406299007	-0.03480762437187576	-0.1748954554266032	-0.029669931343815487	True
72acdcbe669d56fba91b27e2238cf9ce3e991ee31f606040f2645ea517bf3989	product_exact_summary	product-5x5	0.6990029499543992	positive	0.1434692257648723	0.0481305888632223	0.1643982419031772	0.16383420403887072	0.1231042474908739	0.1162676530399549	0.17087559321436008	0.12242575586663906	True
73a05f2f1b53e50f31b6136b93fd651444185bd638bbb8c7b5bf8ae892d20c2d	product_exact_summary	product-5x5	0.6299874677850305	positive	0.18857088820275392	0.10734185288529091	0.2348750215296026	0.23768883708782945	0.14226675487590523	0.13034698420253854	0.24318636127579402	0.12787600461522686	True
73d8f1943d4002123c49f71e1e03aae7bbf998eb8efa15e3d38d52d5851db233	product_exact_summary	product-5x5	0.5354595712332805	positive	0.11456948466742717	0.03534573251350026	0.12336859075099216	0.1280654250071922	0.09271969249369194	0.10577037858386218	0.13158879220388103	0.07762105879051134	True
740ef15aad32fc1f55fe7002e755bd2ffae3757921aa62631cbfea49f2642faa	product_exact_summary	product-5x5	0.41642429998896213	negative	-0.1370550667282946	0.1630753229393967	-0.05995305622575475	-0.05784089652580432	-0.21415707723083444	-0.220916219465201	-0.05077154827703523	-0.2085762334978032	True
748986f20077b0e40d636ad46f046c51cf186a17b084f455a155751b4da2685d	product_exact_summary	product-5x5	0.19775854028520284	negative	-0.13409139986920324	0.10645846609632215	-0.1885483887441572	-0.18514480067493977	-0.08208992264783505	-0.0830379990634667	-0.18048237427238822	-0.0723333375265951	True
74af6abbfbd4d6fb2ca0f168a6bfb2a2f9bfd87c4b1824d885c9036c9eafc938	product_exact_summary	product-5x5	0.5214291471252089	positive	0.10628676404981194	0.08224881442663723	0.14683897666446133	0.14498854212971352	0.06758498596991036	0.0645901622378241	0.14968990111788327	0.07941028920968723	True
756a3b5f3baf157b3e4afb46cc3f82e043646fd960d4d2621fcd86f6c153fd3a	product_exact_summary	product-5x5	0.7795121141447494	positive	0.15841138816407235	0.05954207193052696	0.1842120929764801	0.18642906601053855	0.1326106833516646	0.12688699408001158	0.19304354945356783	0.12651299310113906	True
789e2a7760dbfb0e5dea883245e6beaf73ae7353e1a626c566da9df1f2c3a8a9	product_exact_summary	product-5x5	0.21622576250628373	negative	-0.1544439329401634	0.1978002773803781	-0.24778906145472163	-0.2461097899032913	-0.0627780759770355	-0.04998878407434354	-0.24024574286017963	-0.07244871011804427	True
792a261ceed31d1ef44d845b4ac1e90f65fe4224b504efc1be53df29c644eb93	product_exact_summary	product-5x5	0.6052695852750368	positive	0.11903047826497895	0.03841939750012019	0.1332174831917063	0.13459859976239535	0.10484347333825161	0.09617920226227517	0.14089140875881823	0.0966715162495575	True
7941d09b99fefef570dfbca802a48f609b7b2a495410598a7fabd6a572cfe612	product_exact_summary	product-5x5	0.3084617734221886	negative	-0.16214676565756458	0.13966578123315665	-0.23313508401906313	-0.23068621429513358	-0.09346930278590648	-0.09360731701999558	-0.22601485500975094	-0.07822244272112022	True
7ab96a3428f80f468dff5748dac9b8a02c7e3cc866dcb17101ee418c4e4a5e5e	product_exact_summary	product-5x5	0.16428116986601693	negative	-0.17508068664644583	0.16897499101864716	-0.260152416748859	-0.25702809086069944	-0.09313328243219221	-0.09117742573021181	-0.25541831734324827	-0.08715555952792176	True
7c829bf6caf4d66be2302a540605984f25ab46cc85766d14221c884f44633975	product_exact_summary	product-5x5	0.05627594302498028	negative	-0.18039320668820144	0.3176225009106016	-0.33056471102454094	-0.3444672625756067	-0.030221702351861945	-0.02684476166500513	-0.34385084359297136	-0.017790458877476642	True
7ce5bbc92df2785fe495c8b8a7b3349ea367686e58ef556347b56cd053d32c4a	product_exact_summary	product-5x5	0.3037198515559016	negative	-0.1103099404960429	0.034945500559128984	-0.09297606177841294	-0.09646927520268139	-0.12792156233754193	-0.1241506057894044	-0.08581155376283955	-0.1403226895184071	True
7d870364894cc3aa541bca50eb6a5123c53967655d47532575e5f3278759210b	product_exact_summary	product-5x5	0.7096470673452936	positive	0.2005811142264179	0.13184453592764445	0.2532067462045461	0.2533551640528673	0.12151062812522284	0.1479554822482897	0.2581882816497869	0.13834112537999865	True
7dd5f7960f281689023f4c04afcc441890453ba91d8bfd1449c5c17fff0ed81e	product_exact_summary	product-5x5	0.21944909814339586	negative	-0.10066666976723279	0.11505374947480257	-0.15583134006671678	-0.15659946020039472	-0.0455019994677488	-0.041545710725592155	-0.1515522231719117	-0.03044459829603835	True
7de4630b75cb24374799c05d263e598f4d2642ccf6ac2ca728d435fe055a3a3f	product_exact_summary	product-5x5	0.3771902085624566	positive	0.11424501783561339	0.061399904709933006	0.13843579649640564	0.13766397440746947	0.07703589178647263	0.09082606126375731	0.14515361515546515	0.09409665782123844	True
7f0477f1ed500e1ebbff09631ec25f83f6957c8629b390a1ba7341e393cf94d7	product_exact_summary	product-5x5	0.638379991780355	positive	0.20708245513593124	0.06446206870669458	0.2322075555365829	0.23421203480945096	0.18195735473527958	0.1697499661027564	0.2413423812270924	0.16752800374934695	True
805bf2921a0b735a2979c9967ffa52d3afd2f0da78af3a4813b7ff06e30d0ad5	product_exact_summary	product-5x5	0.5613927530089771	positive	0.15784167649411487	0.1078657811255459	0.2044156080159341	0.20197205181280597	0.09654982689038821	0.11371130117542377	0.2078867208035119	0.1159793891150247	True
8106ac38a24fd8ef8e95643314706725719a7be8b69e28a9708a77a52036bedb	product_exact_summary	product-5x5	0.5855994084939438	positive	0.202276302407115	0.1694436938720244	0.2823687296158353	0.2870242311285856	0.1175805372565612	0.12218387519839469	0.2874324214994613	0.14077261213524966	True
8170b045516110fe97d702661663730c2b6ad346219615f43cebaadf8f6c6e83	product_exact_summary	product-5x5	0.2344632329995451	negative	-0.12820209708546618	0.10138754761032193	-0.17906712696082192	-0.17765085004608847	-0.07767957935049999	-0.07875334412484389	-0.173373661568438	-0.08510113368388475	True
840189b0ba658ff6af6b19f6a92a67f03ab344ed7ff18bf5f549886cca0021f8	product_exact_summary	product-5x5	0.4344205531380041	positive	0.1156709097639502	0.09445522617120267	0.1601669786718175	0.15940540941460407	0.07193641011329632	0.06571175250061484	0.163811759239805	0.06983084417330498	True
84f472f775cc2d1162ae2baee1c2f3307e2e7e35c32f7b90517356e8308ff84c	product_exact_summary	product-5x5	0.6267339700040448	positive	0.10466872958425108	0.1390004625299034	0.17058680661706666	0.17406706267734984	0.038750652551435505	0.03506660014744645	0.1782551078292105	0.04304280884160361	True
8547f55d2cd3d94f989b0d18cbf4ed96f05639172b05081aba1daac0989e9e6f	product_exact_summary	product-5x5	0.2618145421471349	negative	-0.1832314708193001	0.29924602411722295	-0.3307824020948627	-0.33347840944150137	-0.03568053954373751	-0.034232385324278414	-0.3244499850623755	-0.043148554396311045	True
87d85467b5cb1d4590ce60843e719ea91d8b6d5d0c87bb15301a30286f9c8fea	product_exact_summary	product-5x5	0.804944954189425	positive	0.22015007877962156	0.04731107352669872	0.2277545184128148	0.2323275677915635	0.18501649426486477	0.21254563914642832	0.23563379599161005	0.20819605845585853	True
88c5a9438d4bf2e30a686c6ac68905e48f242bb0606004504aae1ae7a4634416	product_exact_summary	product-5x5	0.7814829016928524	positive	0.1828051350691801	0.1451141853635306	0.2346686339336035	0.22629452826958663	0.1393157418687736	0.08955444857007289	0.24127576094250358	0.14040255471645102	True
894d9e574a7d09c526829e389434cb719d519ae5a5705a7646594598cc78969c	product_exact_summary	product-5x5	0.6461747518552446	positive	0.13041170812813643	0.07334875192377588	0.16336400827095215	0.1648271809921923	0.09147842906841641	0.09745940798532071	0.1713669440990443	0.09241325653352306	True
896738df358f6edd9db25fbca5e6c6c0c088f53b1808383c3917b81bce4e909e	product_exact_summary	product-5x5	0.41027170707635063	negative	-0.14584390396431274	0.13285153818180528	-0.09145699277771069	-0.09614648913711699	-0.1955413187915085	-0.22430853095951597	-0.08506938634802186	-0.17713071296462324	True
8a7f1ce9da1be1c9e0eaa8bfcef3e8b6f3e8274d47c558fd7dc0b927a4da26cc	product_exact_summary	product-5x5	0.7503063932953963	positive	0.1373152708607649	0.11295931704769668	0.18822499668080916	0.19159344561897318	0.0786341285712765	0.08640554504072062	0.19742834784628904	0.0862937748797411	True
8b8e0dd0dac6fd9220202c04c8e9864245368b210029152340389ed042c28da8	product_exact_summary	product-5x5	0.15535179568578203	negative	-0.2178534294219579	0.11977000839738797	-0.27160953760664175	-0.2739841671159633	-0.15421415871857533	-0.16409732123727402	-0.2678971689101013	-0.15282289846404126	True
8c3543e3b817687d08bc867c696c85fc73ce5e75adc2b7749e584a1ebe6e3961	product_exact_summary	product-5x5	0.7573192574564607	positive	0.1690525689008039	0.14131197651787109	0.22579534167611726	0.22264013835120622	0.11546499945040156	0.08448336515824617	0.23432701798178002	0.12052286981649396	True
8f588bbcee7792e8daefc8b7aaabacd05adfde911129ababea56d2bf5627d152	product_exact_summary	product-5x5	0.7429719451689707	positive	0.12949388178730598	0.09262155330777044	0.1713927231848551	0.1704417303911887	0.07877116987708466	0.08854603318342325	0.17664640798807718	0.09416689232930009	True
8f5b361f63766878884ee0172fda518f3a037717e009c78cf9b6988f13839acc	product_exact_summary	product-5x5	0.2711207346564289	negative	-0.16262180826481062	0.06213663888082055	-0.18852458344840378	-0.19135928237708838	-0.12922264349626783	-0.13671903308121747	-0.1842747044970014	-0.13629582376388472	True
8fe026e20d08e78e9a37656c06e68d133eeb5b24b1bd4376c029fdc231afc0b4	product_exact_summary	product-5x5	0.7560119043468448	positive	0.18110640293925925	0.18028035509504953	0.27145197752889044	0.26370536475678213	0.09850744112173637	0.09117162243384092	0.2766570466643534	0.12240925571274852	True
9056afbf82378f9058b5472ce81eb111a39c68717485be74d80207087b1a3e2e	product_exact_summary	product-5x5	0.55951981442133	positive	0.15153259015023407	0.044589451409728864	0.1646987383698852	0.16589875951032756	0.13836644193058295	0.1213093081005987	0.17192821129123537	0.12100993444218933	True
90db1c7e35369e07d3b04fef75cca452650d79448d772cca2112da30817e2ad7	product_exact_summary	product-5x5	0.693272848459948	positive	0.14208637199902446	0.13294590552608454	0.20524167594029208	0.20383562793683185	0.08033711606121707	0.07229577041420754	0.2119881903818822	0.08309087750282618	True
90e319744b0f0ab68d580a207293605196607dc53a2f00b8088f370b539611da	product_exact_summary	product-5x5	0.3275908778222356	negative	-0.11914969732788566	0.022116013266856527	-0.1289177144005016	-0.12817036568117607	-0.11012902897459526	-0.10680170113364507	-0.12178577340089425	-0.12759060148738177	True
90f0ad1c9e798495b3d1108c6145a6619fb2d9877d677ab9f99cfcf8faa6a8fb	product_exact_summary	product-5x5	0.6653632212751882	positive	0.1460182083345341	0.048128538501962415	0.1530695708237576	0.15213793840400636	0.10494103232179519	0.13989847826506185	0.1599110861810772	0.10220342516439507	True
914d31196e732158afc79934d173ef6171dabc94369a8988fb2c09014fc14600	product_exact_summary	product-5x5	0.4442239730885512	positive	0.11091976175493895	0.0743579104375452	0.14542422975292157	0.14393849079580823	0.07106631931537638	0.07790103271406967	0.14824287863851537	0.07630430495648832	True
91f7495b53aaaa47d70e2331bc4c2cc14c12d242c770ee2c122ed03fb0f6269a	product_exact_summary	product-5x5	0.3908133959634012	negative	-0.12941204364299647	0.05062392140541444	-0.14242985459953722	-0.14009204296955563	-0.1187320443164373	-0.09180593319412278	-0.135806022556559	-0.09404758873607677	True
96f843f9243a806351da969772dea935fec27161bd02ec4824cbb08e567c2c7f	product_exact_summary	product-5x5	0.09518731002069906	negative	-0.10039348418687874	0.16582636152291574	-0.18265219197990767	-0.1804324364324294	-0.016825830456991916	-0.020354531941328094	-0.17796102857527307	-0.01985844772988353	True
97108f25a6aecc294642ce7c10b7ad7a063e2ceeaa179cba081f9fd4926460aa	product_exact_summary	product-5x5	0.7164925730568269	positive	0.14724400227226647	0.09795316567618995	0.17421192928080498	0.17627652529947946	0.07832335962328951	0.12027607526372797	0.1822987125084592	0.10293258790121096	True
99d0b21a294d99b44d1f49ed47c7cdd3214a1ccf506f2bd3319593c875c556db	product_exact_summary	product-5x5	0.5055423105500996	positive	0.10032610570411066	0.0417182902863667	0.08292883050810773	0.080224455130396	0.11772338090011358	0.1219427454167627	0.0880052741116909	0.11524615934011567	True
99d2a58f60c973a617ea8b8ca5c220f20e0eddca499ca8f0c71c859ebae24bf1	product_exact_summary	product-5x5	0.43933648758523197	negative	-0.1294846593314503	0.11814434368178373	-0.0721110747197386	-0.07188912421730614	-0.18685824394316203	-0.19003346789908987	-0.06552942316461524	-0.1808905533991026	True
9b24fa8eb34ea1b4e23f943a1d3f7f51ec6d31c9d3229443b1f6d18219aed1ca	product_exact_summary	product-5x5	0.671574932301132	positive	0.1296203644835151	0.1627347274854961	0.20315589787650257	0.20435767781334158	0.05608483109052764	0.041622950327845465	0.21013569990847797	0.04852379084734548	True
9e5f5e10d2267df75754cd0255bb9db7c9c6cde4cb48ed4e339c5f584ce22147	product_exact_summary	product-5x5	0.7428005983820121	positive	0.20014950148650518	0.10432253998716046	0.23994935310585697	0.24705588573904447	0.142733345751884	0.1603496498671534	0.24994345549164715	0.1451139807480275	True
a2bc973d9cb1b0557f97429b34375c96f1fa5963e66878ad49ba5064bf589094	product_exact_summary	product-5x5	0.43928150822816453	negative	-0.1075822641259217	0.014475616545796766	-0.11434099023863847	-0.11131270880795102	-0.10385181944389238	-0.09986537369284171	-0.10604496248457779	-0.10858153505914464	True
a2d4aabe17062c5bc392d8a05ef16c574e284daf285d6d154f3908d34a28b95b	product_exact_summary	product-5x5	0.6355752881987025	positive	0.15684734246848422	0.12623424380471798	0.21710860648808267	0.21491981459156556	0.09087436268336468	0.09877487034540289	0.225251289124764	0.10903118777249121	True
a4e27a8f04085a33dc1ef43cc3d11b9128d090dc8a388b38bfc6f1999f2a7024	product_exact_summary	product-5x5	0.44926926163425324	negative	-0.10621873788211594	0.16692194616847067	-0.03579551830086042	-0.04218474826867241	-0.2027174644693311	-0.17025272749555947	-0.026857097434765054	-0.18412457844442826	True
a55369f762b37036568a73e9bac6dd6a29ca01bc92604184d7a4c8b418c76771	product_exact_summary	product-5x5	0.273154028737753	negative	-0.15537732884127325	0.009283693430371942	-0.15442285527220856	-0.15220726077949331	-0.15633180241033795	-0.16149095420986526	-0.14489668406381484	-0.167225943102365	True
a58ceb084499ffa313d5c6347b5a90d5b43115c963d3f268bbd19928a46d0329	product_exact_summary	product-5x5	0.6424383773719459	positive	0.1101907388643189	0.1290761582147123	0.17322608036737352	0.17260546682219013	0.044149922152661225	0.047776010906447675	0.1779635927615253	0.036349644096994704	True
a87935c23fc9b965aac6728403cef274ee8179ba2e00f1b1d0c4b05658fdcade	product_exact_summary	product-5x5	0.29050335474896705	negative	-0.12974243797133797	0.06999593872040327	-0.16143903006566085	-0.15874283998166983	-0.10074203596100612	-0.09144309134525758	-0.15265766116173196	-0.09288971263635498	True
ab41171aeb983e4459d0a66b5c3383897ae7c94199c0c01399d1a276823a3af0	product_exact_summary	product-5x5	0.19896466474803437	negative	-0.11571735071218653	0.14530565069539092	-0.18381247454579885	-0.1848152405563187	-0.039509589860927785	-0.0476222268785742	-0.17950537936700978	-0.03863180214720205	True
ac73f19778a72e112928e048abfda0e5b40ebbc7061333d17c18f7b8873c84ef	product_exact_summary	product-5x5	0.5355571637457127	positive	0.11629951040672218	0.06037919699895261	0.1382857236598628	0.14053811522536597	0.08015891822641336	0.09431329715358155	0.1460985572827153	0.07224211024729049	True
af5b9a57037988c197c8dacd0e23fb05c878fc03a9720fdee5802e9ac6a6a403	product_exact_summary	product-5x5	0.6006494322692959	positive	0.13691442243052726	0.06054707413705385	0.16078892780727871	0.1632876007059993	0.10274052656894544	0.1130399170537758	0.16936038440594103	0.09735847727528912	True
b147974814e475bff5f277cdea416a9550b8168b8e7fcd082ae679912a041ea0	product_exact_summary	product-5x5	0.22954176064189477	negative	-0.1434773857138942	0.18642431083567806	-0.2213613011020821	-0.2192220900080988	-0.03493699026640404	-0.0677326814196896	-0.21360872914028498	-0.0648173547738469	True
b15055c14995adb3dbbbab789a06a6a29dd2e8917106bb03252bfbf3b04649e5	product_exact_summary	product-5x5	0.5317728847856222	positive	0.12975876253890678	0.11284073806116246	0.18204143855053478	0.18018346907409233	0.07933405600372123	0.06920070048937232	0.18620875686272992	0.06553647242772537	True
b167926c348b264e47cd7cde6ae72a2f9736f8f248cb745d1d6048b7f6de81e6	product_exact_summary	product-5x5	0.45551574710149934	negative	-0.1346858421674637	0.13396937600287417	-0.07549756782710582	-0.07443301023542381	-0.1938741165078216	-0.208402386238298	-0.06641563888080781	-0.20687328236880098	True
b1a875c642cccec49703e284b3d912daab6b9d23c1cbd4ec4e0bc80fe54ac0ea	product_exact_summary	product-5x5	0.34410939015300107	negative	-0.12755531848649287	0.08869015311754957	-0.0911385601766605	-0.08730297873394838	-0.16397207679632525	-0.17599313185149795	-0.08092465651016689	-0.15997469358320554	True
b20b15de23f917c197ad5d1183a5133d389cd23d101ae712edecf5ed0c1146d0	product_exact_summary	product-5x5	0.7795379158876371	positive	0.1568955813055376	0.14191783973989847	0.22102348024712526	0.21612165572546915	0.09766950688560605	0.0791056405072268	0.2291099701774234	0.11878976614957704	True
b4db1f9c8bb6b8e320596964822018cc2de8c67ae558f531dc937c0f6ef24b49	product_exact_summary	product-5x5	0.7571917775528394	positive	0.16709891699311186	0.0897742328809562	0.19809426575721845	0.20013532143472346	0.13610356822900527	0.11036108855376725	0.2055682377767546	0.09845072809800837	True
b516c2e2f13928e42e943e51789cef348fbcab682acfa837ce7b5864213dfb65	product_exact_summary	product-5x5	0.753113466041883	positive	0.1706474440053758	0.14715778191534346	0.22633611882071913	0.23033075724895413	0.11495876919003245	0.08317297533361068	0.23462490985684037	0.0982421016293219	True
b6422b7eac510d0a637cca7cb861bc1f61f2c9b5cb6c7a5909fdd1dd0354fb84	product_exact_summary	product-5x5	0.5331052305591321	positive	0.12137865382558441	0.031473975394709364	0.11064693108642609	0.11219747798590562	0.14212090648113546	0.1305598296652632	0.1169728478657765	0.14979479367765214	True
b6da3503e95b2003dd2f2740737d0e8981d32a78c5bf6ea399dabedaf15e3c31	product_exact_summary	product-5x5	0.32272963535237387	negative	-0.22752413391693216	0.09494835146417424	-0.2572630638423503	-0.26177630727884194	-0.197785203991514	-0.1668279558146677	-0.24932039842920928	-0.18797595354635943	True
b6fd196137b5005655493f564a3b57944fe2dd350b9bcbe78143fc2def785177	product_exact_summary	product-5x5	0.4263043966233566	negative	-0.1185695742317861	0.050364436596682105	-0.09385356879634088	-0.09677331608756501	-0.1403658323760072	-0.14421800539302299	-0.08447097317590713	-0.1317276846285953	True
ba8ebc07656be44e2871b1d1bd830a67e0bbb7f03d3d6ed5e1b6e36182b775fb	product_exact_summary	product-5x5	0.6361316339037377	positive	0.15060248190038716	0.013744060154467608	0.15267006530040367	0.15509811341217528	0.14853489850037066	0.14135405325770767	0.15954832156552723	0.17153718293704395	True
bb3ec99c7f2bface79b20c7b283c0f657c38d0e5774b90dea785635e388e40d4	product_exact_summary	product-5x5	0.26779469972302544	negative	-0.18344508481941418	0.21955746272230875	-0.285356059020959	-0.28545204251528217	-0.06589457979297342	-0.08153411061786936	-0.2784878646933859	-0.060633614079499076	True
be930b18150267fa52ce9293251bf37e05e9f271e031e1b450ab679d2321f914	product_exact_summary	product-5x5	0.7273657868922088	positive	0.17752396320018032	0.12839909884067768	0.22567370564155742	0.2216023325080576	0.09727460680087974	0.13344559389230304	0.23590605150642996	0.13612351818449475	True
c21db9df104d84028a9ea3c108ee2475b7777b05c5b4f08fe025508997f371b8	product_exact_summary	product-5x5	0.8039126261306	positive	0.26277177186307765	0.21158964080963982	0.35869293677885655	0.3612770819874209	0.1668506069472988	0.1496874411777811	0.3645271350957972	0.139870430675073	True
c4cb13ec10107a6485fbb4d98767b0a550f5bbdf969d2c5a492077caea346da7	product_exact_summary	product-5x5	0.678593395178432	positive	0.1250898877426752	0.16374016181663958	0.19351257698964286	0.19425952409424913	0.03051936227760954	0.05666719849570756	0.19990776234988117	0.06054260649305776	True
c5235a41fc084d4e974a45c05883dea25251235a6e28cd6e0c823ae593b4c3b6	product_exact_summary	product-5x5	0.7241239790316962	positive	0.16095414321495044	0.08610767038422407	0.20158053950376564	0.20096855757037235	0.12093972885952853	0.11547286911954158	0.20708957696553076	0.12505027738830377	True
c7648300b72876e2087a1759e658e57d182e8983f0557f44691bdb8ca980f1e8	product_exact_summary	product-5x5	0.7047685423681475	positive	0.12523789584027423	0.15199837404574568	0.18516695692921925	0.18695749515112237	0.03495912110537669	0.0653088347513292	0.19159983249585555	0.06460337356919388	True
c8b90cc0300b15791a9a6d8b370559367966ec9970a5034f75fcef57c12d0fa2	product_exact_summary	product-5x5	0.26561755881729393	negative	-0.1651421923665185	0.13355744593693464	-0.22981172809772488	-0.2274900072577824	-0.09625428216079024	-0.1027943774752546	-0.22036185914716755	-0.09195377882805084	True
ca646cc07336626102f713555092bf121bd66ef6eeedde9eaef2ddf021189f4d	product_exact_summary	product-5x5	0.6346140011705943	positive	0.15077418737193637	0.11213124450561518	0.20555503060040847	0.200169903535103	0.09342378609479329	0.10137847120876975	0.21125176767951126	0.1036901223322505	True
cd373071c5fd4bdb93b52002d9499b76329723af98e71fbae5f9669c321bf8d7	product_exact_summary	product-5x5	0.495992342444358	positive	0.1196068176637364	0.0061031348726206525	0.11949332784937056	0.1200808261724135	0.11972030747810225	0.11397769129979285	0.12325980087255545	0.12408118187346506	True
cd9b1071183f576741bef9614a28e9f917b6a6f0f9987bc5cb74ee90b85d0a7a	product_exact_summary	product-5x5	0.6799195508465021	positive	0.11779971050295157	0.1511597902501795	0.17993211649834484	0.1803043583817296	0.029144568131550086	0.0556673045075583	0.18625869082669688	0.042206621243179976	True
d03d1e68f62fd899b6ef09dc6302a42c04f1062875e344f25f3314f662015eaf	product_exact_summary	product-5x5	0.6684543692547052	positive	0.10785449209098774	0.1328711828133336	0.17303729253292666	0.175293075791581	0.042671691649048826	0.04242189297824739	0.180633923150884	0.0398587681124124	True
d0b0f8d41ae1014b50cba560c409691c6e48f8a5e409b7ce795f2f65004384c9	product_exact_summary	product-5x5	0.7840247956627127	positive	0.18137762585106343	0.137247187488878	0.24647695192597463	0.2454000350924812	0.10922976443709664	0.11735521660964565	0.25325608009453504	0.12493393650871476	True
d0b607a3c391288928b324fb35ba42a29f93c6b15681570a7ed66486732d986e	product_exact_summary	product-5x5	0.6807080426803602	positive	0.1173627749447192	0.11861599625792407	0.1605487612868226	0.16128676615732673	0.04267076989940266	0.07417678860261578	0.1671162569178598	0.05333429721710958	True
d135695d820764dd16700ef0517973610bdabaee853bb32f846a4bcb41e347ff	product_exact_summary	product-5x5	0.7201539553100694	positive	0.2096027880865991	0.14746498066939995	0.28152142581080675	0.2837220063114655	0.13768415036239146	0.13625702564206554	0.28822782636538663	0.13371551773951762	True
d27a38fd2414d69affd606875c51dbaadc5f919d2d86dd31f88dd34c52af1f22	product_exact_summary	product-5x5	0.5841255910548908	positive	0.12420078230364628	0.08025839813027058	0.15355944589486958	0.15765206546235533	0.07739366733208475	0.09484211871242298	0.16327314183563152	0.08276295953902968	True
d3b90980b32db3fae42124ec5a809e2ff161c81aa3fb82a7da70a2492b64539c	product_exact_summary	product-5x5	0.29831510814138845	negative	-0.12312731602378035	0.13632681268632635	-0.181834600297424	-0.18209516047184787	-0.045768347785521524	-0.06442003175013672	-0.1757832063495925	-0.05145623649055214	True
d719783b3187109d350ac61f86f5ce57279ff51641a63116f395e4e5e8462703	product_exact_summary	product-5x5	0.07354550806455962	negative	-0.10955690134185735	0.1939868325725382	-0.2041734852509764	-0.20292178919792014	-0.01619201348579455	-0.010186652678438185	-0.19914703542364715	-0.011524896735555026	True
d73c5fa1a713610d687db97b3532d8fdc69a9e1afce68cfd3104bafb59f1095d	product_exact_summary	product-5x5	0.2832221347626963	negative	-0.10839040619359122	0.07818533454597049	-0.1463146866568606	-0.1464833719163321	-0.07046612573032185	-0.06829803737036161	-0.1418833983898085	-0.07623500466983374	True
d8ef5143a3069159169f2209da2023698a5f3fc5380e2b3be7e93b7e508feedd	product_exact_summary	product-5x5	0.4620439898900944	positive	0.11900577878308041	0.05602355356144467	0.14486958709422654	0.1460052209533192	0.09314197047193429	0.08998166739187452	0.14890850388085647	0.11439001659591985	True
d90940c0a5d5a868037668517a843c15cea616065fb33434ecf4c5971f4934ff	product_exact_summary	product-5x5	0.17761925264435996	negative	-0.13666173935215495	0.1730126952359251	-0.22107089745261116	-0.22165477981483656	-0.04864208457891145	-0.05225258125169874	-0.2163243486228707	-0.045731647627092614	True
d94a5a7b115c6a4672bbe1f878b0f5907341c410b3863ac9fd9a67a2af27ef42	product_exact_summary	product-5x5	0.5256966358941653	positive	0.14073942694184347	0.08022387432545858	0.17367808584057776	0.173614306015912	0.09345421151511918	0.10786454786777494	0.17820249104345381	0.08319753022014853	True
dc3683d24bcd3a9a665e7fe68497ac97d9226969da1bb533581f16be09f5e7f3	product_exact_summary	product-5x5	0.7023671794565018	positive	0.15164123845044708	0.1551240436304303	0.22378981919061813	0.21693234434240516	0.06866577556018783	0.086350132558489	0.229185821524022	0.09034888173447264	True
dd4f2a894a9b13f8b399dd294b272d405a26a4cb6ba75e27cadda367796d3089	product_exact_summary	product-5x5	0.6468175965169933	positive	0.1555130054837423	0.025692077676865155	0.14550190023507525	0.14244033374799991	0.16552411073240936	0.16813241142486507	0.14804832114139466	0.17244122930504963	True
ddd9ffd83058a5e02d0cd4292cb75d7a666350bb9e094f3025418dd05e59d38a	product_exact_summary	product-5x5	0.6698711997295871	positive	0.15720583725441328	0.021283862855663305	0.1575609070031342	0.15685076750569238	0.14112261571330809	0.1624064785689714	0.16509262710874828	0.13645812505301358	True
e27c751b3ab4d081c74bd8311e5e0ff4c51f76c18d494e2c57bd69a68af0e962	product_exact_summary	product-5x5	0.8385328153862057	positive	0.2660077465147894	0.16050704960928552	0.3463265379828139	0.34566823123392704	0.18634726179565186	0.18581948837352835	0.3521286860203566	0.18900398006426045	True
e369508e7df22c561396a7acbcfbc1b137d9e7e378d1f4f5fc97d649b044cc94	product_exact_summary	product-5x5	0.11855288514442767	negative	-0.11046143066922126	0.09444972105813097	-0.15933968289359263	-0.15382134906219697	-0.06710151227624554	-0.06488996183546165	-0.15418363231841975	-0.0669704215097273	True
e46926dfddd4eaa278df85627b14dcc97cc2ae6adbe93d8444984dc431ebecd7	product_exact_summary	product-5x5	0.22541597090395524	negative	-0.1281321821146493	0.03375157603127393	-0.11528626415839219	-0.1162210070738198	-0.1400433571554788	-0.14903784018966612	-0.11258656267759473	-0.13026274077730013	True
e5d97272f62b82315d5822d97b7e77544a3357c9a7684531c85ca3d70ac67864	product_exact_summary	product-5x5	0.45774535244010367	positive	0.11236784686091189	0.04057150868454673	0.12610814752091276	0.12755696864295857	0.08698545995841184	0.09862754620091102	0.13086372944343533	0.10232905538203824	True
e661a68715bf06aa6fdf355722adebcf260348a5737354106af26dfc23e1a6ab	product_exact_summary	product-5x5	0.19144835011939149	positive	0.10452935153751178	0.13052653043409007	0.17049727980594326	0.16629324704971965	0.042765456025303905	0.03997074937185319	0.1778763642450637	0.04734637245094195	True
e6bbaa83057d5478e136723fe7379748f0b307bf9f059ba66079d4a353edf991	product_exact_summary	product-5x5	0.23499460520323556	negative	-0.12279026899928694	0.09270762271206578	-0.17017874103500108	-0.16634217448460353	-0.07923836351397034	-0.0774711183229353	-0.16219840744789937	-0.07316673599135526	True
e8b3993f283750664a0043a55e5c028e2cc9a623d6dce80c8ec5de27719d2198	product_exact_summary	product-5x5	0.3458211089472544	negative	-0.12124433897043901	0.06938684232247816	-0.09987832949333197	-0.09952855046216269	-0.14261034844754605	-0.16891539278464085	-0.09289598590335951	-0.15008319742978204	True
e9abeac569e5eb4522c1cec9ac2c19c4a42202fccd3466050d6ca9519a2bf09b	product_exact_summary	product-5x5	0.554611178680389	positive	0.10750361777133396	0.07695590028200588	0.13110117604970672	0.13263769193422015	0.05568179165221426	0.0839060594929612	0.13755893993014107	0.06234134796584251	True
ea1e49b773fef7f04ef52db2b43c659a4c41cd077475f79a892628e6fccb8732	product_exact_summary	product-5x5	0.6191482960777138	positive	0.1051580653329518	0.10606239212659563	0.15451931758855586	0.15727496189724988	0.05121256977065425	0.05579681307734774	0.16245368295434215	0.057301898888001856	True
ee639c4bd85624ad7f0a35e9cc3b092633225e9d912f63b84d2e3ac6f8d214bc	product_exact_summary	product-5x5	0.6156626968907102	positive	0.11605280263371132	0.009556327530356845	0.11584444460437737	0.11626116066304526	0.11796878732468741	0.10841245979433056	0.12192955229535735	0.13755657703174462	True
ef76f6618a6f3b5104f82b330f84a4620d633d3c7de3aa2c341d8bb11b971a8f	product_exact_summary	product-5x5	0.6815815592399452	positive	0.1623636619683299	0.12013498762674524	0.22037740624593072	0.22023216075649377	0.10024241861918548	0.10449516318016605	0.22680090257656366	0.10322726432973672	True
ef8c3358ec6f8eacbc5098a2481baa281cd38fc8f5f019391450ba2de9752205	product_exact_summary	product-5x5	0.735247797312827	positive	0.1878775970434916	0.11852913904265461	0.24007832247117067	0.24377638425466075	0.12524724521200614	0.13567687161581254	0.2471851682185091	0.14047507746244314	True
f00ec51df54646e75aac81eafedcf90aa1f295aaf0b483d7412f77f72f305de1	product_exact_summary	product-5x5	0.583779439441918	positive	0.10695291978662522	0.0794758437393947	0.13450624593033916	0.1378854809516334	0.058409637212238685	0.07939959364291127	0.14301749080027415	0.040092620462634954	True
f0d736906c221cb3a82b42f9b67f5e3e238da34a1219d76d47317a912e1eb512	product_exact_summary	product-5x5	0.332407164932872	negative	-0.11346321838929235	0.05207835555236401	-0.13820649053690093	-0.13859138017529898	-0.08651302462293498	-0.08871994624168378	-0.13110765061839752	-0.07820665787027992	True
f101d106a74e2ac517bc9b0d73cb23098e1df2c9be9a046d82cbe1f2f2936e48	product_exact_summary	product-5x5	0.68005700910727	positive	0.1306030606849775	0.09476803183411209	0.176217718025253	0.17908033427838732	0.08431230244427523	0.08498840334470203	0.186563301912267	0.09522143025357077	True
f161adbcd8348ddf425ea33c744dd5561e82d725f90a433efb1ab74ad3b2b7b3	product_exact_summary	product-5x5	0.8437955079134134	positive	0.24297333833554624	0.1136833307955839	0.29427366529995935	0.29269266359886814	0.18059033450437545	0.19325401307222434	0.29906403850406726	0.21698117802179107	True
f6ef8d2f5a7b21fe813bdec46aa6e5275f9fc218527204d3dcdfcaeb4462bf7e	product_exact_summary	product-5x5	0.39021441974081206	negative	-0.14286493469934816	0.15084504058501907	-0.19378026927389136	-0.19276768927051569	-0.042935228688872284	-0.09296218012818064	-0.1866455709231395	-0.08922035315860039	True
f6f8c6bcac62ca504306a972d964404e6b08cd576dd4390fd4ea4af0c558895a	product_exact_summary	product-5x5	0.6557858867406327	positive	0.15267662764835083	0.15669727352103408	0.2021199312809573	0.20255497545339102	0.10323332401574437	0.04585770193235694	0.2075766254966941	0.053105006920925235	True
f7bb7abe9c76d55fb10c14c9e6ddab9649ee5249a23d81f8e90e04f5b2762c7c	product_exact_summary	product-5x5	0.2686957007611705	negative	-0.1558692744323082	0.17416197687286705	-0.23844110715616668	-0.2384476407074328	-0.0732974417084497	-0.06428566383456574	-0.23401971033820207	-0.07294779205502422	True
f7d683ebe46d37e1b4d4a4e7d2adf14e92d58afd589fbe0ffd7fd50735b23f86	product_exact_summary	product-5x5	0.5892264602120949	positive	0.10332630042281016	0.10298136131676588	0.1461945010843932	0.14354176090291115	0.06311083994270916	0.04321313976762731	0.1473284633196834	0.0586625197307481	True
f85334eb81fa50b815f23ab334a64da12925bd5bfcf31f5d2b9b499e6532ddf5	product_exact_summary	product-5x5	0.6825249161986358	positive	0.11360633238449372	0.15418590779549368	0.18608510317745625	0.18826792630964828	0.04112756159153119	0.0340820185141546	0.19541462230505602	0.030758873821092103	True
fa0f4144b1ce3b97e001d880abc4260da70e52ae06a462784d440a73749991b0	product_exact_summary	product-5x5	0.1181856513644171	negative	-0.11353694230349418	0.1463102797376286	-0.1856787220537246	-0.18414574788278748	-0.039368442316096	-0.042928136724200885	-0.1814299216953677	-0.04095437466828587	True
fb82814188531cb339677bbe82a51fa4459f457563cd73ae3545f89ec22be15d	product_exact_summary	product-5x5	0.7218224516192656	positive	0.16123079170734717	0.13149028136200558	0.2072964309388402	0.20165814805834748	0.12080343535634686	0.07580614957683462	0.21305677053420358	0.09316456050443389	True
fe4122b4af49f3cfec6742ae68a960fac18cfb74e207434192e467273644b092	product_exact_summary	product-5x5	0.18152702766767842	negative	-0.12940896330365056	0.0773781675719441	-0.16592257578648828	-0.1642934304462852	-0.08854440821454418	-0.09452449616101594	-0.15994804716357142	-0.06981833203168714	True
0046fe4eefdf284f6468f204304ce74049df9fd76515ca8b4dfa1bcab3ad8950	product_exact_summary	product-5x6	0.6912022564822693	positive	0.18890718392434266	0.13552260365987312	0.24016196532505618	0.23703745788739033	0.140776909961295	0.10463936166518306	0.24252948101285032	0.14036179431885687	True
02c7075a1aa1f7e5b3c4bb50c445ba55055f2eec6fec985018217bdd0ae2c55a	product_exact_summary	product-5x6	0.7660986155217913	positive	0.1778745766811795	0.10113288900145156	0.22531768274733255	0.22131326569949028	0.12418479374588098	0.13443588766286874	0.2264541215312873	0.12486423596521212	True
035b0837d8b00e0c1308898e3700ac3287e746c6d2a01855f5b54515233bc594	product_exact_summary	product-5x6	0.6513039963018789	positive	0.10492562402114136	0.034550324598752624	0.11486251533146097	0.1062763030821211	0.10357494496016162	0.08031219073270834	0.12211137894937685	0.08566515908585937	True
03df95b36f8325bbf2d42325758bf279181e5df02e2fef2e34c0812287a76535	product_exact_summary	product-5x6	0.7274985393833996	positive	0.13317075923518062	0.12208718992580747	0.1893413102883209	0.187770598063988	0.06725412036251344	0.07857092040637326	0.19238087849769714	0.08631697630160062	True
0419f27ae2767d7d9e3e8eade7d9ad194b58e5c8ec4a65a4bc55b279f9d08940	product_exact_summary	product-5x6	0.6591522549588792	positive	0.12173592639333453	0.067607371698161	0.14208135136146793	0.1457149266538711	0.07810755495571009	0.10139050142520112	0.14853240575245386	0.09002258233280747	True
043b2a1ce63ee4964835d38c924097be35e7be7beb5fff3c90961df06e878141	product_exact_summary	product-5x6	0.7097829497717075	positive	0.16901747795118593	0.13622250399387903	0.2157243337620638	0.22209124596446406	0.08586874197058503	0.12231062214030808	0.22446758580164022	0.10676922884873596	True
05985ec198528debe103d5672ebb0129e5a2519281d77e47c2c5f4769ce39bb7	product_exact_summary	product-5x6	0.5003478920582746	negative	-0.11183617418612424	0.07707335192778197	-0.08363374165880688	-0.08052565702797498	-0.1400386067134416	-0.15759900895575696	-0.07517455996255962	-0.12121677459825375	True
05fa2dadfa9a7c412b526ef8e94c0ea6c38fa3e1e16e95d87c5399ef28f73bcd	product_exact_summary	product-5x6	0.7372800900156987	positive	0.13139242691969372	0.09617438568167236	0.1719855337197349	0.17443351405167895	0.09079932011965253	0.07825912837000659	0.1789516391152307	0.09362516369953722	True
07efb6505ae5b521ab7c309d573988ce67990dd7fa959a5621ae45cf8f469ee7	product_exact_summary	product-5x6	0.6863772893703738	positive	0.1098152724234806	0.14499945397332425	0.18008127451773026	0.17505383607813063	0.035081820544406006	0.044576708768830575	0.184389588994479	0.039904298326994936	True
09e65a00f141b91a7262763140419ac28c6dafeef62751d5f01c369e94f3a736	product_exact_summary	product-5x6	0.17919043170568458	negative	-0.12149006698380634	0.17050858837501054	-0.20340975042764206	-0.2010657991158364	-0.03290116205263152	-0.04191433485177626	-0.20106595664580898	-0.05195428321389886	True
0a30676dacfeca68dfd95d18d4673a4443b99ac70df379de9ebba4d9e8e37821	product_exact_summary	product-5x6	0.2871883072117928	negative	-0.15981801799277587	0.04082035380753096	-0.17488911250121741	-0.17112453350542994	-0.13406875869368645	-0.1485115024801218	-0.1695106697370966	-0.1346976545499517	True
0aa30271ca4e8cece2894eccc5d6de20a74a1268f9172e3c2303567e5713361d	product_exact_summary	product-5x6	0.7555257764430767	positive	0.1555851460381848	0.07665394453453978	0.18874117268745783	0.1937099942910181	0.11705604975647832	0.12242911938891177	0.19521201807203126	0.11576738154270516	True
0d9f0531d323967634a81bf28641a2b55fdbd10ed1b19b0fa8dac2092eb7400a	product_exact_summary	product-5x6	0.17291688819324158	negative	-0.1713860061669878	0.3429797975005974	-0.3359185874410596	-0.34449984421126645	-0.00685342489291596	-0.0015200467106690208	-0.3416533064390389	0.005398172127904083	False
0e670700d963719d1b953b56db63749e0c0af88b954cd5c328cd0d3cb688414e	product_exact_summary	product-5x6	0.2890390727210719	negative	-0.13944154523975846	0.024797449345572875	-0.12774323236943874	-0.12949688514743074	-0.15254068171501162	-0.14938620533208619	-0.12724544939121507	-0.1493251933187304	True
0ea7f667c61a60a59ad0800cb093b48b922c070188fceae84abc6ee931645fba	product_exact_summary	product-5x6	0.29987482675689503	negative	-0.10477056633186571	0.1587104275972515	-0.17801815386262315	-0.18067271818497155	-0.03152297880110827	-0.021962290587720035	-0.17517180151149275	-0.05013555743974357	True
106b005449e5fa7e620f29a528440b5a19775b24fbd8167a3ce134059da17b82	product_exact_summary	product-5x6	0.32592556444025134	negative	-0.18191022003487262	0.053931967645002465	-0.2038771659483648	-0.2009524036590532	-0.16286803641069203	-0.14994519830336234	-0.19550025841875163	-0.16455171795675422	True
1091ff53a56dfc3f44ebf540b56cf253baee4b3b3705402d4f6d19ec1be7dbdf	product_exact_summary	product-5x6	0.6305268470915749	positive	0.13127796460201346	0.16065869288491352	0.20684904985748176	0.20439321965305113	0.0581627095509758	0.046190356972568236	0.20764686585941544	0.0754868468448201	True
11e9c96ab6da842d6576df2d5b90fe2b133dd100893f0073a945bb604a2187ca	product_exact_summary	product-5x6	0.17057823760978477	negative	-0.10171507556602376	0.14956487693009704	-0.1742821004916483	-0.17477216642675017	-0.029148050640399215	-0.02520728949665313	-0.17441279921618943	-0.032131893764005215	True
13d6f692f63b0613827fe07485de2355b9a7cd5d5ed0c03d86ea8d4fb450d43e	product_exact_summary	product-5x6	0.4830064074481813	negative	-0.13805496123142125	0.08054033564969476	-0.10353909016466262	-0.11215977812115269	-0.1639501443416898	-0.18407942581435738	-0.09622095026520522	-0.17807464770356168	True
14ecfbc81f34240a8cced0e48bc6875015f1cfa6ac8d156094b624ff05f44444	product_exact_summary	product-5x6	0.86258589584944	positive	0.2793775724197621	0.08548735073469749	0.31749655691387446	0.3213000860715852	0.23581273533688774	0.2412585879256497	0.3238687269957081	0.23926900702000298	True
16d325c62f575da6e45139c4f8306746be73266677271b2b2897c15a76fd249b	product_exact_summary	product-5x6	0.4717597581917414	negative	-0.12780240807911486	0.07988317435300041	-0.09421169346426489	-0.09914853234193483	-0.1564562838162949	-0.1740948678172653	-0.0903028150125898	-0.18229598715765521	True
1986f79353deebd19c125d81606934917eed47ff203e19a31e1d92c937e2a5b7	product_exact_summary	product-5x6	0.7935937791617996	positive	0.20135066328735007	0.08875728374173653	0.23891919064402878	0.24284107967102597	0.16378213593067137	0.15408379592928945	0.2466113442190142	0.14451280424037205	True
19b645da3421b3b7369e121a9103f5d3cfcd30be76be1957c232617568e5b4c9	product_exact_summary	product-5x6	0.3030637222533106	negative	-0.11779955580157561	0.12793981918388586	-0.17593256657222334	-0.1745888227470817	-0.06101028885606952	-0.047992747388337476	-0.17080760673637907	-0.06404149881648818	True
1a097af74f805b212aaa38fadf9dde163d7cdd26d0e4363b8e5288927cc20f11	product_exact_summary	product-5x6	0.5450866124470944	positive	0.11864513392970988	0.07736630456428062	0.1513434980844085	0.1515241414698431	0.07415783690556249	0.08594676977501126	0.15363898056205733	0.08687613121205695	True
1be01230f70ed9a282d5c67c1562012cca9ac74e82a6a224d7706ab6c2454294	product_exact_summary	product-5x6	0.7725224001259238	positive	0.2187931429652554	0.12093050518830656	0.2742751548513919	0.27588552731206634	0.16331113107911888	0.15495502212375978	0.2785540200411824	0.15955306754848042	True
1c8c6db3e04900b641686cb872e33ccf8441f3ac0f3e2e04f4d68e279c9d3d7b	product_exact_summary	product-5x6	0.5881666894931542	positive	0.14855201282988686	0.08389261286514665	0.19084589580789224	0.18960094920733028	0.10750307645244345	0.10695328294274559	0.1921480566465376	0.08286982557745415	True
1dc727a603823fd33f188e07e8d0ffd8567ce5037ffd1dad29b60170d8cec4dc	product_exact_summary	product-5x6	0.5759021436486983	positive	0.11535625059298343	0.10550246070313896	0.1663098367973206	0.1645141809717563	0.06080737609418163	0.06619832021421057	0.16778625232572064	0.06433253530240968	True
1ffb399e67c021ddc290d376ccce216170f3a84ed4ef317b2dbdf9396ab6791e	product_exact_summary	product-5x6	0.5905483234460099	positive	0.13437909201280757	0.0610342379771342	0.15879466442135592	0.16107546539634965	0.10004122741921545	0.10996351960425921	0.16302623704386454	0.10597948706803662	True
2321a868218c98251c3ba06422d9b87cdfeca9257ec76f43f54f29b2114e358b	product_exact_summary	product-5x6	0.17855245996536784	negative	-0.16866941113108752	0.22450269308645793	-0.27708545014560904	-0.2739196936220431	-0.05258275705915111	-0.06341912864013194	-0.27336288033958916	-0.08430295649849995	True
2438c190d13f2a6d5ba189b5f7643d5cfed0ea203bba3e450f415581891c0ef0	product_exact_summary	product-5x6	0.6171506491858149	positive	0.15795050624954277	0.13061504664349433	0.21833486622105702	0.2259768862844631	0.09536183964096878	0.09756614627802851	0.22578907664512082	0.1009652885685367	True
250e206b77a45045f36099ca690f3c4dd4a5fa9f9e06ae43c29976220ed6b83b	product_exact_summary	product-5x6	0.5855835278094197	positive	0.10071785260826838	0.041286804869969274	0.11533530227619593	0.11760027870639855	0.08610040294034083	0.07631347383642928	0.12181273520644859	0.081883371096104	True
26792ddeba436602acef55391610a1f79035d955f775ede04d8de49eef4d7b45	product_exact_summary	product-5x6	0.4882437531707425	negative	-0.12988241039690773	0.06787655934644088	-0.09969846344974381	-0.09586813026811941	-0.1637446896145603	-0.16006635734407165	-0.09311884135640341	-0.1329601724402812	True
27eaf0ba22c82af6fdd1946eded1d5c7678619c767960a01749536be49408d27	product_exact_summary	product-5x6	0.298076739777894	negative	-0.10530876344007495	0.11392731709557602	-0.16174769228705516	-0.1620137789906962	-0.04886983459309474	-0.04808646189512017	-0.15993967272563253	-0.03975190635687481	True
28e7c314b634d9875f03d171d91f4a43be2aae748a02200a5b99c2bbccee4dc2	product_exact_summary	product-5x6	0.6052013906342246	positive	0.15616811142349704	0.07908285047065361	0.1904396072169371	0.18821444808447296	0.12412177476252112	0.11135675674628348	0.18967946551818132	0.09225510092233946	True
2a2b52e9899f8da2ad41c4f48c24f942c0b52ceff2addc2baf212d3b84417d57	product_exact_summary	product-5x6	0.2710456279507735	negative	-0.1729543225751212	0.10839269513716093	-0.21464566737136798	-0.222117298112314	-0.11372460297515308	-0.1312629777788744	-0.21920870891018057	-0.1199080920122993	True
2d0e8a371ac04bf3d8adc964fd4c56ed462dde430584f33a2b9e39de62195207	product_exact_summary	product-5x6	0.6676105093327288	positive	0.16279239343752244	0.10875749441858418	0.21279705973832763	0.21258702519318173	0.10403956531974345	0.11299776168186315	0.21483489105602144	0.08004187783583128	True
2dd14f3a1dfe4c5ffe840a3bdc764a4a07f6e886929690057cb3575ffb219c5f	product_exact_summary	product-5x6	0.1231120042358513	negative	-0.21334235999533044	0.24426562047659278	-0.33358734953077296	-0.335463977193619	-0.09309737045988793	-0.09119835671702618	-0.3311957654573485	-0.12174513050737755	True
2e46306f50be8699cfddb11ecf4a00d6b030aa4e9c50d284d879911334773e74	product_exact_summary	product-5x6	0.7113130322546258	positive	0.10297479891235928	0.07129244188888317	0.1372392544356945	0.13766833461424677	0.0663758927253636	0.06871034338902404	0.14202076166580735	0.048471209568965334	True
2e78a8f44f74f9e9ed027995b5c757028163193c0d96548e8910be0046f89047	product_exact_summary	product-5x6	0.23778010214423878	negative	-0.10013488948536658	0.12566334871541512	-0.16126681813313776	-0.1562015311299066	-0.03560346941772263	-0.04406824784082658	-0.15566750733830187	-0.05533906834056229	True
2f2e32b2338dda2be205d7923db8788889b9b0e90c80300c20669e3122b03285	product_exact_summary	product-5x6	0.7161018885607485	positive	0.14028994673358536	0.1168677830109579	0.1921453618855995	0.19279061034767275	0.07592282733671485	0.08843453158157122	0.19704403189828357	0.07928514571168033	True
31871410a112ca7ef7d64d2888beb66fb2014029a4fd8a196dd8a2f17654e77e	product_exact_summary	product-5x6	0.789992936621378	positive	0.1711070409890465	0.07886098945188769	0.20901485130195174	0.2091465380195252	0.13319923067614126	0.13028554856763752	0.2134871151166915	0.13039071544010683	True
31efa08ab876620eac49a78259621f71e13090365e7ca97df99c0c897c723ca4	product_exact_summary	product-5x6	0.6967659916150933	positive	0.12596742406630873	0.06708289983886617	0.14697587859242311	0.15182930337769796	0.08474640353883178	0.10495896954019435	0.15558988401565566	0.05683359446529623	True
32baca9f8f6546b3219b5ff6b43c15f1b985be4310687f2275dcecab3c8f6c7c	product_exact_summary	product-5x6	0.656547485895646	positive	0.10702927396358342	0.08052860815514484	0.1394847939237861	0.13937506305044078	0.07468348487672605	0.058956185768641256	0.14342526469344685	0.07901431988397867	True
33a9a84d4298063a29e5da57975a2a3351cb615070a429dc6ec062f1a21ed939	product_exact_summary	product-5x6	0.4312141565136171	negative	-0.1155671916928496	0.16436160939037697	-0.18175269762261498	-0.184698368992059	-0.02033675960168202	-0.049381685763084215	-0.1768219114821497	-0.05565924472044603	True
350e3370e46e88bba90cc08839bb5028e1bce41b5b5104612eb99b3b8a65dd61	product_exact_summary	product-5x6	0.4478333451320502	positive	0.12581211672062778	0.055354131800264716	0.15220307540043349	0.14979524938503325	0.10182898405622232	0.09684894360016877	0.15290139935348135	0.094871354492025	True
379bef0a49245ab2ab855eaaadc094f1ff370db769f4e702453eb7a6b85ba3e1	product_exact_summary	product-5x6	0.7230408113334515	positive	0.15448018268963387	0.03478407676417539	0.16430983636998542	0.1668861163452383	0.14465052900928232	0.13210203958106292	0.17080232537724127	0.1254230121055916	True
38b6ee3d623cbaae6e9e23951fe059e5813ec7eeb7d68dac693b89eb24ffbcdb	product_exact_summary	product-5x6	0.7182111803618874	positive	0.15794938199214875	0.056877738844715586	0.18057581990351512	0.18567676422551826	0.13532294408078238	0.12879902538080268	0.19050722811956877	0.13082770589307013	True
39b4b6dc7ac17c23cebe24290f018662f5e64640945766b0fa648e3a6096da27	product_exact_summary	product-5x6	0.38803043030205553	negative	-0.16721416110238374	0.05430622906873517	-0.1545467748321918	-0.15155708284161573	-0.17988154737257567	-0.2058633119103509	-0.14906968177257995	-0.23303134250962587	True
3aa3ce59aa1102415c3e17a91b3493d2bdfb3bc031d1b3298a1aa2ffd801d2b2	product_exact_summary	product-5x6	0.6392367564444029	positive	0.1683665619596149	0.0815264184054526	0.20063486530063124	0.20622057580683595	0.12469415740138334	0.1360982586185986	0.20722002903789166	0.13624399054231384	True
3bde909322e3426eaf37281009476d4db012de921a1a79451577217c176fa599	product_exact_summary	product-5x6	0.697772955527129	positive	0.12880171868602674	0.026432650882616482	0.13474607870676003	0.13494609984526595	0.10851344896264947	0.12285735866529346	0.14093942058706355	0.07616103824169684	True
3ca868d5212443a45b4fe398609454ce3e2d2dc0e2564c5c906ed1c7096dfa3a	product_exact_summary	product-5x6	0.39852014258902607	negative	-0.11401759740850975	0.060371618184702436	-0.08485242779261926	-0.08678165106991348	-0.1452240459773217	-0.14125354374710603	-0.08259531769737921	-0.15697150535936383	True
3ef383b8477e56e517e54194be1c680360e8dbbd1c5f60a5b8b93da8367053fb	product_exact_summary	product-5x6	0.26602450334600014	negative	-0.10209265152391189	0.07852448850280591	-0.1427486342760097	-0.13995742692879554	-0.06422787611902825	-0.06422414577320379	-0.14058177002757727	-0.08986222370836494	True
41f2acaafe1cb58cbe3218eea65bd7c94f520b1d9b1f249613b918d80aef215b	product_exact_summary	product-5x6	0.6356789360178854	positive	0.11700968042074708	0.18438593817359228	0.20800309197083555	0.19858767629695756	0.0354316845445366	0.023617153797243273	0.2101948423618566	0.02619621318049903	True
42aea2223d0eb7e8d87ec67ab9f7c6ff8030199517671360caf76e3a1ac1cf06	product_exact_summary	product-5x6	0.7093672877413331	positive	0.10858354443631163	0.05798701141232809	0.13399943766026934	0.1341877672493501	0.08316765121235392	0.07620075583702202	0.13854430469933332	0.04618636200627735	True
43e5d8fcbb998d0e22dc9d9b6b068b6f606981f51ab1f3a8ab106cc88c48bc31	product_exact_summary	product-5x6	0.7033517116740857	positive	0.14765545576815342	0.17339276389303937	0.22947708154204782	0.22938989061521986	0.06592102092108698	0.05608431764900845	0.23229753800763364	0.027146846981066064	True
471c26e990677666c48869019e0b777e3f514a8ee3016a9137f0760cd2f7374b	product_exact_summary	product-5x6	0.290605865688351	negative	-0.10393307285001924	0.12947002105383976	-0.1639299554144359	-0.17047591776186444	-0.04393619028560258	-0.04100589670802468	-0.16667536790510207	-0.019673212391421446	True
48c81926819d0e3a7c3f3e3ec9906d2b1264837247be228d078f6e9c89f0bb91	product_exact_summary	product-5x6	0.7946614734448304	positive	0.1842270175204277	0.07488860302520817	0.2159909014913416	0.22038768027603484	0.14549907725082667	0.1524631335495138	0.22413538509054032	0.12876534703491826	True
48d388a9205661c7a3b7a9d9fc4affd98e49803b005d031c4b3be9ffaceadd91	product_exact_summary	product-5x6	0.7670852749632621	positive	0.1577816849926738	0.0848051424462305	0.1924980860269191	0.19536712938215806	0.11056198693592756	0.12306528395842853	0.20000246387432263	0.09420911883203109	True
4960be64416e57c578c7ce73bdc509788704b4c30c103ddf50438ef4a6277ad8	product_exact_summary	product-5x6	0.25751850521198866	negative	-0.1931183151629764	0.11429314293801729	-0.2503889889173608	-0.2478955339350008	-0.1360958459793435	-0.138341096390952	-0.24363770502197274	-0.15503818084952425	True
4a38f6a387ae9fd5a9c183a5a65519baa480b276f331324ebb7a475ded0189bc	product_exact_summary	product-5x6	0.4688912916807086	positive	0.10389612251177516	0.08133809524282204	0.14258188263704907	0.1429603063695028	0.06162221112668076	0.06521036238650124	0.1443037520455756	0.05022464104291757	True
4a51de51702a9afe68e405936f956cef7805ed7d5a7ef3e08ae2b629583b2bf4	product_exact_summary	product-5x6	0.664156109909491	positive	0.12964302907135639	0.12454759685096412	0.18628896885900215	0.1863911785545001	0.07299708928371063	0.06184358170353599	0.1880290831632666	0.09641609189066935	True
4c08234f9d64c16634f868edab0e652772ad3ab70a709014d75c1e2a6861e59c	product_exact_summary	product-5x6	0.7263713717359186	positive	0.1640463055777785	0.06487023634664446	0.18840256165536706	0.18995194958779948	0.13969004950018993	0.12508171324115502	0.19408200195529524	0.13025367286580158	True
4f8dea7d895453019760e708a7d2bbe55c949769e183649fbc7cd08975cf2d2a	product_exact_summary	product-5x6	0.6953784712740533	positive	0.16616638056072114	0.14462304112366914	0.23221983204636376	0.23333654551575828	0.10011292907507852	0.08871350439208914	0.23570072106024004	0.08298980665730493	True
51594565b7137077392583ae2b210904a9f7083b814e17d56afee4eb0360fc65	product_exact_summary	product-5x6	0.7952528081438849	positive	0.1814675713575487	0.06008668800452732	0.20441212057796487	0.20578934353708467	0.15852302213713254	0.14570265553255735	0.21024591089534084	0.15440380806592602	True
5316d44d112b3dca21c3a23368dda75253bf56a1f95c7cf4ef18c26f6bac2c7f	product_exact_summary	product-5x6	0.1293966441842507	negative	-0.10528762533549822	0.07974671518570312	-0.14077770788382252	-0.14685003569157892	-0.06710332050587581	-0.06979754278717393	-0.13924334844085137	-0.08273531827352043	True
53fc349ba4d216517bcd1ca75053f5017955b609571c2c892099b2a9d497b68c	product_exact_summary	product-5x6	0.6831256744355746	positive	0.1811691161460186	0.10187945023557399	0.20713197449706533	0.20513692105428416	0.10525252426149134	0.15720131123775305	0.20782852635989546	0.10030022765696911	True
5491d2cdb4125c7b192b9361c65939d7f13a481375878143f7712819d603372d	product_exact_summary	product-5x6	0.6944225227886264	positive	0.11893213117545298	0.12818064462503587	0.17537261532148085	0.17860972111419526	0.06249164702942511	0.0504290764891594	0.17985020863464618	0.06073256941210092	True
566b2a41cf7d55f33c296bcde6e5905bc489cb032c2aa9c060a2213bd57a1af0	product_exact_summary	product-5x6	0.135376426393085	negative	-0.10222920376585684	0.1242078123483846	-0.1590527150075542	-0.1597579557767017	-0.03555014342831711	-0.04540569252415949	-0.1608030668101812	-0.05140040694772827	True
57c92e7a740132dab2fb71bebab5014412ba4ebbb67eba18eb00604d08b8fd0b	product_exact_summary	product-5x6	0.31051181888976664	negative	-0.1548954619352536	0.05218243502609893	-0.1785703219492918	-0.18075570818174747	-0.13122060192121543	-0.12857327315564854	-0.17588685486975192	-0.14132548041049353	True
57d8148c22727dcf7f0c950389d1edaadfdd97f2f2943659cf30334698c189b3	product_exact_summary	product-5x6	0.15857430205789388	negative	-0.11684203842338002	0.19186661671787258	-0.20844058850597272	-0.21148930623829934	-0.019622689520426756	-0.025243488340787323	-0.21072186406849733	-0.024528833039398484	True
5839281e9124050ca7a69a2de1b1614d36d2885a3b63d0ebdfab1dceb9d6afd2	product_exact_summary	product-5x6	0.7150148230382151	positive	0.1997536405255338	0.1242173874400187	0.2326056079696346	0.23326694722552338	0.10904955978550468	0.166901673081433	0.23504217675020173	0.08331249759101023	True
5c82dfa0ddfe7bdb3e9c8a67682bf94d867f5bf4713849011f5612f66b171bf2	product_exact_summary	product-5x6	0.03881578813501869	negative	-0.11286522444868316	0.2221914501424399	-0.21896070873959017	-0.22643280932993098	-0.004241359187491071	-0.0067697401577761565	-0.2181064630036535	-0.0017060597676160083	True
5f7ff001960416e23e629bc5e08f233602aa5a0d6fe232f1c8b9fbe239b9abc8	product_exact_summary	product-5x6	0.610879199078253	positive	0.1197249130780712	0.03381739943734796	0.13048153559024633	0.13682664173104864	0.10896829056589608	0.10300924229370068	0.13791567787689074	0.1060419731711102	True
62ae888c586e2ef2e11e6307f4f29f5ed2609e0b025bd3950e1150663f25fb1a	product_exact_summary	product-5x6	0.1815361080512183	negative	-0.10303564085018165	0.15760902658481743	-0.17869759327509635	-0.17123291624647882	-0.02108856669027892	-0.03483836545388447	-0.1735682167991809	-0.04614744935430015	True
62d8975e25c8fb28c208dfaa132e7bc5a7c14997bf69e35b7740e95d1a223716	product_exact_summary	product-5x6	0.6673516874858144	positive	0.10605664989292238	0.12701314068229091	0.16801080379991556	0.16810664140660064	0.04410249598592919	0.04109350072430973	0.17030462325941753	0.026015833954904366	True
64b55369767b15dc2e4253849915def238b0dac5e942970e38ed8ff63de773c3	product_exact_summary	product-5x6	0.17868563594885098	negative	-0.12755123721135864	0.1398259260714986	-0.19934394275721887	-0.19326107411634644	-0.059518016685720265	-0.06184140030637081	-0.19471381695743264	-0.06972490338180867	True
65876a95ba0c94416d9e9a1752fe11b53908c71f4aa97b541cfed73414727b24	product_exact_summary	product-5x6	0.6809818649594547	positive	0.1370026959188858	0.17949555467438827	0.22237017646702473	0.2255390157469367	0.04604346107254842	0.05163521537074689	0.22739781726807856	0.03262182478895348	True
6735feb638f0d635fe3118ac347eab10e6bbc5708756ab704e1478908cd89fde	product_exact_summary	product-5x6	0.5287018590357859	positive	0.11475651689582814	0.03795626163710186	0.10590387613859453	0.10240887244992486	0.12360915765306174	0.14036513408702672	0.10387344118798214	0.08841654613055727	True
677a0c4e0b87faf0c137c25b69f7025d70a2fd5e744bcaa928a92ec81853487b	product_exact_summary	product-5x6	0.6850201656850379	positive	0.12225545648972375	0.12593914926925676	0.17671593578972755	0.17929600430649617	0.06779497718971994	0.053356855037239415	0.1836776376126642	0.023294952611948694	True
67c29119d34f272b94885a1510fd9ab75b04774c7399fdfc46dda85c5a4a53c2	product_exact_summary	product-5x6	0.31300192214722833	negative	-0.11160481505224937	0.16052715779663052	-0.17719232656295092	-0.1835969836151422	-0.046017303541547816	-0.02306982581851169	-0.17623560152981044	-0.030031936082045907	True
69160fbef21f504cf8a82c80922e1e7fe23070acbbc984a999cce8a98c398a17	product_exact_summary	product-5x6	0.20475671139184412	negative	-0.20225585871769863	0.24160117259330513	-0.31658826399382944	-0.31342635328806756	-0.07498709140052431	-0.09108536414732973	-0.3113279776961547	-0.0776972804147161	True
6936c4b88f0cc1190fae6caa43897c852ad4e8cec5c664cfe9c32c7fe1fdb407	product_exact_summary	product-5x6	0.45599891206802345	negative	-0.12288564006036451	0.04717627967062177	-0.10150377636110541	-0.10163622896143143	-0.14868005603172718	-0.1441350511592976	-0.09748626127547655	-0.1582776464808564	True
6a5be4a3a71babad71892dce21d38c3979d3e9e8002e572eb5fea8f94ccaf7c0	product_exact_summary	product-5x6	0.5649481991917717	positive	0.11799452303928412	0.06968832725968116	0.1521276224187913	0.15347612255955245	0.08378779529987129	0.08386142365977695	0.15377374193205395	0.07865298877272214	True
6a8830d94aaa6b1b16bd4f2d10e3399ec980e788b63355b32b3ea0ea3887d30b	product_exact_summary	product-5x6	0.21200698995494488	negative	-0.1483382880728792	0.2755185192330536	-0.2810897386481376	-0.2795724979302872	-0.005571219415083983	-0.017104078215471136	-0.27675928405915423	-0.036699089268200036	True
6b45e60713dfbab5088ae6dcc3f5ea5415e5d793e5fd2992a1296a7a04f330ad	product_exact_summary	product-5x6	0.3608883677232367	negative	-0.10272888637836988	0.030496655778648407	-0.11541979944944908	-0.11758097939261536	-0.09003797330729069	-0.08708432361396695	-0.11300935495697434	-0.10183178287026584	True
70cef468f9d1f9335ae08f2e2fc396668a62dae6bbe3faacbf7d7d93cb4508c5	product_exact_summary	product-5x6	0.6713559462491003	positive	0.13137459950900182	0.05419797598341003	0.13536300768480414	0.12948404147587633	0.08116503170139411	0.1332651575421273	0.13761962595094057	0.09822939851578938	True
736077caf6fa751a62716c265f230a9e96f93eae405044bbf53e73a299cf6662	product_exact_summary	product-5x6	0.6696304078717445	positive	0.14244480641274176	0.07125333954954977	0.180694177863242	0.17502649861502584	0.10944083831369222	0.10986311421045769	0.18410944646845728	0.08712911195053352	True
73783fc9fdc041685d8b6fb27dd2245cf870f5f287cbbb450a7c5cbc3b7063a0	product_exact_summary	product-5x6	0.7495223238972906	positive	0.14478376803613197	0.07815808366356025	0.1672019544004928	0.1671737194287679	0.08904387073693254	0.12239381664349602	0.17173309606809317	0.07558549683580318	True
73e391fe9a322b37556b389e7095bdc9f40f57a0816bb9e12ebc9740d9cdb85a	product_exact_summary	product-5x6	0.664873822679559	positive	0.11176713975305819	0.0909570167600865	0.14765369839746534	0.14722550645131371	0.07630877305480266	0.05669668163737884	0.15349413208681528	0.08024137289429556	True
740801a1137a90459da8c0fee55bf89aee629865c9d4047d9c2e31b4750107f3	product_exact_summary	product-5x6	0.4496836473416235	negative	-0.1197148827889189	0.04914865673419355	-0.14178177004175713	-0.1409299365929398	-0.09263311330756357	-0.09849982898489801	-0.13519947602704624	-0.12843512161669707	True
74ff27788d9d83540157c49e6674b4826146f96e80d284eea7091178e0c4860b	product_exact_summary	product-5x6	0.41703687284450947	negative	-0.15599300012984368	0.14774048293331965	-0.09345527099075107	-0.08774302487501501	-0.23548350780833466	-0.2185307292689363	-0.08534371819644299	-0.2288476184235883	True
75bfd697482375c65f44d04cc491d4b15b69f96fc70a2abb53b65461bd83e0f4	product_exact_summary	product-5x6	0.7814548356466064	positive	0.17071513031024477	0.051436766187803684	0.16906593362581757	0.17236432699467197	0.1539929667707789	0.20542973295858258	0.17655333815590124	0.1668282504857267	True
75d335366cae41f8fdd5c036058d6cca9586c4c06929606183802a84ea67a616	product_exact_summary	product-5x6	0.7547590104357766	positive	0.15794965418940088	0.006580722151930174	0.1608393196369211	0.16006409326167836	0.1558352151171234	0.15425859748499093	0.16581290303452956	0.15927283845725426	True
771937d4b33199e619b47341efb741ea464a4a5709ef294e95bba58df8094085	product_exact_summary	product-5x6	0.7143697108819906	positive	0.15175238234044114	0.08138878965270768	0.17583118968163025	0.17296284374475845	0.09444240002892257	0.13054192093612382	0.1785937652346028	0.10340498383276742	True
783c010043242314f92cac47ec280f9a95076878d41cfefc20562e0f728304d2	product_exact_summary	product-5x6	0.2508542878175891	negative	-0.16752414592477352	0.1201931573061561	-0.21616498128426265	-0.21331641754534236	-0.12173187430420468	-0.09597182397810655	-0.21324353773120547	-0.10385080785671413	True
785c2220c9991179dd30b6a23f8b56ecbcc4ebac2d9e7d13025f8f6736ebf0e6	product_exact_summary	product-5x6	0.4204865747655228	negative	-0.15158834984194652	0.05666962159061395	-0.13289224757768275	-0.1287301279332968	-0.1702844521062103	-0.18539974952391075	-0.12409990693560075	-0.22523238493151926	True
7b587b4eccb8b2e5d04b692aa19c10f11b5de04401635c1518cc57e3e6032023	product_exact_summary	product-5x6	0.4569233399032621	negative	-0.1117921600211132	0.11022701256247658	-0.05887325993434883	-0.06747530149775521	-0.1691002724968254	-0.15610901854447118	-0.05489562720573521	-0.1547911165183648	True
7ba66b51f8f8994909911569a555e8be907bf7294843ee9421cc646bf4a8367e	product_exact_summary	product-5x6	0.37513581146946445	negative	-0.12189625319685052	0.11843217444470161	-0.17953099953050206	-0.17626247238422993	-0.06753003400947111	-0.061098825085800446	-0.17276871277149325	-0.1032007686243781	True
7bd4da5c355655b87bf7fbdba62919ffdd93fcb7d9ac02985c8bdcddf439ae6f	product_exact_summary	product-5x6	0.7204198714935347	positive	0.17875799700239792	0.09438636109732856	0.2242134981138323	0.22509225316000414	0.13330249589096355	0.13070589206267558	0.22919862297554594	0.11959546277449651	True
7c1a12d8f3231104838b7fb9dc732d2794578651b86e8e2dc56f337d5b55a158	product_exact_summary	product-5x6	0.3532611406752931	negative	-0.12111712549332232	0.087683138719574	-0.16587704647921958	-0.1635598799959	-0.07867437099074465	-0.07819390775964558	-0.15830905261121525	-0.08106737226870941	True
7c231699a8f44f5185caf3b36f01fa02026d61d27c108f80c66526ca74f569f9	product_exact_summary	product-5x6	0.6597161929765696	positive	0.1564367516938733	0.06818669283123646	0.18928795691003253	0.18861166481600394	0.12426183857174267	0.12110126407879607	0.19114860415668417	0.13417984325013377	True
7c8a2bc7efd56cddf9133d8c5eea9860fbdc1f303fc80c8e51bbd42e58bf2e86	product_exact_summary	product-5x6	0.7086870221603835	positive	0.1378905705283917	0.13231353333860296	0.19891241804615434	0.19769540277127418	0.06659888470755138	0.07808573828550924	0.20139707453209743	0.052515983784050535	True
7f496d3bc385d658a241d867d388dc2135d7c868888530d0c7711bd4d19dfbbc	product_exact_summary	product-5x6	0.7816291687173755	positive	0.18019219998438957	0.05852901223025331	0.2066308353312003	0.2076079441152311	0.15375356463757883	0.14907893188497778	0.21174931380089734	0.15710745811975624	True
7fab950c5acd143d1937fa91f8b5200587cd6cbb8d3b8eff558b953c913e1a67	product_exact_summary	product-5x6	0.7328861284279535	positive	0.14891539398526676	0.1506312898228359	0.22227500491508134	0.22598190090558157	0.07535061108274566	0.07555578305545219	0.22755651824721668	0.07865079506423034	True
7ffa1a5600106317f8799576196569d3616a88f17116ff2e008f0e55eae2b271	product_exact_summary	product-5x6	0.18518675891657418	negative	-0.12365578137469585	0.15268586905784629	-0.1980095163866589	-0.19500199696837764	-0.04532364732881261	-0.05230956578101406	-0.19301525525640775	-0.0662555088519092	True
80c8e41e9a2f262dcf83c9b9b9a1b20c3c7367d5637d8d161e1b55f2022affc6	product_exact_summary	product-5x6	0.33417600585293344	negative	-0.15779463112377476	0.09068525949796652	-0.19177405859087965	-0.1915359382201925	-0.12405332402735703	-0.10108879909291313	-0.18728891821808963	-0.14387038711805739	True
8191501ee25a969ef88105354545363a28aecdff657826761b3c458fec3b1862	product_exact_summary	product-5x6	0.0902887818340636	negative	-0.10866209625479278	0.20420173248223222	-0.21136062544303413	-0.20971550719718568	-0.00715889296080191	-0.007608685312399874	-0.20849860029811973	-0.00711488045069672	True
83ab1492f751d4ddf4970442d43c13ec6cef780b0aaf4979ecd73f8ceb914450	product_exact_summary	product-5x6	0.6436447129111307	positive	0.12736987264418395	0.14412157890950872	0.18930361316760885	0.19001719834424713	0.06543613212075905	0.04589561943473841	0.1944955557678788	0.06396650649302016	True
83b735474968cc30ebfdcaea9ad59c06830715be8583901c34a7f1f4baa5e9df	product_exact_summary	product-5x6	0.7434628086192158	positive	0.20068987350550194	0.1630725333705937	0.271090795332277	0.2736530527099187	0.110580519339325	0.1302889516787269	0.27577707179080396	0.08666355303406692	True
83e4166eb7e10c1c20c570f01bb0e171f305439f8ca6ca53e7da9d98c15ed18b	product_exact_summary	product-5x6	0.7276894852278003	positive	0.13125042781609159	0.10898585105247016	0.1849965524129208	0.18029044306754494	0.08221041256463824	0.07601070136045063	0.18873555966099664	0.08017176613293997	True
896e39bcec00068a8e0a0691e5c9e3f384868d8efc81cfd3e8d252b18c225a79	product_exact_summary	product-5x6	0.5567723218701607	positive	0.1390046751759914	0.05771905434046193	0.16619205411843818	0.1634490358007597	0.10847299977797625	0.11456031455122312	0.17041281659735225	0.07948100375784467	True
8a53d039794ba9d3ede655ebf18bd7fe0253ddb3cc96f8100b8bab26a2ff19c0	product_exact_summary	product-5x6	0.6061529833849048	positive	0.10363727201639944	0.09666466130763135	0.14463247160053133	0.1437975474455111	0.06347699658728778	0.04796781029289998	0.14846833696757955	0.05787983131854968	True
8a6911d2c8eba31af5a5d907b392aaa473f53363e1e01b5b59ed85937522c9fa	product_exact_summary	product-5x6	0.6972620003527157	positive	0.18274637200891486	0.11001401736467598	0.2315722349876682	0.23467657931830432	0.12466256195362835	0.1339205090301615	0.2374035400808211	0.12140273044721661	True
8a69d0025e7455e9d43294d5a6b856d4b2ee4d661bfb90ea38177dfc43918989	product_exact_summary	product-5x6	0.21373739768428113	negative	-0.17423259705017788	0.31930541828499076	-0.3306484408050079	-0.3297091559874763	-0.01134302252001712	-0.01875603811287946	-0.3246961649578908	-0.029962958033481424	True
8d239663d524b746dfee2d49070afc4b10620dbb9b12e4f9495bd359a0d95878	product_exact_summary	product-5x6	0.2661443997821252	negative	-0.13552987169293731	0.08779134331606431	-0.1657573897738065	-0.17079919039430114	-0.10530235361206813	-0.08300784707823683	-0.16935417507270473	-0.08834770027003458	True
8d703f06e1f2a86201ed07eb7b484f1284a2ddcfcc90660c5f1156e74887f74c	product_exact_summary	product-5x6	0.37055655797566267	negative	-0.15667687034138922	0.03339082058504861	-0.16910980923521723	-0.16543542568396652	-0.14791831499881192	-0.13571898865016863	-0.16014489404991916	-0.15029465355544902	True
8e508639ceaa0d8bdd466f894bd46576bf88e9833bdec377200d32bda9741d75	product_exact_summary	product-5x6	0.4086790979830512	negative	-0.1784012129294491	0.07241246246067667	-0.1370197773837309	-0.14766627810967875	-0.20913614774921946	-0.20943223984440756	-0.1298189390641426	-0.22832749488281318	True
8edbe17a2c6f52fa9e8ea5377306d338af62b329e4835363f2ab3ea04b3d397f	product_exact_summary	product-5x6	0.789909159465593	positive	0.17378016568702037	0.09304655803261597	0.21204929711764664	0.21103147172031422	0.13652885965372652	0.11900273908503067	0.21583511973496594	0.11590176699250909	True
8eeb1d4ea5623d9c38de273d89a28f0ee73d35591658a6e3c4b43a218a1869f9	product_exact_summary	product-5x6	0.4888772314329412	negative	-0.14557014860522888	0.0773684455033874	-0.11032156847649238	-0.11691263985957062	-0.17422765735088713	-0.18769001397987978	-0.1087719350731215	-0.19844336161779125	True
8ef4203096ae6cd4a9a37b69639776f0a61e688e780f189df7bfe982a0977ef2	product_exact_summary	product-5x6	0.19266241735202996	negative	-0.1540837724262455	0.08669648765093757	-0.19445253656188774	-0.19279293347412305	-0.11537461137836794	-0.10775604891095017	-0.19016021109553619	-0.11481743975004668	True
8f27833316b71ec80a9e0977f4adb69c1b3b2456525e55140d836529af37375a	product_exact_summary	product-5x6	0.5467442910261678	positive	0.11643961511495576	0.05280953636751201	0.09311182860159178	0.09385756482893015	0.13902166540098138	0.1459213649691038	0.09473445628805122	0.10063174453879248	True
916a6e29244969b6ef4c511bf92e1b43245b073f4cd8feb394ba79644fa5f57b	product_exact_summary	product-5x6	0.3727357456111923	negative	-0.11596541259666449	0.08600389580913137	-0.0737817663220815	-0.07585930009846426	-0.15607152509486472	-0.15978566213121287	-0.07145580064994123	-0.1626281542162325	True
92dc03c4c317ed16e0468fec16d5717aad05e8fe1a5c456c94e419b3b6177e90	product_exact_summary	product-5x6	0.6908205023505315	positive	0.1675304712600556	0.018820932734787577	0.16773310790137752	0.16819562643405428	0.1493746936992667	0.16732783461873368	0.1701482693472839	0.10768153990417928	True
9427f9ffdcbc2f11a02671915f44cd3beeb505088c6a37a27f0584520345dc1a	product_exact_summary	product-5x6	0.6285599947869458	positive	0.15235106433013937	0.2644800476461905	0.2619402246837292	0.26835658394868744	0.04276190397654955	0.003876536302496958	0.2712610824592535	0.048564369077927716	True
96048cf1a747ae01a2102a2220588fe10ea566986cc7e46c566eb1b84d445404	product_exact_summary	product-5x6	0.302939733257157	positive	0.1117970939101736	0.09753838027561146	0.16132510435512223	0.15612161965688276	0.06747256816346445	0.06378672407951078	0.16476901518536932	0.06608282732315637	True
962a02c30d7a2952235a868c989ea557e678ed995d23a4c5272540029759dfe5	product_exact_summary	product-5x6	0.4656183841555773	negative	-0.10088505919509527	0.1004488195992852	-0.14988744591813996	-0.1485955216994499	-0.04943862631885476	-0.05317459669074065	-0.14090174952996126	-0.022402671210281	True
96f805d8bfc3fabda62c4060499c029ce8c9eeafe59aa6561f9a26d7c471d893	product_exact_summary	product-5x6	0.22720333882920443	negative	-0.10508420630809129	0.05456493789396388	-0.12374282632864972	-0.1268362133965912	-0.08642558628753286	-0.07227127550262732	-0.12382924530138187	-0.08036668070753863	True
97b582295ba26c48174c25e1d73d72c2d2cb80acd3af4503cb29f756b80d2708	product_exact_summary	product-5x6	0.5034089388104759	negative	-0.10760124933667159	0.08134663364469796	-0.08033778000414338	-0.07670207043747701	-0.15804870408217497	-0.1348647186691998	-0.07262433669819546	-0.18379409169122451	True
97cf1639c16367bf968013a67991a0db72a474834f7f52e76d7a1d0ba5940fda	product_exact_summary	product-5x6	0.7403050677631231	positive	0.16269306306441444	0.07263645381022543	0.19477961307913816	0.19440270275792293	0.13098342337090596	0.12214315926891273	0.1979612050514996	0.1012636230273849	True
97fc1bb710aeee9063e15ca52f5766ae4f99c0ece250eb003e5e67627739c3a4	product_exact_summary	product-5x6	0.06552143173730933	negative	-0.12978183479182379	0.20276670429275728	-0.22622483366133617	-0.23002142492638472	-0.03333883592231142	-0.027254720633627452	-0.23021428106585512	-0.04058963964390597	True
98f4111d212b023801ea1e11d0ed2461c574c81d907965f93cec361abeb374fe	product_exact_summary	product-5x6	0.8459037671362852	positive	0.24624432399320761	0.08994867615806801	0.28395565418656654	0.2863579148989355	0.19640923874086746	0.2085329937998487	0.29031958927514023	0.20760968009528113	True
99985ad8aecafbf4bf3090ff7a6afa49ff0f094243f766f0d3a44a78fe956bf5	product_exact_summary	product-5x6	0.145332779689911	negative	-0.157783818978029	0.19620371840024414	-0.25048853399578563	-0.24720715175799443	-0.06836048619806362	-0.05428481559554149	-0.24617623065391794	-0.09222294350889615	True
9c42f22f07cc9d1a1b9d3a9e4dd0ea46fc2a6b0d8feb329473ab4d26c4a398c1	product_exact_summary	product-5x6	0.3142705205811778	negative	-0.10008131896982372	0.06943038090359022	-0.1314099488709501	-0.12889880269815363	-0.07126383524149382	-0.06197956796735987	-0.12596829564125495	-0.064547135528494	True
9d9d69799030fcefbabcbb1c86bc96c8adb17ae8acba2f721c2ee325e638084a	product_exact_summary	product-5x6	0.39428112843240354	negative	-0.10374878096709292	0.03201396931226763	-0.11773661614492964	-0.11317487845814195	-0.09432268347604389	-0.08572264683266201	-0.10999958901788948	-0.0954704536032207	True
9ecd1e61b3b7c3265d451e6ba4d054f8c04cfce5ba7395caacfa6fdae563f9bc	product_exact_summary	product-5x6	0.566284287954788	positive	0.10133910799121607	0.0600513780228753	0.13322342410391946	0.1284495538647118	0.07317204608104416	0.07422866211772033	0.13666141668549975	0.08935961390091746	True
9f6c1260f7894635ad25d8282bb2d9793371c2f52a3a3d39c329ce172fe8478d	product_exact_summary	product-5x6	0.755139241504128	positive	0.10151218489481945	0.09491918936948507	0.14643714015655485	0.13432643418437984	0.06869793560525905	0.05151795078706978	0.15008624564089446	0.08778939242463957	True
a10261240a50a20877896ad09580a50dd251d44582f9b973376a0e231f7783a3	product_exact_summary	product-5x6	0.7983349842985815	positive	0.16039457931997658	0.05421430796431692	0.1800057930580783	0.18163150788977822	0.1274171999254613	0.14078336558187488	0.186653976793128	0.1592677186970255	True
a135b058cedf66471a0b726ff9fda7be765f30824c655ea0def2e3a89dbabcc3	product_exact_summary	product-5x6	0.16327895421814176	negative	-0.12107770552930824	0.05833447596014313	-0.1451677991394169	-0.1456842148128658	-0.08734973885272268	-0.09698761191919958	-0.14554991151572072	-0.10563119560793532	True
a22b0af9372ab36963ff8ee1c3467cefbd545e426a549950c0e9fbc9f2fced41	product_exact_summary	product-5x6	0.7704410707872603	positive	0.17164168589830736	0.038373297513952576	0.17546728357863606	0.16781608821797867	0.14875453852801657	0.18712783604196914	0.17911004961785582	0.14748675997760774	True
a2550fe467589e7f55b08c8fc4ba6cd2f76d9616857546f3ae2f1b0ecb1b9f7d	product_exact_summary	product-5x6	0.6040060977303542	positive	0.12148204708414762	0.09944746879694721	0.16640486971086665	0.16629737617854545	0.07666671798974978	0.06695740091391944	0.1732093453379288	0.0819548037943032	True
a31167110728ec3cbccf12bf0f90c9ff5d36f9fb76d5e774178f6853f827dbc5	product_exact_summary	product-5x6	0.6183267001467029	positive	0.13143435709302045	0.04883606983109767	0.153978785874887	0.14960853671995028	0.10514271604378933	0.11326017746609063	0.15409047654518032	0.1228591383327648	True
a57302e881f3d5f1780d400bf320292528216ddb182a128b12c3ada17b3457b0	product_exact_summary	product-5x6	0.6123039688288976	positive	0.12655748348183052	0.00809296152887612	0.1284392275786248	0.13120107642251172	0.12467573938503623	0.1231081148936356	0.13492383489445514	0.10054468172438147	True
a6bc3c68486617a0c0fbb9ec71486963369ad716969725b130643f92b247847a	product_exact_summary	product-5x6	0.6515804959192995	positive	0.12387852096309274	0.17142269418082828	0.19269880171804749	0.1922806823953171	0.05547635953086838	0.021276107537219202	0.19461142045033475	0.05940066279435907	True
a8d9a0ff2fbd5ed48021a7410947cce814c3c5ba2e4f275a38ce24efad13a4a6	product_exact_summary	product-5x6	0.7934717095902393	positive	0.17015150409105428	0.07035846713607463	0.1948431011354329	0.19980458881185326	0.14545990704667566	0.12944612167577862	0.20283940263341416	0.12639692327031193	True
a8eb4421ff970ee722688dda19835d87dec8e0b278783dff3a8425de219714f3	product_exact_summary	product-5x6	0.15566828074125932	negative	-0.16172797650299897	0.1823746936367609	-0.2541154865358592	-0.24955150503039597	-0.073904447975602	-0.0717407928990983	-0.2505483264434069	-0.08099154560742453	True
b0dcaba2a2d271ed1346e51d468e22e2a9a16aff4ef35b9273eceb895724ebf2	product_exact_summary	product-5x6	0.49147576973945895	positive	0.11427888525628202	0.00943490307995376	0.11335682009797848	0.11344533108419985	0.11511243942836419	0.12279172317793224	0.11571280849721904	0.12972286823812101	True
b194fcd800cbefe34dc30b2115108b213bf275d016babfd66d85c67f69464a9f	product_exact_summary	product-5x6	0.7241283288094301	positive	0.18101587615211295	0.08140063229142824	0.21147226844821276	0.21347691307066563	0.15055948385601314	0.1320762807792374	0.21570438408684767	0.10316295493266536	True
b270b672953b1ca6ecf4cf95ef2653bef6fd3988d56fe050a1e27b60a81e0aa6	product_exact_summary	product-5x6	0.17042827344494524	negative	-0.14076854688421367	0.15439050503680224	-0.21010739225468048	-0.22013595290621987	-0.07142970151374686	-0.06574544786941763	-0.2173486877919443	-0.06947899041118191	True
b6f6013676c2c06dfe98eac9e5bdbeb728ce4d5ac312378301e15e0088baac72	product_exact_summary	product-5x6	0.15792559552084354	negative	-0.10030911212705891	0.10997996961996329	-0.15328131882215915	-0.15355107834948936	-0.043571108729526076	-0.047336905431958676	-0.15136374802406197	-0.05810569821202735	True
b7893564e8fad8c281ed531d7fcf4207726d80d966638866a79167fe5c0d5885	product_exact_summary	product-5x6	0.28763298666498205	negative	-0.20699974789250541	0.034171508945719964	-0.1931203723232635	-0.19243764416558096	-0.22660915311130092	-0.22087912346174732	-0.18858163431164227	-0.23921696378881319	True
b8c98a4d23b8b6000df192aeff91c0aeb2ef66f6792928f58f9e7ff680f60b95	product_exact_summary	product-5x6	0.7107092665981573	positive	0.10337198429981542	0.06446522940957744	0.1302132175201044	0.13669781627260946	0.07223258686303202	0.07653075107952645	0.13662258146705242	0.06636153957558022	True
b95b17d25e131822b5b65e7953273dfc5bdbfe1d3ceefe35c6f404808eb1a609	product_exact_summary	product-5x6	0.7518482736618877	positive	0.1315362810382507	0.05065978186646236	0.14580626747482028	0.14592409082930036	0.11726629460168114	0.095264308962838	0.15079938361544243	0.07380798182557047	True
b9f33a1e2ae4fd372ac65b2ca6415803c511a87eaf7d6f424fdbdd937e6fa2c0	product_exact_summary	product-5x6	0.2910340675805128	negative	-0.20442043923516354	0.03007566803012407	-0.21693238887962235	-0.21527021139764274	-0.18685672084949828	-0.19357066707268433	-0.21543133194321756	-0.19969401753051824	True
bac72f270637268fd05e8caec3edc72adb55a6b78ddeb9f96252a2410af7ba1d	product_exact_summary	product-5x6	0.4141749849573625	negative	-0.18756712095634032	0.0671299785030548	-0.15718776470666196	-0.1557586740272966	-0.2228886525303514	-0.21794647720601867	-0.1526944753405426	-0.21957590810745065	True
bb22cdb5b897c8c0eb072067f1e0094bd8ef8135f0c7c7d3673c071675c6b31b	product_exact_summary	product-5x6	0.41850471593063976	negative	-0.10243366778376817	0.054213221878023354	-0.08258049722697713	-0.08345213977622101	-0.12141519579131532	-0.1367937191050005	-0.08035533930656596	-0.1390845582069281	True
bda26d1cfc93eb8b43dbe2435497011c717319e98831c4c715fad318a5645c1f	product_exact_summary	product-5x6	0.7226325815921457	positive	0.16182678330961253	0.1289382975473281	0.21273580127807157	0.21656761441542738	0.08762931686809927	0.1109177653411535	0.21809944876832488	0.08501899403129931	True
be85be2d30cdf2d42b7edf14e9cad8b7bca287588702a89ed39efee8e4304578	product_exact_summary	product-5x6	0.2659906618449555	negative	-0.12714054116900936	0.029128641238770014	-0.11390863456881628	-0.11710940657019947	-0.13717167576781925	-0.1430372758075863	-0.11333227326881945	-0.1305550743023054	True
bf407998c7cfc6c879c27bc1d936635de821be1abacd80934ec611d71877476a	product_exact_summary	product-5x6	0.6851671911109828	positive	0.1211903184328964	0.13999611718235294	0.18670656149213327	0.18832796548065855	0.04833184829830561	0.05567407537365954	0.19373540203050715	0.06971101181742023	True
bfc7041c7bf087f6a35c5b1911b7e435022b081603adc64a7b414bb37635d55e	product_exact_summary	product-5x6	0.3529458852182796	negative	-0.1321604036411144	0.019939285435752352	-0.14040136144888188	-0.14308615482741277	-0.12391944583334691	-0.12314686939166042	-0.13510199323383293	-0.1281973529561941	True
c0670fe045d3baf8b49a4bddb7e5ad2d2222200cd71b10675170fd604b126284	product_exact_summary	product-5x6	0.43453920173757515	positive	0.10924011350628413	0.04237465601259249	0.12880765271950478	0.12848562241581146	0.08643299670691229	0.08999460459675679	0.12813493414890564	0.08435876219697941	True
c0afb1d3c7de4b678f60585522eb091e8ad425625678938bafcd7ae3b0c39937	product_exact_summary	product-5x6	0.3473302234082239	negative	-0.10672396937018866	0.06249041328157312	-0.1381824444894872	-0.1357241643693053	-0.07772377437107203	-0.07569203120791407	-0.13276963206176245	-0.0825704846950408	True
c120cff057edcea4f8810f44be53868a4d26f74b237e7f5adc1a2bbac9f79c50	product_exact_summary	product-5x6	0.3969153417686504	negative	-0.102069439640467	0.03302832155984403	-0.09673369259796893	-0.094233687839955	-0.12726200939979904	-0.10740518668296506	-0.09008644237186425	-0.15413417129197682	True
c13d304070d070d56951baeefc9e748b8166254023ddc50a03d7d209c75289f1	product_exact_summary	product-5x6	0.8029255717206577	positive	0.15458503623674225	0.057771024471681254	0.17734437393545732	0.17796269747395754	0.13182569853802717	0.12019167300227629	0.18307117503509784	0.13674234457265566	True
c4300ceea5a219112671f4c33c3227b96c6d4772068b4530bfea5564f3bcf85c	product_exact_summary	product-5x6	0.6734143214726824	positive	0.10393002893569686	0.15168427920340866	0.1684066020555809	0.16861695416137024	0.01693267495796158	0.03945345581581283	0.17340368505864545	0.005875883450040975	True
c6fc685b4671034ccd59ed16201fb14d3ae6175556fb9d0b57a28a96fef43967	product_exact_summary	product-5x6	0.7309929074319099	positive	0.18302411797615	0.16337623586196093	0.261188790490888	0.26169967105146064	0.10485944546141202	0.09832343518949971	0.26380487735817204	0.11386435285196372	True
c8a70f0a005775f867f701463694b158763e85fad1d93d754fb455eb4ff1ac0a	product_exact_summary	product-5x6	0.1714972631005885	negative	-0.1383706645768937	0.11041264173065307	-0.19385612805147479	-0.18911582486960565	-0.08344348632082171	-0.08762550428418175	-0.18879906778444677	-0.10935422288150215	True
c8e1f1ae431584bcbbc1539fd726445a2b88493a939a8584e111066964ec3677	product_exact_summary	product-5x6	0.6676353844142517	positive	0.12285025325132787	0.12121395639709914	0.17353206228400592	0.17199005324568528	0.07371045325697045	0.052318105886906774	0.17581244178526345	0.026198107737257392	True
c9726dfcce97c6939bb518ce260b4b41fb981a509eca8a64920f30c65583fd43	product_exact_summary	product-5x6	0.7686071863953676	positive	0.17007828947306097	0.09500553595251948	0.2130707448907545	0.21815357695771365	0.12708583405536744	0.12314804100519416	0.21846204726204554	0.10329634177419067	True
c98cb47f3919873f4783854e82812f435eb352f8cf3f8dbb8ce2f6537f3cef71	product_exact_summary	product-5x6	0.5539490681418802	positive	0.11616127865423637	0.009309300214152327	0.11676012207085817	0.12005910031779415	0.11074980010364183	0.11556243523761456	0.12355226458401658	0.12592618831761626	True
c9a871f3f1b896382b6d36d4e7b2c4faaefd59c840db4d960cdfc6c045c03c2d	product_exact_summary	product-5x6	0.7196049738723224	positive	0.10911230937511757	0.060969855534897976	0.13324560290449816	0.13750369478325075	0.07653383924835278	0.08497901584573697	0.1416796158915563	0.06695627730269971	True
c9b8bff69d447e940be72f7637197c3e2079d4a321e03f8ee87071aa20f07d80	product_exact_summary	product-5x6	0.14084412286342907	negative	-0.11581610405309492	0.11135425006316399	-0.1666711309088741	-0.1688079029477058	-0.05745365288454182	-0.06496107719731575	-0.16705795992689265	-0.07161548600409673	True
cd826b5cf3eca71e62149bb728c6a48f72d036e82047f6303c1a684d5da6bf10	product_exact_summary	product-5x6	0.6941431284904882	positive	0.14090618358200338	0.14367862932087866	0.21227269614839234	0.19899422264548988	0.08281814451851688	0.06859406682751368	0.2150318093047212	0.06555664280515461	True
cda9abf0e7bb1ded9e6346f12873c142b32f627b8cfcb01c044185f5cfa786c5	product_exact_summary	product-5x6	0.6232499235040877	positive	0.12464244705240618	0.15171367391784407	0.1878011079077846	0.18333162496820188	0.06595326913661048	0.03608743398994052	0.18902898940547663	0.05878065373143726	True
cebe16231163b92cf508d590648abfd44e4b697a3309d2f12e2219fb90d55169	product_exact_summary	product-5x6	0.087487576506241	negative	-0.10516220582168781	0.1803930964005282	-0.1937153565740088	-0.1910504204763469	-0.01927399116702873	-0.013322260173480593	-0.19506170710398957	-0.018623494874974292	True
cf7abae207ee07fa9ffc8b4f33bd278847799b5fd1b09323184b3d1287ab8b38	product_exact_summary	product-5x6	0.6221361612825523	positive	0.10106006927641245	0.1461869610416917	0.16487394398670996	0.1638387160229436	0.038281422529881315	0.01868698294501825	0.16871402037895145	0.05941646814289403	True
d02fb54955a2a2eb528d2b7a6e4ad45861ef76c23e63542d7d5a9044b670ddb4	product_exact_summary	product-5x6	0.7259589431262676	positive	0.10628783330511699	0.09713691067708718	0.14857462603717508	0.14865114927006218	0.06400104057305889	0.05151423859297499	0.15248617408082699	0.05592194239296677	True
d3161b86530d500cad22830c39869ab1de8eeb2b65b7aba3529db7e3d7e81fb2	product_exact_summary	product-5x6	0.3260883683249071	negative	-0.1366760613971704	0.012619424436340565	-0.1355975612944592	-0.131797323290686	-0.13775456149988158	-0.14441674772702656	-0.12462239411058756	-0.16260498728192846	True
d3a57c5e2c88b1c6496f85ff9c0e6e7e29e7e4eec1b4f313de82bcceb3a38aff	product_exact_summary	product-5x6	0.4090174584499083	negative	-0.10390786760097331	0.16075804363750662	-0.17064069994502978	-0.1716807785730498	-0.037175035256916844	-0.010922734935543188	-0.16557780166930197	-0.04102654963170477	True
d3b765d17d2380f08c95ca786ef4acf4ff7c7087cdf440a2ce6838fa9e976b7a	product_exact_summary	product-5x6	0.27195582303602767	negative	-0.11863075688409502	0.06534653062837276	-0.1318671856898863	-0.13645441798455615	-0.10539432807830373	-0.0711078873561834	-0.13058134202576738	-0.09372434883747094	True
d5acc76193edbbfc8f2206ff4aa353a184e3343fb66d91667e6df633845e5a1c	product_exact_summary	product-5x6	0.33447944719476874	negative	-0.16785061377566818	0.06575037703931497	-0.13432968762698283	-0.13669635899814825	-0.1990048685531881	-0.2000800646662978	-0.13242352251210526	-0.18607212816600238	True
d693bcd04068812053308f774ad6768d0178108b39d77decba387ea3c9627d59	product_exact_summary	product-5x6	0.8175472710023671	positive	0.18328986872975245	0.026493397168807165	0.1947241160760954	0.19571354938230168	0.1692201522134945	0.17185562138340948	0.20057138175657163	0.17830389805764235	True
d776b7e47f42380a9ade9599236f1b5c297b07601888269699e4564c156a0ac5	product_exact_summary	product-5x6	0.5067572773262661	positive	0.14777336424493379	0.11748397377314412	0.19507761078663854	0.19467334077135473	0.10087338771851284	0.07759363701349442	0.1955538199801557	0.07161122765935363	True
d7ea1ae4bc26eb08e5d2846d69fc178bc58f28b6c2d27bd41afcab94b2f1588f	product_exact_summary	product-5x6	0.6081005274051599	positive	0.1529977878084479	0.10430633997686584	0.1933259697000836	0.19802043155397592	0.11266960591681219	0.09371409157711008	0.20128118794873434	0.09839612314794144	True
d893828dffc82502b6f9c9c748a480827b8d57d97dbf5aee6d866e61b4d6cf5a	product_exact_summary	product-5x6	0.6786880483150097	positive	0.12194545326682987	0.04255006288662355	0.12109629550316126	0.1242685825082015	0.12279461103049849	0.08171851962157795	0.12681043007378978	0.07363878904823351	True
d8f1bcd240245ef68f6de5071f6671b87d610ccfa4a194985dd1dcb1fb302437	product_exact_summary	product-5x6	0.703780278381492	positive	0.10254996097611274	0.04983116925300635	0.12693353221109638	0.12485733959080803	0.08024258236141746	0.07710236295809003	0.12954803784739555	0.06850825785567172	True
d926609062d05dfd1d11e93c05583a957988d6569aa3e3e6bedb1dfad35baaa0	product_exact_summary	product-5x6	0.46793468104783326	negative	-0.13924843560787514	0.016101757353826907	-0.12996604229597414	-0.13711126419628844	-0.14606779964980104	-0.14138560701946185	-0.13012769195262536	-0.14927147995818962	True
da343863123bc204f0120a86ad99b6ce012d9aa1fb556c6ed87110335da692e6	product_exact_summary	product-5x6	0.6385885862088835	positive	0.12645554058237982	0.11372048785950262	0.17464794929451777	0.16957461675388047	0.08333646441087916	0.06092746143501515	0.17601309740270416	0.08885350758552912	True
dca2d7c3fc8e511e53515072436df885758fe675e77065e009e24d554401ec82	product_exact_summary	product-5x6	0.7458161595944691	positive	0.1347993990834015	0.09157543719537353	0.18215587155583424	0.1784947355041291	0.0905804343604607	0.0911040626626739	0.18313046801599364	0.061305025270642965	True
de13a308c81da0681a3b6835037dc3d022cc399fb789ce93811c2438bc1f7d62	product_exact_summary	product-5x6	0.27210977672949027	negative	-0.1196646371310113	0.030469611504120087	-0.13507621582852308	-0.1346266668080583	-0.10470260745396431	-0.104606604324403	-0.1320432461727587	-0.07703335201354156	True
de37ce5a0b21183f8aa0c21265dba5b7a6798aefacfb267ff93a902089129388	product_exact_summary	product-5x6	0.5478738830549114	positive	0.10198746798327263	0.052452042801871324	0.12626296454598707	0.12831145604045058	0.07771197142055819	0.07585941323857925	0.13490440013018318	0.0820993333469952	True
dfc5dd669705148aa8ff876285433d3cc31c87b18bde9fd3825b9f49b0199217	product_exact_summary	product-5x6	0.339333704229498	negative	-0.12516481506120655	0.1768136085423198	-0.21348053188868116	-0.2062213027163971	-0.044108327406016	-0.036666923346361346	-0.20405880542698135	-0.047457111639452376	True
e1d9b0d5c3df6ffee872cb4514c1fca72deb8fabe83180e24fa1acaa26658988	product_exact_summary	product-5x6	0.3839668669720998	negative	-0.15318981254563857	0.045909143687127396	-0.13104745244784155	-0.13144811931050104	-0.17695659613496895	-0.1749315057807761	-0.127241337578768	-0.20171539204805122	True
e3c6947be2cbda85758f9ef79d952613a405af53794ec00fed943030dc5879cc	product_exact_summary	product-5x6	0.5852572991858882	positive	0.15729418183813948	0.06892929395633146	0.17638570663925934	0.17306660062445023	0.14152176305182873	0.10745641268292788	0.1769540286389511	0.11022291111501126	True
e4b298714ecb73c578e7f6991beae00c1b3c94aadca9ab460c7a1073da98f828	product_exact_summary	product-5x6	0.663368827544215	positive	0.11273888556781675	0.1165550397291274	0.16255903934475502	0.1545865691945293	0.04600399961562762	0.07089120194110421	0.16730892369756278	0.05593340729801599	True
e52d16eb79ef15685966071544e3232d994fee0e203c1b237ac20119d828e5d8	product_exact_summary	product-5x6	0.5063523126826137	negative	-0.1082031252246824	0.03660268450913928	-0.0940707145001467	-0.09349887855196748	-0.12233553594921809	-0.13010156306110676	-0.08841560809683935	-0.07224709203327506	True
e5fd7843ffff7bfbd88f8e6348d99d501587384b88d708b003bd823bfd5ac440	product_exact_summary	product-5x6	0.7281673786395083	positive	0.11855127560229711	0.08987758656807365	0.1570110528865465	0.15756325006084848	0.06768566349277483	0.08009149831804774	0.1625472823296401	0.07397759726346231	True
e60e1b14efa466044153b8f054ac42594578569ca88528c9f7de882cb51e5f5c	product_exact_summary	product-5x6	0.6073707061562895	positive	0.1569307657023994	0.033390988050992054	0.17448316200712743	0.17092710991214022	0.14293442149265856	0.14109217395613538	0.17430754587464292	0.14667680267025868	True
e636c944e9c3f06255ca461d2b963bc6f21572d7796613e470a05f1a77550c51	product_exact_summary	product-5x6	0.33814450241469496	negative	-0.11150407099613271	0.037650547708795945	-0.12448379244721908	-0.12303341976875248	-0.09997472222351295	-0.08683324473842313	-0.11962485219087904	-0.11137087023381537	True
e717f78aa67409ec18da927dda99ec4fb934dc1758bf282a9dc71fbb7b080acf	product_exact_summary	product-5x6	0.3929768249860698	negative	-0.115964393632071	0.013272184263809494	-0.11263171344232104	-0.11102576369535433	-0.11929707382182098	-0.12429794795916382	-0.10797790616657732	-0.1501504119990712	True
e88f74788813dced19921955a031e51f1e6f9b466ffbd2f2127c27b90269c681	product_exact_summary	product-5x6	0.79537205668076	positive	0.28443652735171127	0.14098993990992958	0.3367023685914152	0.335321061908631	0.23355199279479155	0.19571242868148564	0.3405761733052925	0.19618993769768	True
e8b65d58cffc33af5bcaf2ef73277bfbffd2f60e549686981d19f0cd415874ea	product_exact_summary	product-5x6	0.27850237471002065	negative	-0.13607880244167042	0.019758395516923488	-0.12774995997406585	-0.12894931396701975	-0.14750835549098934	-0.1432082909163211	-0.12609858295557214	-0.16621245147283442	True
e98362095bc488e8fb3e7b6d94bbacd7cecaeaade4e20e3a214712b60a34658a	product_exact_summary	product-5x6	0.7320751319667425	positive	0.1399670524207542	0.10087961306702775	0.18479243558401526	0.1858352748359685	0.09514166925749312	0.08495566176894076	0.18887429482084173	0.10986293770514055	True
ea3f10fd0d931491b7c60fff7c8a61d3fa3cacb53a8b51ad771406bcd03998d7	product_exact_summary	product-5x6	0.7305526019152229	positive	0.14925915790340466	0.0823225322747243	0.1865878219837953	0.18714968502648344	0.10482715275175913	0.11193049382301401	0.19032202836200796	0.08274760213309529	True
eaed51424174d1263fe049313de2828d6aa88495e1d178a920bd0c22f635c3fd	product_exact_summary	product-5x6	0.6661806566511265	positive	0.12741130937701994	0.12606860202929415	0.18832137873329446	0.19148044955829657	0.06650124002074542	0.06541184752900242	0.19233775828567123	0.03797321879724469	True
ec36cacab36ca7027f2e9eec14b02d9ed4f588c7c9f8b4830e9af7d1bd124033	product_exact_summary	product-5x6	0.4544071096234281	negative	-0.18016515781136527	0.07110623986829545	-0.1475522300943004	-0.1468145516065953	-0.21792079147489074	-0.21277808552843014	-0.142203870135311	-0.18580030030340178	True
eccda662ca02fefc7fe4b070d4218e071f6432ac1d016687d7cfb186abbb793f	product_exact_summary	product-5x6	0.8003739215041985	positive	0.18376571157366312	0.02887404712707875	0.1933982336718092	0.1914439575884228	0.16452418654473044	0.17608746555890342	0.19746748207553078	0.1789567684944645	True
ed401bab26728b37568d788c69bcfb9762e4f5d6c6221d5aecf95949165d0fe8	product_exact_summary	product-5x6	0.35421726499744327	negative	-0.11375823551923298	0.16036432098264286	-0.18936318340061803	-0.19099472861186267	-0.03815328763784792	-0.030630407629219814	-0.18608409444977286	-0.02605124037920653	True
ed8af61e775935c510781a0542a7bccbc80f294811564ac8f233ebdfa10dab96	product_exact_summary	product-5x6	0.3108534211335129	negative	-0.13372807766784622	0.16027506957068605	-0.20437065371174312	-0.20823956799950305	-0.06308550162394932	-0.047964498428817004	-0.2046896493779461	-0.06341230485347638	True
ed917e3c34728e4c029994ef1202e45d62816ecf55760e91b9f59b2828424f47	product_exact_summary	product-5x6	0.4942220717024324	positive	0.10896878826039033	0.034578421310354934	0.11546780960141462	0.11712387236213595	0.10246976691936605	0.08254545105178102	0.1193703097976544	0.09639173106823778	True
ee6c1783b4a46bb79809b540554620bdf564c01fcadad34778f4532e682e2835	product_exact_summary	product-5x6	0.6583788441534526	positive	0.13888120569909157	0.05988009395362748	0.16157951292340422	0.16217444462766095	0.10229435067403347	0.11618289847477892	0.16581441450051582	0.10277258640239806	True
f024071632bef84f2c5ba6325db14becca153ef48c9acd32733195e607084963	product_exact_summary	product-5x6	0.40453907656847077	negative	-0.15034803704710176	0.14476889565546214	-0.22285114887187496	-0.22070889855113685	-0.07808225321641282	-0.07998717554306667	-0.21480804567540812	-0.045749238072530174	True
f11c6d3ea6970741496ff741df508800d1de13e2022ad1a715994eaf07ab738f	product_exact_summary	product-5x6	0.3352284970610042	negative	-0.1867890252373074	0.015133204748873363	-0.18817863611670238	-0.18484411846080873	-0.1853994143579124	-0.1999773232096821	-0.1799004453615376	-0.2085553985915215	True
f27cf4c56280e263a28e1c631ee7a339ce67e928d89c34b4ed741db8dea44d56	product_exact_summary	product-5x6	0.43323019347799374	negative	-0.1201078555663525	0.05453603013846886	-0.09423124503708113	-0.09454818136597509	-0.14566752976672992	-0.14876727517555	-0.08750104857396035	-0.1698269649963564	True
f43eb45e68f8dbeb7132a483438add5ff08488469819c9cd4d1f344356597199	product_exact_summary	product-5x6	0.5917030312867072	positive	0.1336207369649147	0.05770130090982928	0.15833278818728952	0.16203216867135817	0.10433086776152889	0.10890868574253987	0.16466520115868238	0.10293692671072308	True
f50d88cee36f3252e2ac203dda8c62ebaad1db83b5a1162ec5acce1824a3ee4f	product_exact_summary	product-5x6	0.35328032112071067	negative	-0.12093279768178058	0.158332084070974	-0.19963970621643184	-0.1985458532734346	-0.041307622145457856	-0.04331974209012657	-0.19398586102394982	-0.02484776380867021	True
f679510f2547af0254ba1d5a643beae880a9037c21a187651eab101c167f79ca	product_exact_summary	product-5x6	0.45812228747744266	negative	-0.1814285242980283	0.07165112155231323	-0.15479592835830747	-0.1543432103859057	-0.22599433193821894	-0.20806112023774914	-0.14995490092979036	-0.19636366056632204	True
f682f38c0ff1a1aa8f4f09b896710759ab9a304652ddc2ca9345604adbbcb728	product_exact_summary	product-5x6	0.6165769051032174	positive	0.11481813550344777	0.13993728148865325	0.1735657171347853	0.17436004020528584	0.05607055387211024	0.034422758716632584	0.17706784155761457	0.05984989895565651	True
f8b81d7e54f6ba3838cabc84ac0fc4dfbe04ac14f9c7dd21a2bc08fecea2b7a3	product_exact_summary	product-5x6	0.7555441464196785	positive	0.14554846096651064	0.055443058179707405	0.16757329965177603	0.16998359885668812	0.12352362228124525	0.11454054067698072	0.17306832584287635	0.11041059308974632	True
f8bd6130bc749d98767569fbea40ab09ef8f4610c9f7c546651045692607a2bf	product_exact_summary	product-5x6	0.5288998841790998	positive	0.12682328400871107	0.06431554834443909	0.15424640321923705	0.15934631866054882	0.09503077031610974	0.09940016479818509	0.16031867253677712	0.10548595449688658	True
f8d6c4bf6afd6035f6dfc09c81a6c7d088c6fb1889a0f64962b707bd2e08bba5	product_exact_summary	product-5x6	0.5070245156599887	negative	-0.1100245401700149	0.03702986937187591	-0.09165041811703478	-0.092014744867844	-0.1286802874889107	-0.1280343354721858	-0.08632577059290758	-0.1143124234552958	True
f8f0a40c070288dedf451ef725c685596fa19ec8ed1d545bc1f1d74413c99633	product_exact_summary	product-5x6	0.7328649465447269	positive	0.14770897965224372	0.12624300856952075	0.20107759221997323	0.2055350869202569	0.07929207835073615	0.09434036708451421	0.20855945226697736	0.06266885829276714	True
fc10da9c5b4be013a12b407f72106621215224017b7ac1bb6b0b0f392057924e	product_exact_summary	product-5x6	0.7693673827298111	positive	0.1320110725224904	0.04148161833960784	0.14953474598943295	0.1517696448825353	0.11028802654292746	0.11448739905554783	0.1570317896789013	0.1153648638859639	True
fd7c934bbef7330f7b790ed784304ebe2ff68baf8e6af98f94c269d65f0a6b0b	product_exact_summary	product-5x6	0.6125489970047601	positive	0.14259063674996428	0.03893515063817793	0.1461709135866917	0.145993322399265	0.10723576294851378	0.13918795110066357	0.14633236661222782	0.09288623419956099	True
fedfa9acadb503b95635fcce4910ff48c7b747b60f549aca73fb1c4002021ee7	product_exact_summary	product-5x6	0.16686847303154892	negative	-0.13262087837626263	0.14923607830978788	-0.2079612427305613	-0.20347975414450173	-0.06176200260802353	-0.05872516442077341	-0.20320601564594135	-0.06664556283540973	True
006bd3a7313dd332c5e4ca48472b50ff747de738a7497ea3341bbf5ca1188858	product_exact_summary	product-6x6	0.43442673051385783	negative	-0.12370023567494765	0.04619487417616586	-0.10690367894856467	-0.11177800912990699	-0.15309855312473053	-0.1356224622199883	-0.10255351351698438	-0.13340303387098196	True
02cdb9558daa3d186a66d2643a91dce582d31a9c9dd443bffbffe4075734aa8d	product_exact_summary	product-6x6	0.41509065377464766	negative	-0.13572380991557992	0.03050172048019184	-0.12252612135009772	-0.12540342719064307	-0.14604419264051677	-0.15302784183028956	-0.11738622986493336	-0.16988886516422047	True
03baa42bcc49bd42309f740db249ee6aa98834fe469414699ba650831066b0c3	product_exact_summary	product-6x6	0.2627833974547234	negative	-0.1609797008433591	0.22784447892158294	-0.26329589396120884	-0.2730052844341339	-0.05866350772550938	-0.04516080551255097	-0.2699682359583648	-0.15513743312306144	True
06c0919cd6c639fb113991926b8007d40ac03f923d75f813d9c93ddcbfb78eed	product_exact_summary	product-6x6	0.1884676460364307	negative	-0.1455178950531776	0.17092651509382636	-0.22830772882676073	-0.2242980030243559	-0.06673778708199932	-0.057381213732934366	-0.22150117356347945	-0.11567726510127482	True
073332d6e03643f0a9b68c166aabd950ce74d34728f976194f10a91169d16acf	product_exact_summary	product-6x6	0.696208025158438	positive	0.13554657806369486	0.024128498047040425	0.1390601960892821	0.1445449475307381	0.12041644948369767	0.1320329600381076	0.15160498727116423	0.12384984476674232	True
07b4d8e5fd118123095c576e47e07312a7c3a59e3def5568ffbdb32069f40086	product_exact_summary	product-6x6	0.37932266488766037	negative	-0.15148501106661108	0.09333241192301317	-0.18923611148450875	-0.18702151103337744	-0.11594851109984472	-0.09590369956149558	-0.182386802074829	-0.1518010709757726	True
07d11d81f87f620951e800bf123b0f0d5212d64706cef01e6c05ffb82bd6115e	product_exact_summary	product-6x6	0.6798317014039227	positive	0.10904115777230483	0.11456474428586816	0.16587927090306764	0.16607909152771505	0.05220304464154202	0.05151434724184689	0.17491118762455005	0.06508325359381262	True
090b25eb6bf97a92045e6cf29b52351344b86495fa408668ff4940d9e13e4a5e	product_exact_summary	product-6x6	0.21522965853834933	negative	-0.17501978604821014	0.05157136030873588	-0.19892400044112	-0.19648634227997405	-0.1473526401323841	-0.15355322981644623	-0.18974655877498767	-0.18751672261468585	True
09658fac9454fdd7f30cf0642fcbe86a42f2ee99e63c93d6cc954fa18e6da413	product_exact_summary	product-6x6	0.3392703967780026	negative	-0.10724643619496621	0.0891405742254287	-0.08244390173981919	-0.08296237383599536	-0.13153049855393706	-0.1715844759652479	-0.0715921311721942	-0.15261382651284416	True
09963b806f22115ae8bc0cd7f843512fc8bb3128a89ec15b053a9a464088dc23	product_exact_summary	product-6x6	0.14220352473904666	positive	0.12065642646628522	0.19704910299103587	0.20823323557502363	0.216282706322401	0.019233603331365146	0.0330796173575468	0.2179702307084391	0.021895603879947947	True
0a0667344d9352fa712613514b123239f8cc623b895142a373ecd46a353c38c4	product_exact_summary	product-6x6	0.7594989839148785	positive	0.11982129500008504	0.07422807603767068	0.1565730212311457	0.15724556711933402	0.08306956876902438	0.08301749108166334	0.16612214767054345	0.11913260604923936	True
0cb8e19e5ecaa991aa0e1dac636668cef8cdffa5ce0272012a3bf314ef089bde	product_exact_summary	product-6x6	0.7215992059586603	positive	0.12047412954623354	0.09139453248345675	0.15983559232321298	0.1528723373632026	0.08807592172926448	0.06844105983975624	0.16383655576436984	0.05180749265926077	True
0cf63884b5716eda2841c20b941df5eb6e70c7dd54db360048762a61d9e1ba32	product_exact_summary	product-6x6	0.44291072494786043	negative	-0.1238202810616012	0.01826968851654165	-0.1343586126795917	-0.1301564635012945	-0.1174840986219079	-0.11608892416305006	-0.12577643624785806	-0.1467562184408705	True
11097e33180282e69aa2a057ba5f85ec5ad372be8d9f8220797e72d917cc36d4	product_exact_summary	product-6x6	0.7603177716893835	positive	0.11976221416448402	0.08507455749268711	0.16011413234673266	0.15417692815650785	0.08534750017246018	0.07503957485404555	0.16957092463351042	0.09181061974770133	True
1251f9b5d8189b950bb5a0d4a5c5b57703154d478d23c701f0e286a67789afe8	product_exact_summary	product-6x6	0.35954928030800487	negative	-0.14565045256668874	0.1546674810050308	-0.22261901633031583	-0.21931344628810728	-0.06795153532528503	-0.07198745884527019	-0.21864917032345138	-0.12788962236877477	True
12f5b11172534e3d35129025a23f0203546fd1ad478af2ea9b84c917410dfcb0	product_exact_summary	product-6x6	0.7437221546079184	positive	0.1998034259566209	0.12510249899712078	0.25479895740369557	0.2585661297832146	0.1334636307860938	0.14480789450954623	0.26711430511947215	0.12005869455814266	True
130ec0527de6e0cd18f67e7ecaedcf7f2565342fdabea1fe31287cad70052ef3	product_exact_summary	product-6x6	0.6957140988573931	positive	0.12099256323889096	0.04834403297014345	0.1433525262676575	0.14333253860524253	0.09865258787253939	0.09500849329751404	0.1496857467625532	0.08967801022042421	True
15cc66326528bce2ad4341ff9e1c1a2eb03bcfffc1a6543d0fd39dfbf8ef2dde	product_exact_summary	product-6x6	0.41803794088212787	negative	-0.16201759567917462	0.0937012335311721	-0.19669513785842752	-0.19687429111072052	-0.10317305757954842	-0.12734005349992172	-0.19444898196382432	-0.2324244396613937	True
18235a1a70bfc7ee6e4abc22e2d1b4e99a8294b361aae48bc08283fa956dad77	product_exact_summary	product-6x6	0.4327172574309171	negative	-0.1060926326967187	0.08381791770682845	-0.14656559701305444	-0.14259693238428767	-0.06958833300914974	-0.06274767930622599	-0.13867450365734574	-0.09914236178625618	True
19ef4d2ce374cebd4d56c3780e30617584b9eab7f801e593a4e7dd60929c5012	product_exact_summary	product-6x6	0.5251227698392371	negative	-0.10203782201986622	0.07629805796330014	-0.08191499929920143	-0.07696048277597911	-0.15325854073927925	-0.12216064474053101	-0.07461353337998955	-0.13514466617406307	True
1c655cfc7668773cb6553cf2b5fb0d9f42ca19bd77d28a4e8323f1a3922152e9	product_exact_summary	product-6x6	0.27909534309794365	negative	-0.1330991069261597	0.06675723400988293	-0.11339633536492283	-0.10937033968193255	-0.15280187848739657	-0.17612757369181548	-0.10370537321891976	-0.19906989712760897	True
1c7637620ec127ba9fc69118a5d6db4d13efb8a5dfb63af22b4299115edc2f52	product_exact_summary	product-6x6	0.6757349799401771	positive	0.17970823781672857	0.05454772560270904	0.19557224543903473	0.1961057758994854	0.14155805029677637	0.1638442301944224	0.1984382735794027	0.1325746923466129	True
1d94e1a221b20442c1de90af3482952b80806cac002b0e5d991b30bcb6169c44	product_exact_summary	product-6x6	0.3898474479085403	negative	-0.20860402174646436	0.03621955436653845	-0.19871102507587945	-0.19478179272846408	-0.21849701841704927	-0.23100134709500253	-0.19104306130623372	-0.2568373756766016	True
20cbe7f502b18ae9bca5df4788ccabbf7f3c02860ffb9750daa00f4f438910cd	product_exact_summary	product-6x6	0.23045221714763137	negative	-0.11693768374171792	0.13062817308776803	-0.17920182901999698	-0.17730537334652108	-0.05656999413691477	-0.048573655932228954	-0.17349139504142108	-0.09985269685237591	True
218403495cd4be8a6121b72e382db4bb4b6a469cdfecd79c61751fad7268a67f	product_exact_summary	product-6x6	0.47144478094437486	negative	-0.11707165985146378	0.09116740125302258	-0.15029006864229993	-0.15099212729646122	-0.059824726043438636	-0.08385325106062763	-0.14781368696613267	-0.15786818648631346	True
23b1b9129a62e17c5c2351d7d00258199404a2edc4d1df4a2de49f54511ea7fc	product_exact_summary	product-6x6	0.4755907667847495	negative	-0.18028408902844234	0.03803983080379858	-0.16296488603348197	-0.16366868423743214	-0.20100471683728055	-0.19689949381945254	-0.15960438763334212	-0.20400683524404956	True
2492d3cd7b1465ea9e139b428649064f11ab0c46833b59ae0dc78fc0dc685f3b	product_exact_summary	product-6x6	0.5507778581006224	negative	-0.10395299677121678	0.01673813398589774	-0.10636364163902967	-0.10623665786087555	-0.101669335681558	-0.08962550765313193	-0.09904357021348087	-0.11672687641223978	True
255876a02928ab153bea22f8faf8f7251e32f3b3b42423fb612b2fca880fe27f	product_exact_summary	product-6x6	0.6888213178943703	positive	0.13702212231472932	0.14437308031336316	0.18904478028695781	0.19175242696484152	0.04737934665147836	0.08499946434250083	0.19797733537798345	0.0789479432497695	True
260436b8a48e4b01f2f1e0a852cf63ccd335067b043cafd7e5dc75235a40cbd7	product_exact_summary	product-6x6	0.36681993407595287	negative	-0.12583111118887932	0.04809944784595899	-0.13992284727341325	-0.13872624426676133	-0.09182339942745427	-0.11293597811099731	-0.13114149227671795	-0.10143165635889612	True
2693b985fb2811245c52d6c18b2ee6159f3fec2958439bbf20bccde0a6327a69	product_exact_summary	product-6x6	0.2845287813587957	negative	-0.13560628026534038	0.13177391155517393	-0.19559449940869472	-0.1925726635343477	-0.07863989699633306	-0.0638205878535208	-0.1856193530629659	-0.10619152417097244	True
27b7d4f5d360b3db382433837436308325671bebbbbf9affec76b3b5b1e17eb9	product_exact_summary	product-6x6	0.6198578445695995	positive	0.15458508837045615	0.10592576482717597	0.20120280569540672	0.2004725853090632	0.09527704086823074	0.1086975914318491	0.21290139256314028	0.12118830935944341	True
28e706ffffac21d62a8e2176b3b36c32344f652785bdebebd1b3b13c6f729845	product_exact_summary	product-6x6	0.7269850484335826	positive	0.14844821122984747	0.09566829079548445	0.19388849767688632	0.19771711011557358	0.10300792478280862	0.10204881932008913	0.20190679942350542	0.10001891226667514	True
29dd597dd1ab31689222b43774a09ec8d257400ad3aba05394a6e3df2c384172	product_exact_summary	product-6x6	0.6420963491155152	positive	0.1400854927960034	0.03774770124738469	0.14195861356004047	0.14276893598586393	0.10502123473847924	0.13821237203196635	0.15116129315897314	0.13405770161580222	True
2a304f9fef50715887e73d9b8303feddbe20a3661dfc9b029465ce292864a810	product_exact_summary	product-6x6	0.3481334000335378	negative	-0.10993697446251463	0.1721328076607715	-0.19774369039287648	-0.19326437870073937	-0.02660957022428989	-0.02561088273210499	-0.19137601356044426	-0.1443813745006513	True
2a48db736fbb823c5700f72547d955fd734519997b11fff9a043834fa1e1b43d	product_exact_summary	product-6x6	0.4616779427229105	positive	0.11219825726104185	0.07358306674437665	0.13303140980616152	0.14813400928791226	0.07455094254353561	0.09136510471592219	0.15161977751191524	0.017337201829764726	True
2a633351f91e53f929718084c61265fa436b2a46e5a240f9d3cd75e2b747591e	product_exact_summary	product-6x6	0.725077722477178	positive	0.1161844588654542	0.023263606766517286	0.11064327511445737	0.10797338060870054	0.12172564261645102	0.13123698737521783	0.11188802307682089	0.0951170683973237	True
2b4faf16c3b4518548406c116da99d6483993d04d3457cf27b0b2fc1f14bea62	product_exact_summary	product-6x6	0.13268092895842068	negative	-0.1132542823593898	0.10175149900669803	-0.16395445839200015	-0.16038694546543994	-0.062202959385302126	-0.06612161925333965	-0.1569842595477914	-0.09154550080055956	True
2e7993deadb23042458dd6868f7da09878584784e07182703832b2391635e63c	product_exact_summary	product-6x6	0.7336535724335023	positive	0.18707789174703676	0.19498178197709148	0.27202044652819346	0.27604895491764936	0.08106717294055787	0.10213533696588006	0.28243887084991237	0.1197078583041884	True
2f23a8fb79d3a655f589df7cc93b28e1062dcd9e24861df00585e45438fe51c7	product_exact_summary	product-6x6	0.3696859977781041	negative	-0.13018158138194477	0.17523043729174675	-0.218849057857668	-0.21530446416708132	-0.04361862056592125	-0.04505869859680822	-0.2113677740829623	-0.12235023278927504	True
2f4e569c76ccfd68949ca06727b771ac2f452fb2b87f9cd336567daef26f2ccf	product_exact_summary	product-6x6	0.7853852442535553	positive	0.17996203746899192	0.042310021622866234	0.1983505388424197	0.20098242500269314	0.16157353609556413	0.1586724033798269	0.20363566005491152	0.12371749626876993	True
3046c56659a8ee1a7bf437aab9e47ff37a6f59a5960d4d604f75c049a26168bb	product_exact_summary	product-6x6	0.45577879599921034	negative	-0.13698029673688122	0.09487064061134143	-0.09305794155072433	-0.09322180049638407	-0.18073879297737838	-0.18792858216206576	-0.08790933636176779	-0.16651426238250588	True
305c28fdc109fe9b30ad18a59fe8e3fc8f913c5863b14b4292acb94343e4a60b	product_exact_summary	product-6x6	0.6207083506367792	positive	0.13087575307097465	0.01846099576990312	0.13112804981085202	0.1329316358842051	0.11447064011430197	0.1306234563310973	0.13493269851887557	0.09714858891025235	True
3074dece7f1e66249f281dbafb75b2d00c3c378dfefbf13a073596373017b3e9	product_exact_summary	product-6x6	0.6611677150110524	positive	0.10189452513911962	0.13054755630184778	0.1554840225364258	0.1589584545630116	0.02841089826116383	0.048305027741813444	0.16515517130498802	0.029041228472737712	True
30b546385f884024924643e9347ef58ecb339a022eed2810a41c0e1d70d9526e	product_exact_summary	product-6x6	0.3449435183882872	negative	-0.11701200382765078	0.1884228361963069	-0.20469778755148815	-0.20885861731744892	-0.020435781121142027	-0.029326220103813416	-0.20629297944981417	-0.11982679968479959	True
313925969dde93a734a642bec4db12a1d9483467c8e24b826ed29a9a576b12f0	product_exact_summary	product-6x6	0.30131377453774644	negative	-0.1274491326537542	0.2430037296118261	-0.24948118410389575	-0.2463312179082796	-0.008567047399228811	-0.006477454492069656	-0.24076143455390442	-0.07851352034456371	True
31d024235de170e9b3885134eb0e7d14a590289d4315e8484aec8704918f3244	product_exact_summary	product-6x6	0.40451646339137415	positive	0.10230615814123059	0.02922359211992892	0.1018942575953764	0.10585156596208495	0.10271805868708478	0.07662797384215603	0.11054440184464509	0.04137521761209478	True
34a81440583da5d5fd5b7ae72317c9a5e2d911792b2932ab516989273682c069	product_exact_summary	product-6x6	0.6652800011559784	positive	0.11318535206162494	0.08800224850995464	0.15065426990856523	0.1393611714912235	0.06265202139861059	0.08700953263202638	0.15376406626230776	0.01896886812434373	True
34c87018e1eb73c6da4f1fca8491429a7f9c72af3041f4d70ad21a7ef78713af	product_exact_summary	product-6x6	0.41240524432684467	negative	-0.10389104969626756	0.1629165785790309	-0.027426742774929735	-0.023334165002924012	-0.18035535661760538	-0.18625074358195493	-0.019503500293406306	-0.1481181604264803	True
354bd824af772f55165eb6233f88a2d877ae8ebe2de640ac0584b95efb108126	product_exact_summary	product-6x6	0.6795678503509199	positive	0.10074158925909116	0.10227090042941667	0.13737429748959284	0.13435903289273332	0.067124145625449	0.03510339706017618	0.14130122749086738	0.07571702191844432	True
357c1493fee0467c7ab1c264c089b08b63ca89104212a7570367e2711133575c	product_exact_summary	product-6x6	0.4770525277239166	negative	-0.1184005647810753	0.054154044763766396	-0.10191819080221265	-0.09969847221631178	-0.13488293875993795	-0.15385251698007818	-0.09536901534095032	-0.1758539381313332	True
35e657f178d625cdd64ba1a65c549047a40cfdf754ef6758b6d214e61efd297d	product_exact_summary	product-6x6	0.47382676910286525	negative	-0.11653301758982632	0.01685671730206273	-0.11794306108620944	-0.11512297409344319	-0.1187256605996928	-0.10186894329763008	-0.11397258464258475	-0.14499552459470866	True
374d84c578c787f921e9a1a0e3cca82a316690b7d7d91b3f89174f41d9a2c5a0	product_exact_summary	product-6x6	0.8450470460361871	positive	0.24119443101446564	0.18983947085739583	0.32143315191294564	0.31878319877080374	0.1315936810555498	0.16360566325812753	0.3271276120698148	0.19052079816636636	True
37cc5cc988e226fb0bbb86df2900dac911e1df7bd34f5f1f475189d33d717eb4	product_exact_summary	product-6x6	0.6782585170137565	positive	0.17635299471343102	0.03041020292452279	0.1774781213517076	0.17889513546303504	0.14848493253851225	0.17522786807515445	0.18070313705935392	0.15431724872170394	True
3806e9698ed43bb7c05093851cb69105bdc5f1d34b8fb8cc4606c2671bb983c2	product_exact_summary	product-6x6	0.2711687852795924	negative	-0.17560999314077114	0.03346759761445811	-0.17385119320042547	-0.1773687930811168	-0.16259517799310202	-0.19606277560756014	-0.17470674782340007	-0.18081659303103764	True
38b88c977688f9aafb7b1c286cafb5646dba67463eb0a05f9360c335b8e9cacd	product_exact_summary	product-6x6	0.21948329351800874	negative	-0.14388757480962008	0.19252347220551475	-0.23612749908304528	-0.2410312890754633	-0.05164765053619488	-0.04850781686994857	-0.2351674074355127	-0.14083641114849074	True
3aac4169f240bbbf1b95452c69e4d032592263bee653879e58f7f292f02d12ad	product_exact_summary	product-6x6	0.26689390045714045	negative	-0.14070529226696632	0.12380464922575035	-0.20035465059423962	-0.19652256733807982	-0.08488801719585282	-0.07655000136848927	-0.19312862573003764	-0.10855223046901985	True
3d697e194680e3c7d41f48f851b50e39fdaf916894ba8c37dbdf5999bc0eb69c	product_exact_summary	product-6x6	0.5042832146206166	negative	-0.10265124652391272	0.06225759330903147	-0.08267738202039943	-0.07711973214713885	-0.12262511102742601	-0.13937732545617032	-0.07514598580749987	-0.13416385940406717	True
3d85a32fd87b384ee4f207f826b60827ff449e38d1b2391f5dda043188f26138	product_exact_summary	product-6x6	0.7062348937205126	positive	0.11030222946133894	0.011855192006757553	0.11184575747102321	0.10875870145165467	0.10062382725209573	0.11247901925885329	0.12120975160863734	0.06839600126606271	True
3d91243f54786a613fd3ae4c997cc0eb7d51ecf323c9cffaa693c24c59a37efc	product_exact_summary	product-6x6	0.2163544745257125	negative	-0.1077275380971286	0.024331652980553564	-0.09244103058934172	-0.09901384702827226	-0.11644122916598493	-0.11677268356989529	-0.08772500010986678	-0.1485285188854209	True
3dad98306cbfbd24fdb99aa2abd4070f7a8105ed244ca0ecc271494843c9919d	product_exact_summary	product-6x6	0.7419245351256871	positive	0.13354048487597792	0.13962404983896004	0.185131184352204	0.19176372523701057	0.05213967539805053	0.08194978539975184	0.19709477099542028	0.10858719705182407	True
3df75f568d60866a98fa6a1deb89e852e979b6fa13bf6ee613d8fae5e759d2cb	product_exact_summary	product-6x6	0.334497278502327	negative	-0.13052458386151516	0.1796440533483341	-0.2061100112370844	-0.20650838196442978	-0.026864328616095667	-0.05493915648594594	-0.20339022308412036	-0.14547822954194212	True
3e3a7d3f75458bd6b06d3d58314b490cee00f4f3266b19bcce06767901d6ff95	product_exact_summary	product-6x6	0.43174488349729967	negative	-0.14480611187626646	0.02466386635121809	-0.1440705058843288	-0.14554171786820413	-0.16340220337343936	-0.13873833702222127	-0.1411051336109479	-0.2189158955454893	True
40e15245a8b715733534edf4ae775e1d2007c1c9b85ffbfe59a33725c3d3cf0c	product_exact_summary	product-6x6	0.7878058884947629	positive	0.15318050986637816	0.12211407791413942	0.20980436926051704	0.2156299443009546	0.09655665047223927	0.0935158663868152	0.21916884680305848	0.15278019018753575	True
4236160e08ad056182c921736ee60c9da12e3463324df4c051e91417a4207bdc	product_exact_summary	product-6x6	0.2600261596254162	negative	-0.16885815745769708	0.2569366476511517	-0.2926774980161466	-0.2965878013501	-0.04503881689924755	-0.03965115369894828	-0.301990969997991	-0.15265083694210163	True
425f17164e42c3d8f5c3b20998d26905f376bc7eaf61c36819e4703243ffacf6	product_exact_summary	product-6x6	0.4319298096533058	negative	-0.21055104747365067	0.04094714245882314	-0.20033775358094202	-0.1938315975253148	-0.2207643413663593	-0.23477873998413795	-0.19365924891543135	-0.23285752918704344	True
441c98265b32009694810f96b867f18960e9ecb5aed583b9d2639b0ace237d1c	product_exact_summary	product-6x6	0.5037815469371154	negative	-0.11027385206691903	0.07394647857354186	-0.14409828818996429	-0.14215968585390115	-0.07015180961642242	-0.07838801827993691	-0.14213693710336917	-0.17885843101969867	True
454b8ee37cdfe4f20575d058dc54ac4eecac0167825107d2ebb3d4b54a980da3	product_exact_summary	product-6x6	0.7064188059919058	positive	0.16941827340620072	0.23987572156422055	0.2787250657846901	0.2854959066941988	0.060111481027711355	0.04562018512997823	0.2913707774257924	0.08666926229721306	True
459eb50a02ce810a997e356a4d66d11a01325bd4ccc0458044a7bcd83ecf30f6	product_exact_summary	product-6x6	0.3251447023827747	negative	-0.11816313504173023	0.1148816687337208	-0.16756472482392148	-0.16718683750152397	-0.0691394325819365	-0.052683056090200686	-0.15715158760003628	-0.0798175171472228	True
468a1b482afd8da9c238bbe0f2bdb686b0a4318cd0b8a68a5c20662a65ea5e3d	product_exact_summary	product-6x6	0.6179181943741203	positive	0.1598096180152831	0.10249857862641704	0.11052100671543785	0.11021997514308524	0.21271855376950227	0.20909822931512834	0.11713830829751193	0.1572911907902595	True
47c63db851776bf4d92852007911a3211d6a6bf69dc57ac087d2793742a0a2b4	product_exact_summary	product-6x6	0.2988052126932494	negative	-0.1263944576112365	0.06907957187408725	-0.15522713744266953	-0.16167295803662024	-0.09259338616253299	-0.09756177777980346	-0.1555460158827462	-0.11284171546094118	True
4805d8b8fb408a33dae3188ccbd6241dcd1e022c6346751809074950a10e5d36	product_exact_summary	product-6x6	0.21026320428593953	negative	-0.10276443095507178	0.15392446501905407	-0.1783201013383819	-0.17390667899768714	-0.031622182912456415	-0.024395636319327813	-0.1706105320963387	-0.07199040860274303	True
48fb980c9e3bdbd5aaf1033e0f64d202da1c07eb2cc2c72c08ac20d6f437e525	product_exact_summary	product-6x6	0.6099669258928276	positive	0.18569174315655243	0.04447958189413759	0.1920218771188042	0.1982721466687709	0.15379256477463332	0.17936160919430066	0.2022413331171476	0.15180005637584865	True
4a84b50d647c5c378fd52b4751d6bb326eb2458fe46aff6cfcef39e4c126d7a4	product_exact_summary	product-6x6	0.42980887659771394	negative	-0.11740828380221013	0.10563362949691557	-0.07627501644370227	-0.07214303711089298	-0.17777666660780855	-0.158541551160718	-0.06898491776840732	-0.23533237593699485	True
4ac262a0bf2736799e8622aebb9c1b07ada1c9ea0198c7f77c2add308d213816	product_exact_summary	product-6x6	0.7551190729580554	positive	0.16007807471037488	0.0670510188969059	0.19311968524527723	0.19351997171272728	0.12646895281582138	0.12703646417547254	0.1964904016505732	0.10068174581917633	True
4da4e10044f3eae6ba27b6be22ff0c064eb0d19de36160759b288ab9183c7eea	product_exact_summary	product-6x6	0.7940437296341297	positive	0.1919206711804713	0.10486577333790625	0.23600949019647388	0.24362729292810803	0.13876151959020178	0.1478318521644687	0.24804101396927003	0.16329793565172557	True
519ee32d9e8d325c97c634b19e1a72dd3ecbd26fb1e19d6816638f6eb1b608bc	product_exact_summary	product-6x6	0.37551023084282953	negative	-0.18665813121162333	0.11465811915883861	-0.22855861453953874	-0.23164809854431023	-0.14475764788370793	-0.11698997938547162	-0.23045847460410274	-0.24718414837039748	True
5354595beab0c40f11ea32166bda7bdab2d46e13d7d8e180a7b637683e29cb99	product_exact_summary	product-6x6	0.4724652419639061	negative	-0.12063513693904954	0.027573954634078746	-0.12986940287411525	-0.13060573326105757	-0.10303177862697882	-0.11140087100398383	-0.12823818106664892	-0.1932750365933335	True
536f1808d52820c1321bef131dc252634cfa9ff8e2bd8b159495b26f471ba420	product_exact_summary	product-6x6	0.7036707194317297	positive	0.10002740519257869	0.08597584577654316	0.12589082545880192	0.12869432365623235	0.07416398492635545	0.04271847787968919	0.13004962710938428	0.06187604317017148	True
540207980c17e9b0ba51dfbe507f0641091c787b82722b04df324716fac25de0	product_exact_summary	product-6x6	0.49291429915310103	positive	0.11034117942070071	0.09919959048540855	0.16363999310238914	0.15165065793472438	0.06903170090667704	0.06444040261698059	0.16848489212926715	0.06078360703949637	True
5618ec3450c9ef571aa4808a891e078104db994182411d751449d558e75977de	product_exact_summary	product-6x6	0.2129572814848749	negative	-0.16562430992624505	0.22690711186766352	-0.2715782195483082	-0.2724759391080821	-0.059670400304181886	-0.04556882724041858	-0.2672162793077154	-0.14888146063421773	True
57e06c640688a84d8a7fd1993ac5b47d11a91821fdab3178f2d7399c427f2f5b	product_exact_summary	product-6x6	0.7994594029001508	positive	0.1752750713726196	0.0226177243461122	0.1860343148185598	0.18644572854265007	0.16382800419653787	0.1645158279266794	0.190478534135759	0.12154370340912468	True
5860ee9dedabf5835c9845281bc4d92678cf236143293e86f439dd9951bcb920	product_exact_summary	product-6x6	0.6253490815094812	positive	0.10221159640102107	0.06898675065965632	0.13675562123123064	0.13248608281056706	0.06776887057157432	0.07193710999147507	0.14011817009999689	0.0491137562214512	True
5869ffc71d2df9dbcae34f0439fd7925a12865ad57f18756978efd534ec815bd	product_exact_summary	product-6x6	0.3618844456947809	negative	-0.16789201215223476	0.13459576090896225	-0.2233771343661351	-0.22321520608589146	-0.11256881821857806	-0.08878137345717285	-0.219768658250091	-0.15444034523529598	True
58bf2425cea408d7fd147d16a1d94203fb7af6982e65836551712161d10429ff	product_exact_summary	product-6x6	0.7297048134601353	positive	0.11576010194241709	0.14446728680606713	0.17658089541788757	0.18408006238270458	0.03961277557663745	0.05493930846694661	0.18748962744830477	0.09740671463931161	True
59916293ec330c875adcc97b531a3aa17683fbe71dd70caee2fb00401a91c070	product_exact_summary	product-6x6	0.8200562929732336	positive	0.2331974451196553	0.09841561509842411	0.27836135511773763	0.28102151002639353	0.18803353512157295	0.18260589492796941	0.2805805128882124	0.17767089266160652	True
5a889e623dd12a803e461722bb5daec12919b533a8f63173de2ce6686016111c	product_exact_summary	product-6x6	0.5436868706018039	positive	0.12861767070709	0.007752304040369251	0.13183734634348693	0.1322246528625286	0.12539799507069305	0.12447234882215935	0.13892854169765212	0.07745758599742203	True
5c045fcb704b512291e401a65341825a60761f3761bea61d5f0cd9bbc2e963f4	product_exact_summary	product-6x6	0.6142981851747873	positive	0.11899258771096533	0.06142121877113127	0.14960762141759254	0.14764511837348815	0.08818640264646127	0.0903400570484425	0.1608365022001541	0.09443808216654337	True
5defec316cf02d7cf476efe35b1e32815bde75fdea085b7fca9267479d2b2c74	product_exact_summary	product-6x6	0.5400056270330738	negative	-0.12337945951931145	0.031109599798529897	-0.13189477463357524	-0.1266195896473319	-0.12013932939129102	-0.10078517483504534	-0.1280232403005337	-0.13632188098634956	True
5eecf7a1c32cf18a05a6d2c746aa8ee5e06714407c6e2a8287f3583bbfdbbf92	product_exact_summary	product-6x6	0.7957602955129961	positive	0.15684810550427997	0.015722641624642764	0.15872671736368293	0.16229845511077	0.14657581348612725	0.154969493644877	0.1609696857131535	0.10150544442633491	True
5ef845afdba1392845ac5cc1bd8856e5bd53059e649444833a43e20e54dde306	product_exact_summary	product-6x6	0.730077428672846	positive	0.12214330952200342	0.05224781748006313	0.14282069206631487	0.1438552759087448	0.09160745842868168	0.10146592697769197	0.14691881940488338	0.06540086008662116	True
5f58aa95311921969d53241c97d5460f34c5f9b376eb15f07c6d36ecfa1eae35	product_exact_summary	product-6x6	0.6440105092808819	positive	0.15338010194821702	0.0961181325614866	0.193770347606873	0.19527798640324234	0.11298985628956104	0.09915985384175574	0.20174284444797863	0.11917633844167996	True
60d9fe3b75aebd387b5c94b8af5052bdb6dc59250ba8be281288cf17d2c9a1ca	product_exact_summary	product-6x6	0.7129570696243696	positive	0.10436368320297584	0.04366342477731122	0.12197910305568349	0.1237333744289012	0.0867482633502682	0.08006994965158998	0.12825963673453256	0.05528874809016582	True
656be8d5153b3491a599846adc0d4e98bce8174815cff131eb2a566833187472	product_exact_summary	product-6x6	0.25251106032786974	negative	-0.1001508178109615	0.11590400537139278	-0.15567632899994088	-0.15630764291197174	-0.04040363754057896	-0.04462530662198211	-0.15023560084601206	-0.07233714881892783	True
6ad2fca9531f0454dee91f6c145f93ceba91a8d511af176ead0bd97081a68d6b	product_exact_summary	product-6x6	0.7573027283926357	positive	0.2279738880765085	0.1941702939208672	0.3194532792345827	0.3227495974384113	0.1285793035175441	0.1364944969184343	0.32939875750522346	0.12123448768552925	True
6c0c0885eb1030261e8e18035db200d7b75744e2b677dd4a0f5addb46e77af87	product_exact_summary	product-6x6	0.7269783692301617	positive	0.16204698627877578	0.07312513582233149	0.19374015402137978	0.19491502921607506	0.12178989339374358	0.13035381853617178	0.1976912964618458	0.13891124371845487	True
6c470c961ab045c29fa4abecb84c988fd4fb665d82e05979c31c37a9e4e9f57c	product_exact_summary	product-6x6	0.739049891658231	positive	0.1293845727423631	0.11972461026355508	0.17875291471552301	0.17909587884988964	0.05937126858633457	0.08001623076920317	0.18476838244757243	0.09275413546278433	True
6d106a41af622c4fff189e8fc2c3a8c071c7bf626b56598e2a994c09b831bd9b	product_exact_summary	product-6x6	0.4374821767958592	negative	-0.10800404725573653	0.10711705578071451	-0.1597273047098633	-0.15829036518798478	-0.052610248929148784	-0.05771772932348829	-0.1528525363842046	-0.09943092294827272	True
6d19c2ca8ad3b10dccaa426705fa8f8dd8e63e710635ed94866ec9c71be481df	product_exact_summary	product-6x6	0.7093463395324325	positive	0.125464971920415	0.019505624877070415	0.12817276800779154	0.12275717583303847	0.14207442369626488	0.12256879881919447	0.13798076323697084	0.06466106128906535	True
6e796374a50584c5d1a93ef5236a3c73fccba3b0ff5f3d96e4fe46cd8f9271c0	product_exact_summary	product-6x6	0.570187768854207	positive	0.13698615239894427	0.004096324820497266	0.13516411888292035	0.13728395196674675	0.1392604437034176	0.13668835283114178	0.14282975629394035	0.09680450979254351	True
6f25088e0b2246bd11ce52865990bb3c952e0d66a650ad8b462026ac0af6cf6f	product_exact_summary	product-6x6	0.7521517938469255	positive	0.10720244259021727	0.03792322970020667	0.10525286969493086	0.10915201548550368	0.12619056536998274	0.08826733566977607	0.11024848337135884	0.06263170048733535	True
6f68b1748aabe5394f2b97d47a5721d7fb825db79118319df6e542b5de25b7bd	product_exact_summary	product-6x6	0.5792107106185846	positive	0.12437143867818826	0.1991685846021426	0.21142315283218005	0.2057805851193258	0.042962292237050725	0.012254568230037455	0.22314905522271072	0.050285750952915986	True
70183f712dd4f98f06d00d7e0dae91e503c0046271ac76054e4a5e9212e4fc2e	product_exact_summary	product-6x6	0.5195104975728031	positive	0.1669388658115567	0.05481177694976891	0.18799419803190026	0.18788121493248272	0.14599651669063068	0.13318242108213135	0.19086947145703964	0.09975061411298741	True
7207e754cdc5e7da3f4eaebac28a58fe0ffdd1c26ec4e0b3aa731cf777d3e345	product_exact_summary	product-6x6	0.5659261599132988	positive	0.1012035016477856	0.12269942143000978	0.15756252661071313	0.15704197623979516	0.04536502705577605	0.034863105180703347	0.16932813603070634	0.0645410785610977	True
72d3c1676c643b18c43c5a1651dccf5ff822843fb0d12e3d2e5b57cbefda9924	product_exact_summary	product-6x6	0.30224502576966045	negative	-0.11412434634418298	0.053631749180863886	-0.13302286569439975	-0.13852318479391934	-0.08489143561305545	-0.0952258269939662	-0.12920450214979856	-0.1141120280062467	True
72e39d0644d9d6c31bd35afef604d7dabb17cb766f0a3505da3bec450c6fe792	product_exact_summary	product-6x6	0.5647458221387945	positive	0.11128158988816972	0.07709115673321598	0.13915002146320155	0.13635050460319675	0.08621267517314268	0.06205886472998556	0.14422807577504865	0.05945088915309382	True
734a8c444b9f3524707b9bfca486e496d4a8f837b822572ca842d5b775e02df9	product_exact_summary	product-6x6	0.741046094783725	positive	0.10049978673854632	0.08650446723759686	0.1422558844429238	0.1429901652072545	0.05874368903416882	0.05648569796965763	0.14960637993623016	0.09098543669456127	True
746eb40171b1aac2ae14da216f32774c51b76aa6f966c6da3f2b1787513fbf9f	product_exact_summary	product-6x6	0.2299141792598046	negative	-0.13286740018791104	0.11248393829089959	-0.1859933500720289	-0.19070867566895292	-0.07822473737805333	-0.07974145030379318	-0.18163267541759034	-0.12588061776037204	True
74df60b68083d654de6ffb6f6050502942408195de77e218954632c5ec2aa069	product_exact_summary	product-6x6	0.49189831937278344	negative	-0.1477362467705588	0.03768853012354423	-0.1551071303141101	-0.16019297605111943	-0.1225044459275752	-0.1403653632270075	-0.15091202284529132	-0.16385376930826062	True
7560df61df9c0b523b8a3792acfa6e4a7918031ba0a2b78b7e0ff605bfca5f56	product_exact_summary	product-6x6	0.2511428281870743	negative	-0.16075344101418296	0.23048630457777813	-0.2720574660440141	-0.27583874304796624	-0.04944941598435182	-0.045352438470188106	-0.26811316781352706	-0.06648525013119311	True
759e32052dd4fb203111c105a686def0d12b47ca37508f8551cba6fc460bcb9a	product_exact_summary	product-6x6	0.6913127951821435	positive	0.13178950994218286	0.1854915653708697	0.21021050480104464	0.21212248048080823	0.05336851508332108	0.026630915109938536	0.21910798831803058	0.06564820401032578	True
75ef555ba0afce998296d5e4519c64d21480c05c2f22b80004cdf4caabaf800d	product_exact_summary	product-6x6	0.6374306336867614	positive	0.12482068390686207	0.09653025771005974	0.09972707233014089	0.10450885636201945	0.1451325114517047	0.19625733004020063	0.10795611605222044	0.1593554896963671	True
763a40eced9086fdc9db275d98a3266ed792eeef83e813413e49543c11be5d92	product_exact_summary	product-6x6	0.7519125051260709	positive	0.13185742182045573	0.0721981272258867	0.0975436124065312	0.09467887679535891	0.16617123123438027	0.1668770040212456	0.09504212737767714	0.06018780502601173	True
7936c31a6c8917ca18a033e632a68a0d8957dc9037ee9c638140418243068eaa	product_exact_summary	product-6x6	0.5224351136691889	negative	-0.141242556642885	0.046382325470391006	-0.14273952573724102	-0.13974558754852895	-0.1545200776432456	-0.1081377521728546	-0.13758114976388658	-0.15406731048916622	True
7a2668cc9e1f216ec365a109fa756a6b0df66fd3d338f1e9287b712c06a78b22	product_exact_summary	product-6x6	0.519898791249386	negative	-0.1321605656510999	0.03352147486944812	-0.13323050071303988	-0.13109063058915993	-0.14637503236301674	-0.11285355749356862	-0.1298302303679224	-0.14959027236551325	True
7a3e92c8a1618f2682b3866cf8ec4be9fd81852b606976ee5536f3575fadfba4	product_exact_summary	product-6x6	0.6869692999812803	positive	0.10399375874209427	0.11215880596588157	0.15369208133618228	0.14781101601388935	0.041533275370300715	0.06017650147029918	0.16119735271201374	0.08362512080779305	True
7df7fead6529dfb5a522f0968ee73ea744308d3b47041ed4e7c56549427d79b1	product_exact_summary	product-6x6	0.3018271101126615	negative	-0.13390501416615658	0.07029857126985023	-0.1468794669685714	-0.15071539217940477	-0.08041682090955454	-0.12093056136374175	-0.14437589352143915	-0.15785897143576066	True
7f9262e954c60905335ff62dc8c600a78d6eccc6953ae199a8576817e6bdd835	product_exact_summary	product-6x6	0.4681354905157827	negative	-0.15455700451563054	0.03613372665072889	-0.15140614473556485	-0.14934609863817244	-0.15770786429569622	-0.18547982528890133	-0.1423243604848468	-0.20696366740867772	True
8086c9d65780a5fa83e01ada8ff1ff67fb9cd651ee770c45480971a3e2618230	product_exact_summary	product-6x6	0.23476206165637958	negative	-0.1586553828009497	0.15652551709453494	-0.23211635390342245	-0.2350177335413141	-0.07849221644677917	-0.08519441169847697	-0.23088470063535332	-0.14502941586779228	True
814a05912e82d17418981c60b1dfb5c08d0e982123b34f544150d82fb0782a04	product_exact_summary	product-6x6	0.7007180279300561	positive	0.11418727397861811	0.0515326691957988	0.13547259093038333	0.14049993452467613	0.08896726532887733	0.09290195702685289	0.14416178451798467	0.0628791354756062	True
816481fe2918088a4dfd0278b9a73d23f48a58fd64f4602418c32d205ad6f8c1	product_exact_summary	product-6x6	0.47777155908897184	negative	-0.13654092820528207	0.05890290400307874	-0.1107901506917065	-0.119727621212525	-0.15335423519803915	-0.16969305469478524	-0.10981110045308584	-0.20125279059907175	True
82287af60c918b046e615f2e3636c896573ca36e622e65491a89290205c20501	product_exact_summary	product-6x6	0.44496765734524724	negative	-0.17952929900701387	0.046411311071814176	-0.15986687741318728	-0.164354691198082	-0.20627818848500146	-0.19470390681594574	-0.15549864325410057	-0.22922102632035257	True
835a0287a759a9af5b68768c60d3e13891f9b296104f58a849aa34a55f3cb865	product_exact_summary	product-6x6	0.5829528332650543	positive	0.10107404816861851	0.0033761442275890285	0.10396699342322424	0.10059084919563521	0.10094986734868483	0.10119822898855219	0.11333922370732641	0.06700617269053899	True
8431762b13ce95f9e0806f6773f7632c573dcb87bc7be4647b0f95636a45d862	product_exact_summary	product-6x6	0.4736917390688055	negative	-0.13223700633381852	0.043459801284445376	-0.1467767820923896	-0.14662481909077513	-0.11784919357686191	-0.10331698080794421	-0.1430307763502378	-0.1938698870406637	True
86898f0648f7aece95f881691167f9f8d2a7bcc08002af4bb795697911e09225	product_exact_summary	product-6x6	0.5456307873795412	positive	0.1359040425857095	0.04994009088065954	0.16140607318873562	0.1558621863215427	0.11146598230807608	0.11594589884987633	0.17404056576242954	0.10514421776443988	True
871f1b2aa2fdb3b92434fdf69a235d99869f63422abe2d27d6b571ded80fdef9	product_exact_summary	product-6x6	0.3454035477769768	positive	0.13190625774355533	0.09711412807579392	0.17628763283587032	0.17251924411549996	0.0791735047600764	0.0912932713716107	0.1836780008392238	0.03921668536608014	True
8829a446ea783aea554b6c6adf8a4c7082653f0786e285bf6a5af920aee09e80	product_exact_summary	product-6x6	0.6494852326309384	positive	0.13042416885626507	0.010609530633819308	0.13121003475187032	0.1296383029606598	0.12699572712924811	0.13760525776306742	0.13948348310145908	0.10196645231144097	True
88c5a321426e0f6468806e4634fc6875d8d9ecdfd971fcd537f8fce0d00001e2	product_exact_summary	product-6x6	0.7416155702358017	positive	0.15167474135892456	0.01911295953468284	0.14929712065093514	0.15405236206691397	0.16653286150364144	0.1474199019689586	0.15872236985374066	0.11466154832098541	True
896e7557db7e774f490c9cfe5cceeea49bbf493644711ec38e3b11839e3defb7	product_exact_summary	product-6x6	0.46818101848024163	negative	-0.11075500928832333	0.04867004163426525	-0.13434326458359191	-0.13154807322843076	-0.08996194534821589	-0.08567322294932667	-0.12478288271263271	-0.09605776737373406	True
8b309049df6a83c616a00763495e4562a0e73f9e2cf4f223e6d9f1aae0abe702	product_exact_summary	product-6x6	0.6925162291744091	positive	0.10862851421365882	0.0761853526108831	0.144509856365306	0.14150776850836477	0.07574925991895287	0.0683245037544229	0.15000679700033492	0.0936783545120442	True
8b6db760dbedaa91b83cfc1492ee9d29edad4ee636625160b0a5ee29cd897e04	product_exact_summary	product-6x6	0.30638930322403246	negative	-0.13315608480278263	0.15495400028392675	-0.19587402072951088	-0.20349500775495455	-0.07043814887605437	-0.0485410074710278	-0.18761724004140778	-0.11233236759690945	True
8c0c44151902933351ea19d62535ff8bf310e268c169ca6fef5106e212a5c13e	product_exact_summary	product-6x6	0.8536118881702471	positive	0.18743971904337386	0.02979967984490195	0.19182246911751444	0.1830569689692333	0.19573496866006046	0.1659352888151585	0.1962597418337435	0.18182008074859057	True
8cc53d11fecc6d5ca8e2ce4b7392b94979ead2b89f0a7c5ca99fa19b987926ea	product_exact_summary	product-6x6	0.7411565610540124	positive	0.11004896023344368	0.09318176613930629	0.15183489677627293	0.15701049372169396	0.06382872758238767	0.06826302369061443	0.15950600654517755	0.10451436809288028	True
8d95a213b922fade0d9626efba449247c00e937f8a5a99481dd921cc6ed38461	product_exact_summary	product-6x6	0.6910832042802716	positive	0.13741926364902718	0.11820161343165508	0.19047124929287784	0.1935604985537172	0.07535888512206212	0.08436727800517652	0.1998291390345419	0.07086795839881221	True
8db069ba4233f227307433657163d62f16ecdfc183d7cf9c4ce7fec6c3d8ba29	product_exact_summary	product-6x6	0.5270516726928121	negative	-0.13351987774419077	0.07362650966267237	-0.14646674056343656	-0.1468355147692726	-0.07320900510660022	-0.12057301492494499	-0.1449839227952654	-0.1624087627395222	True
8dcff6d04c1c5a1049748d14ccae1ed61480ad4792a97dce7da85c08cc5ef365	product_exact_summary	product-6x6	0.7401654001936262	positive	0.12056350684245087	0.13229068817873924	0.1772909416819507	0.17950376860005335	0.06383607200295105	0.04721308042131411	0.1825018359744317	0.07002358253034247	True
8df074c24ea6806307b78802f0058ba2da626f91bb066a413069fccd9f3f3813	product_exact_summary	product-6x6	0.3639356583238729	negative	-0.13636320141572184	0.11429102404473052	-0.18907211743578983	-0.18638562297922184	-0.07478109339105932	-0.08634077985222183	-0.18412090954948007	-0.15920711011402494	True
8eee0e82f7b451edec2b5f0fa67e6be8c538215337b9d4c7a6ec9be3fc4008b6	product_exact_summary	product-6x6	0.7779143209906128	positive	0.18118363434079082	0.09349303794014974	0.21575949621647084	0.22119299310861895	0.1466077724651108	0.12769995516846921	0.22263897977956837	0.12428929092976282	True
8eee519020c93770ef4e1c45615321e2595c6f83cceb1b16c0b07685afda9c7d	product_exact_summary	product-6x6	0.49311314597247125	negative	-0.11722430923512361	0.0638449042554976	-0.13383520059512055	-0.1392111321785504	-0.07536622792305281	-0.10061341787512668	-0.13083936290524323	-0.1575573806969065	True
909adc44cdc5a58cf4740d001574633219ae4487c261c37e7f0650315ccbb861	product_exact_summary	product-6x6	0.7806185522704935	positive	0.19173922220276046	0.10523871614027125	0.2293764328231026	0.2312524408799389	0.15410201158241832	0.12601372473966765	0.2389646214961476	0.10412065180118191	True
92a6c5f26f424789e34c296c51547b2eb34db3f9ea3d5e9ed2557a3f86038707	product_exact_summary	product-6x6	0.7760006261018599	positive	0.1550175331010583	0.11955444599611087	0.19891055498597887	0.20062814477306945	0.08107369877695858	0.11112451121613776	0.2052965970685554	0.09934255008760984	True
933cc62c8ffcafb9e293e12e0cf84f73aed973faaec9bb0b7f0888310b924a17	product_exact_summary	product-6x6	0.6847152206864752	positive	0.10405143565167552	0.01802134125031052	0.10119184868960485	0.10691102261374619	0.09555133243602032	0.11357267368633084	0.10765368838074996	0.025898924624032538	True
93576cf846de7164b072ae19749d1e21d8365672a9857466a3e83d59925854f3	product_exact_summary	product-6x6	0.20573336269304465	negative	-0.13270464269920834	0.13025907079661975	-0.1965460736139225	-0.1951799494135456	-0.06628700281730276	-0.07022933598487108	-0.18856884018233605	-0.10915687236684157	True
93858abdf11d88a56ae8290fb678caa61261ff38596e30bcc4de9702d617f0ef	product_exact_summary	product-6x6	0.7754689397376794	positive	0.1469124461918751	0.03632061929037633	0.16332676165097593	0.1569986007738834	0.1270061423605996	0.1368262916098668	0.17140176219391634	0.12015976102739001	True
94dc33cf279a967a67f13378c6c8c0c83f65d782db30ee7b5a0c19dbe9db6b04	product_exact_summary	product-6x6	0.8018784363194482	positive	0.1472440524008815	0.031546321335447214	0.15378532196604566	0.15330507284293848	0.14118303195882453	0.12223900063059845	0.1553364475408634	0.14115357937234174	True
95690a62a2ca4431c1fa9d9b0fb00ba5c879ae9c277f8393733143147dc8fca7	product_exact_summary	product-6x6	0.5165919263203053	negative	-0.12330532790084164	0.0386023209578894	-0.13738981718428567	-0.13552070514847347	-0.11108995065320981	-0.09878749622639627	-0.1313909315584746	-0.14091845018500593	True
989b4b53736afdb0a1b94d5279f02d7060f675065561f2af078b85de60957120	product_exact_summary	product-6x6	0.47152492244199035	negative	-0.11843679067499041	0.14401575160381086	-0.05507881282535726	-0.060875499028023194	-0.17599808232195763	-0.19909456442916812	-0.04457074328297478	-0.1589376775450026	True
99fae74421be1a3606bafcd4fd9d9bb88ba14d9a13a39817b4c6d30dd7a55b2b	product_exact_summary	product-6x6	0.7113363579999483	positive	0.12060862459429977	0.05465866879523085	0.14284854883268638	0.13949830825915632	0.10171894092944322	0.08818988003745554	0.14618050804620664	0.07479647806096135	True
9a1bf0ff19f310b2cb78a2461f1e34b3562ee8a525bc17d9a8eb388c8b88ca7f	product_exact_summary	product-6x6	0.44793929705019214	negative	-0.12092458547146717	0.03603098566219631	-0.120058663847391	-0.12179050709554334	-0.14932867590896975	-0.11329769024677344	-0.11791214718313542	-0.21113651269921468	True
9e0fe2e3385e75b385de511f024c2a497d34f92e32798e21d68a076d066aeeca	product_exact_summary	product-6x6	0.3232120077837046	negative	-0.1819863370707093	0.1575716762235318	-0.251272156029674	-0.2551653157333993	-0.11270051811174459	-0.09759363950986749	-0.2499444573064189	-0.16771684037610013	True
9e46b0c0b435913b13a30b5dbfc31831c297beaf9695b4b8b865d2c292afdfcf	product_exact_summary	product-6x6	0.2464665263295041	negative	-0.13373195685171096	0.0699619959649323	-0.16419145370686822	-0.160744358712339	-0.10671955499108293	-0.09422945774193592	-0.15507427982334904	-0.13518925625861689	True
9ed519ca7195347f30de6f0c824ba8399f5256ac854af16a29a00dd97868a04a	product_exact_summary	product-6x6	0.6506399849469919	positive	0.12251838422088435	0.03924361863234155	0.11535742889458178	0.1209856956312585	0.1240510728105102	0.15460104752692333	0.1256224850564831	0.16101752477726228	True
a050f078ae1996e7fe333b859511b129f0622c60ec4e53655a65ddbcd5c14401	product_exact_summary	product-6x6	0.11269569856020041	negative	-0.1375663387035705	0.22117361440237832	-0.24693773971380817	-0.24537840507327363	-0.029754272333867335	-0.02576412531142984	-0.2445842729021282	-0.04144791047519618	True
a05a731fd384072c53f16a16b6e81c65b0465e7a747bfffe3bfb85da4ad88f0f	product_exact_summary	product-6x6	0.7776272424974987	positive	0.12499592297145501	0.04309274839096977	0.12923868729734966	0.1315903163930675	0.12075315864556035	0.08849756800209774	0.13327233022169616	0.11702765763787648	True
a0a822aab2e55b3adf5d537c2064957f63fd4b62f70534fc38ea14d0a7968905	product_exact_summary	product-6x6	0.0883158169868178	negative	-0.14050883128497085	0.16590224114865826	-0.21748808562330452	-0.22004601049245354	-0.06352957694663718	-0.05414376934379529	-0.21601678383122802	-0.06464914813244192	True
a1dfd4c7bbc9b2cc605aad36c8841b9c9958c3c0f2f9695deab20881bd05b47b	product_exact_summary	product-6x6	0.8309527767863086	positive	0.21068374205106194	0.07894488717647141	0.2475498650823047	0.24681326403896164	0.17455422006316224	0.1686049779058333	0.2534602773238278	0.17192096173621207	True
a2738a72f13ea9f05e76f9730c54c88b08ec69eceebae031afbfa0979a0e8cb2	product_exact_summary	product-6x6	0.5299886555236156	negative	-0.1042286815895277	0.10811590740659549	-0.05834230299092147	-0.05650503517308414	-0.16462094257967963	-0.15011506018813392	-0.05183342056721496	-0.1288846682228456	True
a4248d664b627d9728211a15ffe462d00791bef14c72bfadc5968dcb1018cac7	product_exact_summary	product-6x6	0.43004396072245676	negative	-0.14653488276784055	0.11303017660254733	-0.10337352782458742	-0.1028776393304186	-0.21590781593296593	-0.18969623771109367	-0.09952731647107138	-0.19405071283523512	True
a4baa531efb9739bedf574a9a8689bb33fdc9091b767f26ec6446230a195e9fa	product_exact_summary	product-6x6	0.6787214725998991	positive	0.12543563822616022	0.0632387425650629	0.13786789832265645	0.13794533447757673	0.11300337812966399	0.07470659191251383	0.1425486624731166	0.05582760941025655	True
a56b05e7386a0c94c3b761f23b513bce021107b68c7433dd629ca8a81c2ef77b	product_exact_summary	product-6x6	0.6311465218229871	positive	0.1378683625609407	0.17708708378010518	0.22566846446684186	0.2246186341049039	0.05111809101697751	0.048581380686736675	0.2297844806672794	0.04283967927606713	True
a5914194e95c5da04452274c148aa46ad5b5cac27a43aa3ff91c9f2984f35924	product_exact_summary	product-6x6	0.6768206319865804	positive	0.1491747612126766	0.06790302209737564	0.17843860806053846	0.178555794260031	0.11065277216265534	0.11991091436481471	0.1816540329538407	0.11660468772446553	True
a59e4d044f2088b45ba7d8c464977d80c0a2f595af140cca4e3c65a8b99c4638	product_exact_summary	product-6x6	0.26229800912352946	negative	-0.13562291880646674	0.07004554993726386	-0.1680181332757884	-0.16722178883029243	-0.10402404878264104	-0.09797258333852454	-0.16095336183862458	-0.13997692337223483	True
a6ba1baa83cce2b80e4797f80f0db05ecceec86b0d887bfda963ac1cfc56d229	product_exact_summary	product-6x6	0.8030938973179645	positive	0.1749795758493624	0.04219920183043335	0.1571829150627787	0.1553916951920853	0.19277623663594612	0.19759089702251864	0.1585251082048692	0.12632899783810647	True
a7b062c3b6c9f65ae75f672eb315a4dca6972411a0aa425b620a837f60f1474d	product_exact_summary	product-6x6	0.5683401765538444	negative	-0.10643175865547194	0.04262331302792621	-0.11540676077409417	-0.1138509145912171	-0.09901260271972678	-0.07278344774616796	-0.11420533365065622	-0.1430890949514403	True
a80b5d26a61e1b63e39a773faae789c3023e750c510b2061117a62cec6a8449a	product_exact_summary	product-6x6	0.7167272972839713	positive	0.1443837429917761	0.2073058778843051	0.2313458217134896	0.23313169285295698	0.05742166427006257	0.025825814968651883	0.23689217410261226	0.08884266695599796	True
aa9cf07b38c91a717c567bdad98d6c9a01ff6cf2d68321cc6d88f31268ca26e9	product_exact_summary	product-6x6	0.2265633013215427	negative	-0.10209011205601654	0.15434545875956046	-0.17478292992073477	-0.17897792441216445	-0.02463246565260399	-0.0293972941912983	-0.1701506222232166	-0.07850466150880889	True
ab5e67b46a7ab298e2b5fd2a4c6c27cb88a048ac9697d3249302784df5164fa7	product_exact_summary	product-6x6	0.4690142629736253	negative	-0.1486235617481792	0.06431793917403439	-0.11725545429791834	-0.11728715454741617	-0.18157339347195273	-0.17995996894894223	-0.10876168939034275	-0.18434385645642143	True
ac4a7b85c762a42f9f65c33ea72071554a52e15ea3e6006e5fbf29297027d00e	product_exact_summary	product-6x6	0.7353930301185438	positive	0.13652182661881002	0.02995334419021045	0.13504302499518794	0.13295940675132611	0.1380006282424321	0.16291275094153657	0.13709749655655012	0.09475749450260473	True
acf2618a47c6c4031c5e022f03b4fd72c256037ca213c7fe126bb1b7547ecc2c	product_exact_summary	product-6x6	0.7788172724218558	positive	0.19421878635628032	0.0336826342446942	0.18164783427991338	0.18285894016821236	0.21533046852460758	0.20557863254434827	0.18888881271297853	0.1658865630507993	True
ad0fcad45a52856445dbd4cbe54eb4588d287433baf656084adfdc862c823341	product_exact_summary	product-6x6	0.3933273662242468	negative	-0.14110718047281756	0.0316256420206128	-0.12783355716216294	-0.12739873996110895	-0.15902438198172175	-0.1543808037834722	-0.12025170049551337	-0.16314657051847725	True
ad997be9ec1d5d7afd29374a48547170f411ecfc67053859517f8b93e2a501e6	product_exact_summary	product-6x6	0.3827407020338796	positive	0.12063402620091673	0.057097282597058596	0.14702210455649167	0.15018883924946191	0.09309155665240332	0.0942459478453418	0.15721252039919748	0.08739289355784247	True
ad9fabc75d4eb684d8e9ab996d0026ec7668a8d3fd5403a488644876634b4bc4	product_exact_summary	product-6x6	0.8117826273691138	positive	0.18125579327885005	0.07610383581945968	0.20502423533231262	0.20543436567557405	0.12933052985611437	0.15748735122538748	0.2105110206731744	0.15759005354535183	True
adbb315418c7c8815135342f9a8fd1963fa946c3b4b40b7e15b9e464d4315c5e	product_exact_summary	product-6x6	0.4219681539761311	negative	-0.132016272882718	0.14800405181935228	-0.19038750433503915	-0.18549035029384653	-0.07854219547158947	-0.04238345251568687	-0.18591347330963215	-0.15643694779838158	True
adc50ba590a92362f248d01f546edcbba43877b32eb23224dac5df2894e16101	product_exact_summary	product-6x6	0.7763402538568116	positive	0.13351161596997607	0.09198720461606436	0.17436871421239575	0.1720869507567364	0.08238150959633139	0.09493628118321573	0.17940520695790063	0.11452973693548907	True
b0172ab70836b077697e717b790f18e9a13bbe6a546dd5baf6fa91c8a82595a0	product_exact_summary	product-6x6	0.7533200598986508	positive	0.13224702182445247	0.10852361935783794	0.17873852780462052	0.181926620836114	0.07340300147827605	0.08575551584428442	0.18247038343315436	0.10302423145238315	True
b21482ac98be711524dc7058b835d833dae66800d2a8a7d29e455cb3539ccfa5	product_exact_summary	product-6x6	0.35721238714956155	negative	-0.10804989154725908	0.05465939402764708	-0.13418125563582678	-0.13492297449722562	-0.08026358046957854	-0.08191852745869138	-0.13124059993899945	-0.11364745868498038	True
b2445a0241aee65144b0adffc3c55e8f43836167d03ba878d672168de2bfa7b0	product_exact_summary	product-6x6	0.7581444221138575	positive	0.14035473515523028	0.07768867734935236	0.17593944211517265	0.16960188380516517	0.1111075865052954	0.09825076476582029	0.18012192336182786	0.1061707222606385	True
b2656ceeda00feb43b4a2c6a83d3f93ec80ce20eda98b7d0739a575108dc8499	product_exact_summary	product-6x6	0.4485951124044876	negative	-0.11177708377308526	0.01448812929713017	-0.11338894297503987	-0.11788843518625791	-0.11016522457113065	-0.10340030588912774	-0.11386172772317593	-0.15732601181815642	True
b3c826a25ab1371f40c1b2103fa537850df3bbd551760cc93ec9eef46fd9fa56	product_exact_summary	product-6x6	0.31839821199612656	negative	-0.20269895003449098	0.13023174757837375	-0.264626039425859	-0.2607938616647852	-0.14460403840419678	-0.13439429184748525	-0.2601003826598856	-0.1809810451955724	True
b4f04ca37e61e47ef75507b5d11b6603d6a9f1756945c3eb3257d8da00b69b92	product_exact_summary	product-6x6	0.6783176832588504	positive	0.14565938400579553	0.17241916897874932	0.23387527871879432	0.22887572824186864	0.06244303976972243	0.061456109740045006	0.2387513400059343	0.05605414857815316	True
b5f1dda6575bd409228ea3bf1a3ef2f3509adedafda7d46380cca1235d3fa052	product_exact_summary	product-6x6	0.2442975479246023	negative	-0.13771718119810836	0.07010417378718037	-0.15925548455460697	-0.16334475798832593	-0.11617887784160974	-0.09324058420114556	-0.15371793542396223	-0.16028897130783015	True
b5f4900bc2b234d35e60fc77155624ce029c4b411ad422b50aa297b82197b713	product_exact_summary	product-6x6	0.7737820992494412	positive	0.1875556365995092	0.10919209292283771	0.23339100708597849	0.23698412080474784	0.12779202788191013	0.1417202661130399	0.2424180845421423	0.14068673152579703	True
b6296c413c4e7ff5aeee1b792b084ac4e2908d6741b4cb48b1393e5a6141a68e	product_exact_summary	product-6x6	0.6071858535313248	positive	0.11891178285250387	0.207562498212572	0.2193528288539478	0.22131064361020902	0.013748145397637024	0.018470736851059932	0.2260342183855446	0.009368366509923676	True
b69dedf9f547dac9432113e3e035b6a64d46613c06257ffaa7e245779a566881	product_exact_summary	product-6x6	0.4606882276759617	negative	-0.14507966144033096	0.030063669365419377	-0.13069241744208787	-0.13179452710945544	-0.1583647957712065	-0.16075608680750725	-0.12615510282793313	-0.1921071190628651	True
b71c211233a8eeb5c9ff343d3228d650ddfcc2c550eaefb028a23e7d51289bdb	product_exact_summary	product-6x6	0.6847767027107823	positive	0.13079061029691968	0.09580831029159087	0.17477457301641586	0.17167116237547764	0.08991005821836173	0.07896626272482499	0.18224645766836978	0.06123880680777494	True
b71ec6d88e60ab046523043462b7381d8de09a1716707c1f69e1b7ffd3ffdea0	product_exact_summary	product-6x6	0.7005471756006094	positive	0.14546738200954124	0.0923701058269808	0.18797337938203862	0.19315060274121998	0.10078049691423918	0.10296138463704385	0.20050885809936292	0.10918203738188104	True
b763988e70c98a7faca221c80ac40f6bca6e75b99583f86772f3f04cd079a2d1	product_exact_summary	product-6x6	0.6059536849061932	positive	0.1036649197052519	0.043900459705639494	0.12258154068577592	0.1252921736239605	0.08474829872472789	0.08139171391832101	0.12819531399965878	0.0505394203822388	True
b7c986bbb563387a3d481912d08cde77d7ebda8b8d879a5986c8a8dda3439dc2	product_exact_summary	product-6x6	0.541836676926185	negative	-0.10102602434170349	0.08473355164441254	-0.06224432067136909	-0.06233802518093279	-0.14697787231578163	-0.1397140235024742	-0.05833943655147211	-0.11717872504574467	True
b846bebc0d8f32795a2b871bb65af0db90c1814ab8271108f716f3cb9972501c	product_exact_summary	product-6x6	0.24127751681326526	negative	-0.17291821189894982	0.21548208768667892	-0.27398998034150623	-0.2793317315197573	-0.0718464434563934	-0.0638496438330784	-0.2785381361809891	-0.17610741256643375	True
b92cee79d61c7d10a89ddc33797744ccfd0e0a32a9ecb89852e09a0ebda96625	product_exact_summary	product-6x6	0.6478045483462049	positive	0.12395847909181673	0.056196632382849165	0.10166006297661434	0.10226918782641203	0.14564777035722143	0.1578566953594635	0.10427375377416914	0.09990409100959274	True
b9767c2beb82924100cb8952595bc8da66da00d0d309a2a2013f4a23278810d2	product_exact_summary	product-6x6	0.7503771526585302	positive	0.1950460430243388	0.07215474918803333	0.22125315790902678	0.22458175592875917	0.16883892813965085	0.15242700674072585	0.22833752379303018	0.1490966281521071	True
ba39892dc2789c59344039af513eb74ac34a2ce4e05c97f5f7edc93165ccaa21	product_exact_summary	product-6x6	0.6955274759470561	positive	0.1847824272742312	0.1516234160006637	0.2432076077478605	0.23445139080806426	0.13511346374039812	0.09158419174719679	0.25051093775712835	0.11272201036692098	True
badeef261164cb2d43c225026181ba1b95734fb895e7c3f6e49e1feceadcc55d	product_exact_summary	product-6x6	0.41029298922338053	negative	-0.1313449159712255	0.0904603565921478	-0.17163956564943972	-0.16957321729607966	-0.09311661464637133	-0.08117920905729192	-0.16598107118286265	-0.08618019871603783	True
bae1cdc19131465281a83ff930f6aaa9d9b4e4b39e6074944a5628fb93195c66	product_exact_summary	product-6x6	0.7547190155558543	positive	0.1507875198805213	0.15843678507610293	0.21659202748791007	0.21838037637166263	0.059943591295559706	0.08498301227313254	0.2288864875433425	0.10965075968432292	True
bbf5aa3ca328a03e332c09344d16831c95b0129d097883c29d1352d46cca6b27	product_exact_summary	product-6x6	0.7463992218922383	positive	0.1418289518051425	0.04525876977609922	0.1309588317312841	0.132183684569119	0.15147421904116598	0.1762176015073833	0.13414890232575882	0.07103558860742099	True
bc1b83e4716ca4afcfe662cfee1db7c629506a32c78c007943553bd3fdc7ef61	product_exact_summary	product-6x6	0.3787323767656856	negative	-0.13853761527931036	0.07522695906223836	-0.10756069572162003	-0.10862390307682301	-0.1827876547838584	-0.1684513274817977	-0.09918704121464372	-0.17803894530545705	True
bc579d79f3a8df7f85659bca5e457898dccbbee91cb0c76a74eb33287561a60a	product_exact_summary	product-6x6	0.5260248008870596	positive	0.2138359429836487	0.042770961071086966	0.2310676748238425	0.2283212682003729	0.18829671375275553	0.19935061776692448	0.24046074675350076	0.15114336022673608	True
bdd1b9975d66db90554e42fbdf476aa1eab70795f6faf599f8c625f508fe51e1	product_exact_summary	product-6x6	0.7482810483802416	positive	0.11137527180575574	0.016109543495548273	0.11246175180429707	0.11217102362382181	0.0963522083087488	0.11057951998768967	0.1155598444510263	0.07941286270201775	True
be60f6690aea04c6aedeb0266d8000740796017553f41445239fd9d30fd3907e	product_exact_summary	product-6x6	0.7079862911387749	positive	0.125043191374951	0.021459574469223752	0.1297539941060366	0.1354604669536399	0.12033238864386542	0.11400089248441614	0.13667232648846817	0.10419893704252525	True
c1cd16d1f015c2bf8758b16b35437f73079e5fa6adc80c06417c7f91737d7f1d	product_exact_summary	product-6x6	0.7864735477390526	positive	0.12462549870032469	0.02045635117513045	0.12721290868692536	0.1342055416628526	0.11374919048772214	0.12203808871372401	0.1329397377420719	0.131586487034415	True
c690934a9118874d5d44e1561f05062986fee099cba67529b73f0895142dae4a	product_exact_summary	product-6x6	0.6307517539802994	positive	0.13679274386997076	0.05440286790088955	0.15255057806701033	0.15764363939038784	0.10324077148949828	0.12103490967293118	0.16372137186818025	0.11687275175479683	True
c70f4da98ede2ce3206ab04a2cfdf3dd5d7db0273dba486b1c746e60056b995c	product_exact_summary	product-6x6	0.334863521543552	negative	-0.12369382152333677	0.1498158770086001	-0.19209393762852106	-0.19175099367019238	-0.042278060619920954	-0.05563664937648116	-0.18337364822219532	-0.09249381994397149	True
c9602d1948ee4fd0faa7634729665cd93331705fa8094e918d0027525f9a706d	product_exact_summary	product-6x6	0.32685737293438877	negative	-0.10629327763981306	0.05299190184044483	-0.12978822098193477	-0.13288644887812462	-0.07989454703767979	-0.08279833429769135	-0.12252343107733804	-0.10306367755265167	True
c9f95bcd93d4269bfa20450c30075541342d3167953cec810a4c2a218e18b1ee	product_exact_summary	product-6x6	0.7686842959420344	positive	0.20607707261348734	0.16710095543613201	0.28929081413029367	0.2866831574209795	0.1254709878059952	0.12218985869416166	0.2948471613449154	0.11955347389580329	True
ca63d2bdc3f23327f0d6995f082608ff3d7bd41e09b95ab9bf4d36105475247d	product_exact_summary	product-6x6	0.6289853115067053	positive	0.12248824070006115	0.05095390442522696	0.1468855127380284	0.14847407877528085	0.09752017435005389	0.09809096866209388	0.16095976021137748	0.0843650219991583	True
cb05c8fc3769223f44dd13451eccddf778ff970194cf1f50092da2b6b6466ae1	product_exact_summary	product-6x6	0.7592699870494808	positive	0.16172511610601936	0.05941803410748281	0.1894923571890177	0.1894754690358098	0.13397476317622892	0.13007432308153488	0.1966503949881544	0.1612387059254441	True
cc0cf29ea7ea55d07f47a27ecadb48c38d87f7f91e0b37ea01f007bd41fda2be	product_exact_summary	product-6x6	0.6295822237520365	positive	0.11515723176077841	0.08378755441339458	0.1471124408267218	0.1460171992320597	0.06332488641332723	0.08429726428949713	0.1570869956337148	0.053251368039693436	True
cc0fc38d750f02e8a691c489bc82154f3e02d00b862ae381923211a4012a4ff8	product_exact_summary	product-6x6	0.7046111434246881	positive	0.13199821992320077	0.14865045020679646	0.19824772098804122	0.19596683957519778	0.04959727078124476	0.06802960027120375	0.20805172372859237	0.05644467621028815	True
cdc7b18a118c50618df8d6dd32df18509689cf43734bbf1d5aea1f4e44f14637	product_exact_summary	product-6x6	0.7401558825515109	positive	0.17997998912038832	0.05067600258649707	0.19397440710454084	0.1999136298172357	0.1659855711362358	0.14923762723073863	0.20353018668907352	0.09661107078150433	True
ce1960142d7b420b705f7ea4320ee40bd82d96cccb2a299059350c52a708739e	product_exact_summary	product-6x6	0.1597599143635456	negative	-0.12118632206826369	0.09518903111869143	-0.1665647012754636	-0.16163320217881863	-0.08073944195770874	-0.07137567015677218	-0.1559402154189087	-0.11564342640316774	True
cf2b6ed428a13082daa63f125150493f6551f97189c2ed090a2ad8d60360a8f9	product_exact_summary	product-6x6	0.6819326859750707	positive	0.11328668334627096	0.18053040852750785	0.20270010009161904	0.19947608432464425	0.022169691564111194	0.027097282367897657	0.2103125722403868	0.06674153434133367	True
d182f0ad80bdbe407acdb919eeecd6b36bbf5f85d438f9acd1512a021b0dfe21	product_exact_summary	product-6x6	0.6764140864452848	positive	0.16293267591634325	0.1535263107816781	0.2349252389461316	0.2381631694350428	0.0909401128865549	0.08463685865336468	0.24386213095216713	0.054272818902610154	True
d2509479801dfb1647c486c8780bcd9ba44596d7c42af83c137e22919876dc6d	product_exact_summary	product-6x6	0.7606380336624476	positive	0.1821137880752573	0.1250144955804111	0.23904039363554397	0.2408000560469571	0.12518718251497063	0.11578556046654598	0.24596280193115383	0.13340680896065216	True
d2683809249ded3325544a5522fb219aa343b83a9d47bf2650f745f37aa0e18f	product_exact_summary	product-6x6	0.48616423336812764	negative	-0.10560245714331157	0.12825213435404903	-0.16439693855850945	-0.1646079626543403	-0.04680797572811368	-0.03635582830029127	-0.15786447313442753	-0.15053788356558961	True
d26adb207c2e12c70e68e388a5eb12b2c16112c8a5e904bc37cb775679eacd52	product_exact_summary	product-6x6	0.48151180543797195	negative	-0.12140033406433526	0.03644690735339984	-0.10830169249076177	-0.11093733622270324	-0.13186333190596727	-0.1447485998441616	-0.10398266785352556	-0.16658174655561458	True
d38b5c396e4eb8bb551401821c4ccfdadabc05b6ea585385abb2dd297f75c177	product_exact_summary	product-6x6	0.4857906453502912	negative	-0.13456397501459538	0.051338894484030284	-0.11397948485071391	-0.11425418648129976	-0.1653183793347442	-0.154873763547891	-0.10859250504098278	-0.187635897591578	True
d677e5309f730ffd2e667a658475ad72e681b80616a6f3c7c410a31f5bcef765	product_exact_summary	product-6x6	0.7295803972867819	positive	0.11548529294097859	0.13157318725647116	0.16476226017638018	0.16513145267782436	0.066208325705577	0.033558265421353206	0.17321184064278194	0.10974759096622233	True
d705e37a305facbf4e2e87f6c389c115edecb1cc0368b95d23cc7d53f237ab30	product_exact_summary	product-6x6	0.7655693754362164	positive	0.12257842573106303	0.09712161886258397	0.16562504942394096	0.16812909472055237	0.0710074758579684	0.0795318020381851	0.17346182366426421	0.10379252422011642	True
d73c2612b08a5bc1312c6047c1eccf5f0e8b4d86da251c9e34ef4c274169cf17	product_exact_summary	product-6x6	0.19810113258989234	negative	-0.18091462871705766	0.2612983593492308	-0.3013051281747541	-0.3053193530845735	-0.044020993735342684	-0.060524129259361265	-0.29967624614986144	-0.11745342026312675	True
d8a136182474df56bee209bdd9958d79c70a5eea159d1e5ca27c17034e038ba7	product_exact_summary	product-6x6	0.7587073340473738	positive	0.13334831696029714	0.02887142112185692	0.1452864852449416	0.14421236042435503	0.11641506412308467	0.12248427349623925	0.14627628342740118	0.0852376320979793	True
d902dc739990dcf85f6e5dc3c8e3cc2e58ecbd57f96f1de3a38a0c7acdfb252d	product_exact_summary	product-6x6	0.4806482962018457	negative	-0.1491494288325142	0.01522863032208932	-0.15008238200330604	-0.14821647566172236	-0.13537344889181024	-0.15060207921389956	-0.14520904132631007	-0.20240960166851107	True
d9f768e1e3e51c8f82d4abd87e74b0cce3a82a60669fafa5d84b24eccb2927a7	product_exact_summary	product-6x6	0.6655785332589272	positive	0.18144319960918628	0.18483101912757566	0.2687425668282631	0.26199260407505515	0.08391154770068743	0.10089379514331742	0.2845424741815837	0.07909849420715942	True
da22cc84e5fabb167ffc0ed7b04bcf2203ee23c473a3c7e9085fc475df65063c	product_exact_summary	product-6x6	0.5891291757318248	positive	0.1322925803647365	0.14295065219275566	0.17841927695126736	0.17961689775456163	0.08616588377820567	0.03666624556180598	0.1864065585262885	0.08036152602712876	True
db4be367e9a38e7dc2eaad35875aaf2b6eb81096c922552861bd1f3e1386ebd0	product_exact_summary	product-6x6	0.7365577900761812	positive	0.13223277719081122	0.024429373798782406	0.12402830067340609	0.12098898468066321	0.14541835847944562	0.14043725370821636	0.12485078442458641	0.07707559359376992	True
dcc7c2edd070160e670509152214da8b4afc6a788f8ee35284a114160bc01562	product_exact_summary	product-6x6	0.66916921002042	positive	0.12520729059501928	0.016404573240655473	0.12639382344279548	0.12915814471785303	0.11275357147719756	0.12402075774724308	0.13459864644607722	0.10014939814500023	True
dd4e91d76776b9264ed16f11e7816e034625e4c61dd6648f01ebf23aaa35e3b5	product_exact_summary	product-6x6	0.779403561695335	positive	0.16808010387930855	0.06733223145889955	0.20144523697467753	0.19646227375493108	0.13411300551577798	0.13969793400368602	0.20631597076463248	0.1300884217642665	True
dde9c15a954624afce61cf7f396884de03a474639979407bdc8e7cd6dc7f5ddc	product_exact_summary	product-6x6	0.3210616357469384	negative	-0.12721290397428475	0.1202766465963187	-0.18162140993091097	-0.1856064667522535	-0.0653298201559348	-0.07280439801765853	-0.1785307065143692	-0.09967977383228638	True
de2bc8416a9011cdcbf22d49d082e526f90c6fb31e5db66fabb71f9cecac130b	product_exact_summary	product-6x6	0.7410685359392102	positive	0.10336735577742412	0.049941588660608605	0.12141510919992449	0.1210931614472408	0.08564155010760743	0.07147352053931588	0.13067288427542212	0.08219521219274895	True
de2ef69c9decf0efc74641e30989fe71c4d2337aa7f0e13b9c1af7bd43cd7ba0	product_exact_summary	product-6x6	0.1625240951666801	negative	-0.17340434089089607	0.22204872105812423	-0.2717561879686449	-0.26878901979942993	-0.04970746691052069	-0.07801966198236218	-0.2683012522022178	-0.07914175442315394	True
df55706230bf69e6da83279d15062f4d3a9d632ecbc3cc88070c176be0075bc6	product_exact_summary	product-6x6	0.6511794728736354	positive	0.1546345401088628	0.027190857333286578	0.1542248238254862	0.1550442563922394	0.13083450424061982	0.1580253615739064	0.1606477627319095	0.1433966143350145	True
df9d5cb750ddf1025f15d09f85cdbb7025c8af9109da640688e455e8f324e7f6	product_exact_summary	product-6x6	0.7875424289047956	positive	0.2384888761388003	0.19071771409526023	0.3191215492471678	0.3189877140195901	0.12840383515190756	0.1579900382580105	0.32562630904749684	0.15889653441228702	True
dfdde6bfe908db564de8bd8dc02a3b90549fcb36a73077691accf3781c905d69	product_exact_summary	product-6x6	0.19604542184995127	negative	-0.16895587471603427	0.12020245031173654	-0.22319684586071292	-0.22540082697316716	-0.10519837666143061	-0.11471490357135561	-0.21708228062797025	-0.14219831677331762	True
e0a0f0a47e3c4f4bedcb66ff17f6d613fe945339a8793d173ac5d7c72b4822e7	product_exact_summary	product-6x6	0.7255759660453743	positive	0.13807008430149925	0.15073918577847967	0.20392896005963124	0.203934916941375	0.07221120854336727	0.05319573116289533	0.2140077114748763	0.09769133571740096	True
e1044c5ee3e77694b92e6c35fbe3e72a0ac1ee49944cdb35929fcab58c159b2e	product_exact_summary	product-6x6	0.8157968784866683	positive	0.20920108708224777	0.10341639226297161	0.25558098416950004	0.2584477011945685	0.1550313089315969	0.1628211899949955	0.2604000215222685	0.1574226269769926	True
e19bf7075213791cbc84c52ca7b5b8032c32adf940b8c8d6c8b7ad43a0f754bb	product_exact_summary	product-6x6	0.7133064975864499	positive	0.18340384138963928	0.06426833385644043	0.2134099146775969	0.21263622773578983	0.14914158082115647	0.15417145504348873	0.22041457549803006	0.16032872670474152	True
e2860d0b7a4088f285d5140de939a5f12544f5823475243370f2910e754867b2	product_exact_summary	product-6x6	0.3519631411799869	negative	-0.13540561502887538	0.037762742015648	-0.1423069542104634	-0.14337168939153505	-0.12850427584728735	-0.10560894737588705	-0.13779040154591088	-0.14085455739254588	True
e40d813afac7475f92d77d9fec2831e56478062cb2add274dbc8663836a6a951	product_exact_summary	product-6x6	0.7337914205266836	positive	0.14499924003865766	0.09394499988198302	0.19076889808347075	0.19264721132191842	0.09922958199384457	0.0987022114399354	0.19433959603866624	0.07851473538462783	True
e43e79c3b1998c44999b66f8e805d124f6e9784571eef85d8567ca09b5856b96	product_exact_summary	product-6x6	0.19361983093222201	negative	-0.15457664823575784	0.1541513612809205	-0.23188251269967808	-0.22951523973175392	-0.07963805673976176	-0.07773115141875758	-0.2237166195722472	-0.12558231905552142	True
e46f11638fd7c4f4ba33bf3a07ceae64f017a9652ed9c7400874cb2a4c8319c0	product_exact_summary	product-6x6	0.1588984141914502	negative	-0.10774036093788325	0.12229855141921422	-0.16370695357483586	-0.16171013775214335	-0.05377058412362315	-0.04140840215562164	-0.155963266073696	-0.04970205550948259	True
e4e25809dab40a4e93b4de14496d16195e07779abb6874fc2223e390fb8a529f	product_exact_summary	product-6x6	0.6934920612550617	positive	0.11584410659541067	0.09111319287906683	0.1545104813802889	0.1523663191580913	0.06339728850122206	0.07932189403273004	0.15816692402293753	0.10007567611265056	True
e659473384c4d2014e2f46e22671050d0f18b0fbe0b5db34c39e62e35bd15220	product_exact_summary	product-6x6	0.7816697996092749	positive	0.13323785769475055	0.016171558872833947	0.1330774141225486	0.1333983012669525	0.12489592220568213	0.14106748107851608	0.1406416352547094	0.1103090145816279	True
e6b981e4a5a231540d36f654e0e23e86ece17c2c5bd1fcc817f14f349f697c01	product_exact_summary	product-6x6	0.7243789954915472	positive	0.12146630078610715	0.08367370206572367	0.15527946809251192	0.15881195356929145	0.07513825150356779	0.08765313347970238	0.16330737483944424	0.06141620348109256	True
e82a3b1db9811795489e13bdea21414d5532920d1e2327f789ba2b73eea29493	product_exact_summary	product-6x6	0.6504817252817362	positive	0.12032326877179678	0.16278737039292102	0.19393588575363852	0.19483060978252698	0.04671065178995504	0.03204323938960596	0.20051688193636724	0.03302961219585565	True
e9e020138de4c036d422815f9a176b1e09d1489e7676b91ef2508c5b7499e21a	product_exact_summary	product-6x6	0.7199623131572738	positive	0.12658300917126353	0.07271306661416432	0.1626677030218483	0.16297099519977498	0.09049831532067876	0.09025792858561066	0.16775192210091727	0.06836463121368175	True
ea73fecd3ae008c49959a73aedd1388d669d02f9a5379a0118eb80791a60d4cf	product_exact_summary	product-6x6	0.5310569990159758	positive	0.14361401503181717	0.00788949870886363	0.14122848225320161	0.14911798096206524	0.14550356177424384	0.1417244682893905	0.15307997595983597	0.05910205672027269	True
eaa1df1d8b79cb8754a8a56d0f26beebc4b99156f43a7c1e2cc1efe07ef53dcf	product_exact_summary	product-6x6	0.7683579417014876	positive	0.1353347409343285	0.01970532342175557	0.14357060451224468	0.14548747075946167	0.1257821473377061	0.12709887735641234	0.14980245637345158	0.1275696305609998	True
eb0df5e0afdbc306f2bb209752e0a2cb41a45bd3abf82fe1d4866efd240a12db	product_exact_summary	product-6x6	0.1263170868963339	negative	-0.11412103513457757	0.15527830101672183	-0.1918132654002305	-0.19057683334532352	-0.03766523692383161	-0.03653496438350867	-0.18597518794644743	-0.04997437502816918	True
eca3628e25fe8054708078020af9cabacb09025f46e39d94e50380265e6e8de9	product_exact_summary	product-6x6	0.4867630371843186	negative	-0.1348968651555862	0.024202120945568617	-0.1236731582457265	-0.12380080814786504	-0.14599292216330734	-0.14787527919129512	-0.11889239611583274	-0.17094547684060007	True
ecaa966a24400fe0069f7b40105eb9fefa21c9cc6cba2419a5856c6f971ea734	product_exact_summary	product-6x6	0.26169148925036373	negative	-0.12070913949459011	0.027226995278642863	-0.13175662773568414	-0.12859648020142184	-0.11282179878775839	-0.10452963245704128	-0.12304061821274997	-0.145861850314984	True
ed07b549768dd6ce62679ea12a31435a1e252e52cf66d3f12445e52ec0a84e5e	product_exact_summary	product-6x6	0.31325448266994316	negative	-0.1784672134073231	0.24947012318581757	-0.29807346331670015	-0.30327943250363776	-0.053809309317820186	-0.05886096349794606	-0.2906430523766619	-0.1830213084803946	True
ed6008cda7beef172e1b2ad7f84005ef9f7743237cbb5ee2c49b9b708c7982aa	product_exact_summary	product-6x6	0.3532723309332218	negative	-0.13699589913143134	0.11210891551261615	-0.18632798363667874	-0.18342975013799484	-0.07421906812406259	-0.09056204812486784	-0.18320084642828788	-0.14325989342617568	True
ed7ca03ec08967896de9b892ee4cfe50dc0a253ed3f0870f6b313210a36eb222	product_exact_summary	product-6x6	0.682298301026734	positive	0.10411859457122435	0.08143545295700494	0.14369132924713435	0.14501304176674812	0.06454585989531436	0.06357758880974318	0.14823386637097147	0.04594453967647305	True
eeb33cf1b874d6c5c35e156d4973fb6806d84ab9e2a02bdc83de991111202f23	product_exact_summary	product-6x6	0.4999606726399662	negative	-0.1596580264084545	0.03197761755077544	-0.15522575542532552	-0.15676416755933503	-0.18720337297610096	-0.16255188525757397	-0.1509042986417936	-0.16829713620119485	True
efbf45afff02971ffa6f1111ffbb9d45bd6a9e071d97306e4e0e4bf94d3b188f	product_exact_summary	product-6x6	0.26400974479931344	negative	-0.1591306630099428	0.18738310968948524	-0.2477470263394574	-0.2418572321317703	-0.07640409388811531	-0.06036391664997215	-0.24138669289013565	-0.12807723255933107	True
f036e40545cc3820d6082792acc1c10269dd6624780cbe6817965213b38a15c8	product_exact_summary	product-6x6	0.3205177821340718	negative	-0.151836948476323	0.15698821393497003	-0.22254043417988778	-0.22009311637202023	-0.06555222024491775	-0.08358078058062579	-0.21895623262746755	-0.1551238185384442	True
f0f0880b8b28ec82691705aa6edaef74a71962d1c7bd8ef953fa78fba23e22fa	product_exact_summary	product-6x6	0.06049091839685716	negative	-0.11092575878550247	0.1226281366635995	-0.16753874150208045	-0.17232019197489024	-0.054312776068924484	-0.04969205531129074	-0.16733497958374946	-0.05699496228663621	True
f35b12a82ddd216acc691acf0bb8293315b5efbdaca367674f3280becfcdbe93	product_exact_summary	product-6x6	0.38919564460706463	negative	-0.12273361297374313	0.17757237329167508	-0.035214087555179685	-0.03736117042706183	-0.21278646084685476	-0.20810605552042444	-0.024662805417449363	-0.2078120809943736	True
f3b5707da9d03e9f343d24efd2150d2ae8f12190bb3e2904e8f49eed96d71a20	product_exact_summary	product-6x6	0.7515372500762061	positive	0.10561963688062237	0.02852815303007128	0.11608290211298489	0.11561314110532084	0.0956261326559239	0.08755474908291361	0.12157708652002186	0.1059279628129477	True
f4dadd91104226e372356d2e50c27ff0f8b527fe60f83f12f233ebd9cc1c4a2a	product_exact_summary	product-6x6	0.3754501097303394	negative	-0.10207354824485004	0.08071959666931117	-0.13969301500487025	-0.14053304808981643	-0.06445408148482984	-0.05981345142050526	-0.13555923825820265	-0.11030052749484515	True
f5511e792518ab596fd0dcdd187be7ab8aeb75514f4a65be7d303cf776277831	product_exact_summary	product-6x6	0.5788396567812607	positive	0.10357469613029022	0.032920109543151665	0.10713367867120333	0.10378652145309814	0.07421356912805166	0.1033628708074823	0.11174252789345623	0.06290481500434508	True
f5627a0b9d6e091b0dce83f17340bd2ca7ce936e119e4b974a0c0833536c9f0b	product_exact_summary	product-6x6	0.42559572539896146	negative	-0.14123402903930493	0.039453941224466216	-0.1532479669819407	-0.15731668604982968	-0.11786274482536346	-0.12922009109666915	-0.15094340175519033	-0.17351644453336085	True
f6606d8de2abfa9d99bd8da19c7d5ea1900a2b737f567a00702834c1eb19ad7a	product_exact_summary	product-6x6	0.7829478319526673	positive	0.1360215303450077	0.0711821609099792	0.16683743182605615	0.16630531145954042	0.09565527091607695	0.10573774923047496	0.17158457194751187	0.14755381583476468	True
f6972ce48fcc743410c84354d8baefd5febed0e05c268c0c3ff9da05c3032964	product_exact_summary	product-6x6	0.6859569556986833	positive	0.10080166517328659	0.10162141547599957	0.14756581565030402	0.15238877226372505	0.05076735678772548	0.05403751469626916	0.1528538435975575	0.08428347071101083	True
f6e91d1e267cc3bbb038573a603a10978b1e0ff2c317b33e4b88d6f64a491ab1	product_exact_summary	product-6x6	0.3072658953240749	negative	-0.1670196950617167	0.053548561536123473	-0.17852797886253663	-0.17848201445537049	-0.12497941732641316	-0.15555737566806294	-0.17033619747020706	-0.1735346697725048	True
f7a118a2a9e735412fc019eacd10d9b33a09d1928dccca070c1ae3636e49919b	product_exact_summary	product-6x6	0.4615480549066218	negative	-0.14887175663502938	0.11680987711761015	-0.20282449265719632	-0.19754800800092837	-0.1001955052691304	-0.08601461553958617	-0.1997505092939425	-0.22636365512509599	True
f82edadd444c5fd3aedb1dae0300117020d50aa6b9f68fa82f513290f87e576c	product_exact_summary	product-6x6	0.7414413958038438	positive	0.15317048278025658	0.05919836317084681	0.17106477801731723	0.17220246388957927	0.11300410071873246	0.13527618754319592	0.17584433154543544	0.10299432177916001	True
f94035a14492f998f4049aa47485246a356d3d7099b85dddcd114b8961c5b82e	product_exact_summary	product-6x6	0.27039167582592	negative	-0.12624697217559072	0.19073142220113926	-0.21183240764791672	-0.21350916032612938	-0.02277773812499012	-0.04066153670326472	-0.206258852473779	-0.03966923127773647	True
fa212228ac4c6e65368fd9691ce7bb20a336622bbefbe0e71a4291a4ab6af7f8	product_exact_summary	product-6x6	0.7024911133833106	positive	0.10512599118973254	0.08932440538565012	0.13464767908328135	0.13718861445422248	0.07560430329618373	0.04786420906857236	0.1393127730052971	0.05901356504368849	True
fb438b7d5fdbe549e1370ab20952290e14c67fdb62b79b2da3f571e9e7768927	product_exact_summary	product-6x6	0.706312157028194	positive	0.13074287709826565	0.0769442388252064	0.17118707263382626	0.16050510595575251	0.09424283380861986	0.10098064824077879	0.17771030790310804	0.06029933079150085	True
fc4cac9f77e6d092e4bd14a75e7528427af011349d989da81b7ef4e0556ec9a6	product_exact_summary	product-6x6	0.7735943944535314	positive	0.1931013049275282	0.19050243096191533	0.27587156657387624	0.2846244793160203	0.09412204835410498	0.11033104328118015	0.2894447636683737	0.11908105284014103	True
fdacf4e20d78cfefbd69f6a88a06cd8823028abae27b9b131e6c62c4698c58da	product_exact_summary	product-6x6	0.7760169947855916	positive	0.19545811153094067	0.09404850348834992	0.23841915309744421	0.24349247292350584	0.14944396943515592	0.15249706996443713	0.24683272899019404	0.11412714659371015	True
fe6176db01d6d19e526036bae8c269309c2e608050587b67ac2a06d205ef30f6	product_exact_summary	product-6x6	0.8075171348565293	positive	0.20789353279116324	0.09462612188415331	0.25318687063293166	0.24641241844737194	0.16937464713495454	0.15856074874877835	0.2588382662411617	0.13833592371715075	True
fed1adfa7c77a9ab36d1d54d9cd344bf2837fa3753307842e3902d9b5fb97e2e	product_exact_summary	product-6x6	0.31818588115721175	negative	-0.1910656632043594	0.07627627923817798	-0.21016793259416083	-0.2058354588455042	-0.17629586756321458	-0.13389165335598285	-0.1996856398086227	-0.1507881821712323	True
ff1a72524406a70151615486145b725c18a72742f63ed8ccb9fa83e08177e20e	product_exact_summary	product-6x6	0.7634743444882954	positive	0.1433763318451599	0.030622545877105778	0.14346065448917433	0.1432920092011455	0.14764375603770397	0.11702121016059819	0.15148694343605618	0.12442499223586767	True
ff4dcefe2091eb79a5c60c0a7370d8009d40aba2972d0a51d1129035a3fedb93	product_exact_summary	product-6x6	0.7198673782196525	positive	0.12880735661518916	0.11288523900621572	0.18455467231066425	0.17989868511435914	0.07166943330444853	0.07771602811601919	0.18679290539091042	0.10413237900155203	True
