stratum	n	model	threshold_quantile	threshold	tail_n	exceedance_fraction	status	shape	scale	endpoint	conditional_survival_sys_gt_1_given_exceedance	p_sys_gt_1	predictive_at_least_one_1m	endpoint_below_1_flag	nearby_ok_fit_count	nearby_log10_p_sys_gt_1_range	nearby_finite_endpoint_range	threshold_probability_stable_flag	threshold_endpoint_stable_flag	threshold_stable_flag	max_sys	error
pooled:all	14336	exponential_excess	0.75	0.48365042934564106	3584	0.25	ok	0	0.10887477384358527	infinite	0.0087159497547903576	0.0021789874386975894	1	no	3	0.05377711240469063	NA	yes	yes	yes	0.86258589584944001	NA
pooled:all	14336	gpd_excess	0.75	0.48365042934564106	3584	0.25	ok	-0.3888046894907613	0.14955017386677621	0.86829129893661805	0	0	0	yes	3	NA	9.6633210982410844e-05	no	yes	no	0.86258589584944001	NA
pooled:all	14336	exponential_excess	0.76000000000000001	0.48966495157835155	3441	0.24002511160714285	ok	0	0.10725068690577827	infinite	0.0085798549257368982	0.0020593806361230934	1	no	4	0.10450503286050594	NA	yes	yes	yes	0.86258589584944001	NA
pooled:all	14336	gpd_excess	0.76000000000000001	0.48966495157835155	3441	0.24002511160714285	ok	-0.38881420839341985	0.1472166194810251	0.86829468347350036	0	0	0	yes	4	NA	0.00092763783659732812	no	yes	no	0.86258589584944001	NA
pooled:all	14336	exponential_excess	0.77000000000000002	0.49608036327281602	3298	0.23005022321428573	ok	0	0.10535058588735305	infinite	0.0083686413367271215	0.0019252078075143728	1	no	5	0.13701698674679097	NA	yes	yes	yes	0.86258589584944001	NA
pooled:all	14336	gpd_excess	0.77000000000000002	0.49608036327281602	3298	0.23005022321428573	ok	-0.38809106551522421	0.1444892411039978	0.86838793214760046	0	0	0	yes	5	NA	0.0010473867526993308	no	yes	no	0.86258589584944001	NA
pooled:all	14336	exponential_excess	0.78000000000000003	0.50386788552351336	3154	0.22000558035714285	ok	0	0.10218099976955443	infinite	0.0077860286442187152	0.0017129697505486765	1	no	5	0.16318701365953991	NA	yes	yes	yes	0.86258589584944001	NA
pooled:all	14336	gpd_excess	0.78000000000000003	0.50386788552351336	3154	0.22000558035714285	ok	-0.38270118330382874	0.13982027963455873	0.86921893677321538	0	0	0	yes	5	NA	0.0018381079258757982	no	yes	no	0.86258589584944001	NA
pooled:all	14336	exponential_excess	0.79000000000000004	0.51052931359673415	3011	0.21003069196428573	ok	0	0.10022154920087503	infinite	0.0075675443826496271	0.0015894165831583447	1	no	5	0.17359265169510474	NA	yes	yes	yes	0.86258589584944001	NA
pooled:all	14336	gpd_excess	0.79000000000000004	0.51052931359673415	3011	0.21003069196428573	ok	-0.38187369072632382	0.13701985918818957	0.86933868568931738	0	0	0	yes	5	NA	0.0020621033931145227	no	yes	no	0.86258589584944001	NA
pooled:all	14336	exponential_excess	0.80000000000000004	0.51831788546983582	2867	0.19998604910714285	ok	0	0.097278186273600478	infinite	0.0070721247122181611	0.0014143262799894997	1	no	5	0.16323402177354396	NA	yes	yes	yes	0.86258589584944001	NA
pooled:all	14336	gpd_excess	0.80000000000000004	0.51831788546983582	2867	0.19998604910714285	ok	-0.37722486544406403	0.1327133305504869	0.87013279139937616	0	0	0	yes	5	NA	0.0014891141557308307	no	yes	no	0.86258589584944001	NA
pooled:all	14336	exponential_excess	0.81000000000000005	0.52543544035389611	2724	0.19001116071428573	ok	0	0.095069572338936606	infinite	0.006793691967222442	0.0012908772962272554	1	no	5	0.19669149640426165	NA	yes	yes	yes	0.86258589584944001	NA
pooled:all	14336	gpd_excess	0.81000000000000005	0.52543544035389611	2724	0.19001116071428573	ok	-0.37542541772628718	0.12952724851967734	0.87045003554071498	0	0	0	yes	5	NA	0.0027018378771431761	no	yes	no	0.86258589584944001	NA
pooled:all	14336	exponential_excess	0.81999999999999995	0.53270832776404775	2581	0.18003627232142858	ok	0	0.092886340210677626	infinite	0.0065336468961124279	0.0011762934318405537	1	no	5	0.19383891507226458	NA	yes	yes	yes	0.86258589584944001	NA
pooled:all	14336	gpd_excess	0.81999999999999995	0.53270832776404775	2581	0.18003627232142858	ok	-0.37393962270006675	0.12639148895300917	0.87070805092894621	0	0	0	yes	5	NA	0.0023171601679001785	no	yes	no	0.86258589584944001	NA
pooled:all	14336	exponential_excess	0.82999999999999996	0.5413463027644001	2437	0.16999162946428573	ok	0	0.089488496268027851	infinite	0.0059445461996443473	0.0010105230949032699	1	no	5	0.24760337291058354	NA	yes	yes	yes	0.86258589584944001	NA
pooled:all	14336	gpd_excess	0.82999999999999996	0.5413463027644001	2437	0.16999162946428573	ok	-0.3671270383248475	0.12140678987420364	0.87204052356646056	0	0	0	yes	5	NA	0.0048462975847080036	no	yes	no	0.86258589584944001	NA
pooled:all	14336	exponential_excess	0.83999999999999997	0.5490253372353866	2294	0.16001674107142858	ok	0	0.087145607574384512	infinite	0.0056564672226471803	0.00090512945094535654	1	no	5	0.25062405913193508	NA	yes	yes	yes	0.86258589584944001	NA
pooled:all	14336	gpd_excess	0.83999999999999997	0.5490253372353866	2294	0.16001674107142858	ok	-0.36498276071298086	0.11804440862138424	0.87244995156727634	0	0	0	yes	5	NA	0.0045882821964767784	no	yes	no	0.86258589584944001	NA
pooled:all	14336	exponential_excess	0.84999999999999998	0.55877578451916288	2151	0.15004185267857142	ok	0	0.082847804919493839	infinite	0.0048648468361199562	0.00072993063228892472	1	no	5	0.24833650491331705	NA	yes	yes	yes	0.86258589584944001	NA
pooled:all	14336	gpd_excess	0.84999999999999998	0.55877578451916288	2151	0.15004185267857142	ok	-0.35255878573066113	0.11159210027542577	0.87529633312542299	0	0	0	yes	5	NA	0.004053903904946865	no	yes	no	0.86258589584944001	NA
pooled:all	14336	exponential_excess	0.85999999999999999	0.5663332610988655	2007	0.13999720982142858	ok	0	0.080963297893277233	infinite	0.0047181553104046307	0.00066052857896080461	1	no	5	0.26577567704967642	NA	yes	yes	yes	0.86258589584944001	NA
pooled:all	14336	gpd_excess	0.85999999999999999	0.5663332610988655	2007	0.13999720982142858	ok	-0.35306124132444838	0.10904931984918931	0.8752012621292522	0	0	0	yes	5	NA	0.0044178633535039147	no	yes	no	0.86258589584944001	NA
pooled:all	14336	exponential_excess	0.87	0.57488089144340093	1864	0.13002232142857142	ok	0	0.07830445444646264	infinite	0.0043872443453861869	0.00057043969446148523	1	no	5	0.21544212295998166	NA	yes	yes	yes	0.86258589584944001	NA
pooled:all	14336	gpd_excess	0.87	0.57488089144340093	1864	0.13002232142857142	ok	-0.34936977430474642	0.10523490509963923	0.87609442747140742	0	0	0	yes	5	NA	0.0016665527915280531	no	yes	no	0.86258589584944001	NA
pooled:all	14336	exponential_excess	0.88	0.58361808409855431	1721	0.12004743303571429	ok	0	0.075712199087667659	infinite	0.00408867076604653	0.00049083442999205346	1	no	5	0.26407984100288973	NA	yes	yes	yes	0.86258589584944001	NA
pooled:all	14336	gpd_excess	0.88	0.58361808409855431	1721	0.12004743303571429	ok	-0.34635631927388222	0.10156889739564293	0.87686781492078025	0	0	0	yes	5	NA	0.0023555107281518772	no	yes	no	0.86258589584944001	NA
pooled:all	14336	exponential_excess	0.89000000000000001	0.59183443729228857	1577	0.11000279017857142	ok	0	0.074058614782475066	infinite	0.0040405060898992262	0.00044446694362242463	1	no	5	0.29798397624560691	NA	yes	yes	yes	0.86258589584944001	NA
pooled:all	14336	gpd_excess	0.89000000000000001	0.59183443729228857	1577	0.11000279017857142	ok	-0.35016697420140508	0.099475511967177674	0.87591465986051531	0	0	0	yes	5	NA	0.0032896729868733265	no	yes	no	0.86258589584944001	NA
pooled:all	14336	exponential_excess	0.90000000000000002	0.60204906489505827	1434	0.10002790178571429	ok	0	0.070706227327295645	infinite	0.0035949314452593537	0.00035959344953277853	1	no	5	0.2902702522689089	NA	yes	yes	yes	0.86258589584944001	NA
pooled:all	14336	gpd_excess	0.90000000000000002	0.60204906489505827	1434	0.10002790178571429	ok	-0.34345445959321574	0.094624350951972969	0.87755677285740408	0	0	0	yes	5	NA	0.0032896729868733265	no	yes	no	0.86258589584944001	NA
pooled:all	14336	exponential_excess	0.91000000000000003	0.6125693867498041	1291	0.090053013392857137	ok	0	0.067404090815687004	infinite	0.0031895360296924974	0.00028722733079889883	1	no	5	0.35258130947923538	NA	yes	yes	yes	0.86258589584944001	NA
pooled:all	14336	gpd_excess	0.91000000000000003	0.6125693867498041	1291	0.090053013392857137	ok	-0.33709223291406765	0.089880569352956866	0.87920433284738864	0	0	0	yes	5	NA	0.0032896729868733265	no	yes	no	0.86258589584944001	NA
pooled:all	14336	exponential_excess	0.92000000000000004	0.62222843333810995	1147	0.080008370535714288	ok	0	0.065560851331332548	infinite	0.003144338846687536	0.00025157342753561688	1	no	5	0.41734729832068229	NA	yes	yes	yes	0.86258589584944001	NA
pooled:all	14336	gpd_excess	0.92000000000000004	0.62222843333810995	1147	0.080008370535714288	ok	-0.3429380264928239	0.08764020686696844	0.87778541476490535	0	0	0	yes	5	NA	0.0035641105006637419	no	yes	no	0.86258589584944001	NA
pooled:all	14336	exponential_excess	0.93000000000000005	0.6339721944086234	1004	0.070033482142857137	ok	0	0.06233760439622138	infinite	0.002818074283076242	0.00019735955498106491	1	no	5	0.50848037106643629	NA	yes	yes	yes	0.86258589584944001	NA
pooled:all	14336	gpd_excess	0.93000000000000005	0.6339721944086234	1004	0.070033482142857137	ok	-0.34007750637664447	0.083138380781018664	0.87844111464629648	0	0	0	yes	5	NA	0.0070920338754337786	no	yes	no	0.86258589584944001	NA
pooled:all	14336	exponential_excess	0.93999999999999995	0.64765598513670042	861	0.06005859375	ok	0	0.05796009319732847	infinite	0.0022902838699020837	0.00013755122851462709	1	no	5	0.62352070535475201	NA	yes	yes	yes	0.86258589584944001	NA
pooled:all	14336	gpd_excess	0.93999999999999995	0.64765598513670042	861	0.06005859375	ok	-0.32886535300346709	0.0767785161674885	0.88112088335806782	0	0	0	yes	5	NA	0.0074701735193771768	no	yes	no	0.86258589584944001	NA
pooled:all	14336	exponential_excess	0.94999999999999996	0.66242004608610294	717	0.050013950892857144	ok	0	0.053325090163411595	infinite	0.0017809602564007215	8.9072858805755952e-05	1	no	5	0.70740529345253167	NA	yes	yes	yes	0.86258589584944001	NA
pooled:all	14336	gpd_excess	0.94999999999999996	0.66242004608610294	717	0.050013950892857144	ok	-0.31497617768195413	0.070068782353589099	0.88487744864033913	0	0	0	yes	5	NA	0.0068144736379860404	no	yes	no	0.86258589584944001	NA
pooled:all	14336	exponential_excess	0.95999999999999996	0.67777444397348896	574	0.0400390625	ok	0	0.04953060123853107	infinite	0.0014950652986422657	5.9861012933918844e-05	1	no	5	0.98116543448741611	NA	yes	yes	yes	0.86258589584944001	NA
pooled:all	14336	gpd_excess	0.95999999999999996	0.67777444397348896	574	0.0400390625	ok	-0.31313091591772646	0.064968760753696758	0.88525558828428252	0	0	0	yes	5	NA	0.0083213857922291856	no	yes	no	0.86258589584944001	NA
pooled:all	14336	exponential_excess	0.96999999999999997	0.69537066852674778	431	0.030064174107142856	ok	0	0.04577503350286502	infinite	0.0012876670594870352	3.8712646668450902e-05	1	no	5	1.5130251947261062	NA	no	yes	no	0.86258589584944001	NA
pooled:all	14336	gpd_excess	0.96999999999999997	0.69537066852674778	431	0.030064174107142856	ok	-0.3204289620668993	0.060217512636075957	0.88329847707329145	0	0	0	yes	5	NA	0.016369126343937501	no	yes	no	0.86258589584944001	NA
pooled:all	14336	exponential_excess	0.97999999999999998	0.71964297040857428	287	0.02001953125	ok	0	0.038725036179587571	infinite	0.00071753837819590969	1.4364781985367332e-05	0.99999942268925346	no	4	1.3404238648949578	NA	no	yes	no	0.86258589584944001	NA
pooled:all	14336	gpd_excess	0.97999999999999998	0.71964297040857428	287	0.02001953125	ok	-0.29480212314865606	0.050057193778212786	0.889442269150297	0	0	0	yes	4	NA	0.016369126343937501	no	yes	no	0.86258589584944001	NA
pooled:all	14336	exponential_excess	0.98999999999999999	0.75210201224531514	144	0.010044642857142858	ok	0	0.03019754746845775	infinite	0.00027213581187185887	2.7335070388914396e-06	0.9350092791173511	no	3	1.1511326672003914	NA	no	yes	no	0.86258589584944001	NA
pooled:all	14336	gpd_excess	0.98999999999999999	0.75210201224531514	144	0.010044642857142858	ok	-0.25731995371640803	0.037971571090491249	0.89966760341722896	0	0	0	yes	3	NA	0.016369126343937501	no	yes	no	0.86258589584944001	NA
dataset:random_sample	4096	exponential_excess	0.75	0.42805392019717281	1024	0.25	ok	0	0.11469189569193577	infinite	0.0068274456906655626	0.0017068614226663907	1	no	3	0.098040575448119061	NA	yes	yes	yes	0.85955960580283441	NA
dataset:random_sample	4096	gpd_excess	0.75	0.42805392019717281	1024	0.25	ok	-0.34075586299036531	0.15098868326951181	0.87115321699131465	0	0	0	yes	3	NA	0.0022713219187998623	no	yes	no	0.85955960580283441	NA
dataset:random_sample	4096	exponential_excess	0.76000000000000001	0.43664425132363288	983	0.239990234375	ok	0	0.11071955800227583	infinite	0.0061695325608243272	0.0014806275652564243	1	no	4	0.11169434575367321	NA	yes	yes	yes	0.85955960580283441	NA
dataset:random_sample	4096	gpd_excess	0.76000000000000001	0.43664425132363288	983	0.239990234375	ok	-0.33311518200425483	0.14530583581508319	0.87284723354984439	0	0	0	yes	4	NA	0.0022713219187998623	no	yes	no	0.85955960580283441	NA
dataset:random_sample	4096	exponential_excess	0.77000000000000002	0.44355050880229552	942	0.22998046875	ok	0	0.10848903898407598	infinite	0.0059219772219263906	0.0013619390974254542	1	no	5	0.15141199581871456	NA	yes	yes	yes	0.85955960580283441	NA
dataset:random_sample	4096	gpd_excess	0.77000000000000002	0.44355050880229552	942	0.22998046875	ok	-0.33061551039363546	0.14212302186906561	0.87342453891011451	0	0	0	yes	5	NA	0.0023798305934147335	no	yes	no	0.85955960580283441	NA
dataset:random_sample	4096	exponential_excess	0.78000000000000003	0.44919857451758827	901	0.219970703125	ok	0	0.10766201292085721	infinite	0.00599983178092885	0.0013197872154826402	1	no	5	0.15062382937291741	NA	yes	yes	yes	0.85955960580283441	NA
dataset:random_sample	4096	gpd_excess	0.78000000000000003	0.44919857451758827	901	0.219970703125	ok	-0.33277433907230236	0.14099830419973108	0.87290403387723003	0	0	0	yes	5	NA	0.002317865913356365	no	yes	no	0.85955960580283441	NA
dataset:random_sample	4096	exponential_excess	0.79000000000000004	0.45652353235113047	860	0.2099609375	ok	0	0.10530644274919519	infinite	0.0057365101160878704	0.0012044430419520431	1	no	5	0.18855587410467001	NA	yes	yes	yes	0.85955960580283441	NA
dataset:random_sample	4096	gpd_excess	0.79000000000000004	0.45652353235113047	860	0.2099609375	ok	-0.3300628143055786	0.13763933419020669	0.87353304758472938	0	0	0	yes	5	NA	0.0047784303208497914	no	yes	no	0.85955960580283441	NA
dataset:random_sample	4096	exponential_excess	0.80000000000000004	0.46506425039287708	819	0.199951171875	ok	0	0.10184535765969624	infinite	0.0052347753335886763	0.0010466994624533999	1	no	5	0.20268459663386373	NA	yes	yes	yes	0.85955960580283441	NA
dataset:random_sample	4096	gpd_excess	0.80000000000000004	0.46506425039287708	819	0.199951171875	ok	-0.32350822483001829	0.13267099768402368	0.87516509946320076	0	0	0	yes	5	NA	0.0047784303208497914	no	yes	no	0.85955960580283441	NA
dataset:random_sample	4096	exponential_excess	0.81000000000000005	0.47409283939639452	779	0.190185546875	ok	0	0.097874938532167194	infinite	0.0046389992640227433	0.00088227061198088794	1	no	5	0.21628492926944798	NA	yes	yes	yes	0.85955960580283441	NA
dataset:random_sample	4096	gpd_excess	0.81000000000000005	0.47409283939639452	779	0.190185546875	ok	-0.31456155058047858	0.12695377817581169	0.87768246419807983	0	0	0	yes	5	NA	0.0053045553618296104	no	yes	no	0.85955960580283441	NA
dataset:random_sample	4096	exponential_excess	0.81999999999999995	0.48076403485961472	738	0.18017578125	ok	0	0.096455590033343197	infinite	0.0045932798563353876	0.00082759778661511626	1	no	5	0.24371201440961254	NA	yes	yes	yes	0.85955960580283441	NA
dataset:random_sample	4096	gpd_excess	0.81999999999999995	0.48076403485961472	738	0.18017578125	ok	-0.31504920186086904	0.12499518833500148	0.87751218593159053	0	0	0	yes	5	NA	0.0073610900109757349	no	yes	no	0.85955960580283441	NA
dataset:random_sample	4096	exponential_excess	0.82999999999999996	0.48884399565781084	697	0.170166015625	ok	0	0.093811234962833084	infinite	0.0043015849862120649	0.00073198357797602768	1	no	5	0.23195723513298283	NA	yes	yes	yes	0.85955960580283441	NA
dataset:random_sample	4096	gpd_excess	0.82999999999999996	0.48884399565781084	697	0.170166015625	ok	-0.31092481249401438	0.12125868922011832	0.87883760294655899	0	0	0	yes	5	NA	0.0070514411487930806	no	yes	no	0.85955960580283441	NA
dataset:random_sample	4096	exponential_excess	0.83999999999999997	0.49856824436675706	656	0.16015625	ok	0	0.089674684619676884	infinite	0.0037287742887116893	0.00059718650717648146	1	no	5	0.27647771741126315	NA	yes	yes	yes	0.85955960580283441	NA
dataset:random_sample	4096	gpd_excess	0.83999999999999997	0.49856824436675706	656	0.16015625	ok	-0.30019867144204082	0.11526366501086334	0.88252618947417649	0	0	0	yes	5	NA	0.0098871532747583091	no	yes	no	0.85955960580283441	NA
dataset:random_sample	4096	exponential_excess	0.84999999999999998	0.50692151930738005	615	0.150146484375	ok	0	0.086947834048912598	infinite	0.0034445255489963505	0.00051718340152166883	1	no	5	0.29657886474285267	NA	yes	yes	yes	0.85955960580283441	NA
dataset:random_sample	4096	gpd_excess	0.84999999999999998	0.50692151930738005	615	0.150146484375	ok	-0.29500152017330405	0.1114049958744868	0.88456362708038361	0	0	0	yes	5	NA	0.011488254307007617	no	yes	no	0.85955960580283441	NA
dataset:random_sample	4096	exponential_excess	0.85999999999999999	0.51581363842509587	574	0.14013671875	ok	0	0.083936850161326959	infinite	0.003124565683242301	0.00043786638236842791	1	no	5	0.24668406075013438	NA	yes	yes	yes	0.85955960580283441	NA
dataset:random_sample	4096	gpd_excess	0.85999999999999999	0.51581363842509587	574	0.14013671875	ok	-0.28826932623260104	0.10711675960188069	0.88739933920634884	0	0	0	yes	5	NA	0.0077996677793901181	no	yes	no	0.85955960580283441	NA
dataset:random_sample	4096	exponential_excess	0.87	0.5248082209129985	533	0.130126953125	ok	0	0.081043645035870956	infinite	0.002841549409036834	0.00036976216675210755	1	no	5	0.35494649853982807	NA	yes	yes	yes	0.85955960580283441	NA
dataset:random_sample	4096	gpd_excess	0.87	0.5248082209129985	533	0.130126953125	ok	-0.28174726279885942	0.10298359354366396	0.89032585725356661	0	0	0	yes	5	NA	0.01883761444157539	no	yes	no	0.85955960580283441	NA
dataset:random_sample	4096	exponential_excess	0.88	0.53275884025193276	492	0.1201171875	ok	0	0.07957097881697385	infinite	0.0028172200538240759	0.00033839654943394661	1	no	5	0.50888600559900476	NA	yes	yes	yes	0.85955960580283441	NA
dataset:random_sample	4096	gpd_excess	0.88	0.53275884025193276	492	0.1201171875	ok	-0.28324935504002169	0.10107620785047931	0.88960416417578692	0	0	0	yes	5	NA	0.051914264557034739	no	yes	no	0.85955960580283441	NA
dataset:random_sample	4096	exponential_excess	0.89000000000000001	0.54550509452711915	451	0.110107421875	ok	0	0.073565378663279501	infinite	0.0020743473732802247	0.0002284010413450638	1	no	5	0.47986195146990429	NA	yes	yes	yes	0.85955960580283441	NA
dataset:random_sample	4096	gpd_excess	0.89000000000000001	0.54550509452711915	451	0.110107421875	ok	-0.25705114018515407	0.09199761265289709	0.903401241521959	0	0	0	yes	5	NA	0.04970943958759666	no	yes	no	0.85955960580283441	NA
dataset:random_sample	4096	exponential_excess	0.90000000000000002	0.55894262137915063	410	0.10009765625	ok	0	0.066789017502303816	infinite	0.0013552882986924422	0.00013566118224216339	1	no	5	0.51136226858154155	NA	yes	yes	yes	0.85955960580283441	NA
dataset:random_sample	4096	gpd_excess	0.90000000000000002	0.55894262137915063	410	0.10009765625	ok	-0.21304503454362761	0.081036149081442466	0.93931360376338358	0	0	0	yes	5	NA	0.04970943958759666	no	yes	no	0.85955960580283441	NA
dataset:random_sample	4096	exponential_excess	0.91000000000000003	0.56710045658095809	369	0.090087890625	ok	0	0.065584837855535483	infinite	0.0013595466164953293	0.00012247868688642003	1	no	5	0.37543269688547642	NA	yes	yes	yes	0.85955960580283441	NA
dataset:random_sample	4096	gpd_excess	0.91000000000000003	0.56710045658095809	369	0.090087890625	ok	-0.2158756460437492	0.079748406330372917	0.93651872025212346	0	0	0	yes	5	NA	0.035912362241424578	no	yes	no	0.85955960580283441	NA
dataset:random_sample	4096	exponential_excess	0.92000000000000004	0.57652960464383285	328	0.080078125	ok	0	0.063737316799963514	infinite	0.0013018164697140482	0.00010424702198882026	1	no	5	0.20232586336095215	NA	yes	yes	yes	0.85955960580283441	NA
dataset:random_sample	4096	gpd_excess	0.92000000000000004	0.57652960464383285	328	0.080078125	ok	-0.21349217761805231	0.077368883002708638	0.93892640936950889	0	0	0	yes	5	NA	0.015765006644467894	no	yes	no	0.85955960580283441	NA
dataset:random_sample	4096	exponential_excess	0.93000000000000005	0.58587192404844379	287	0.070068359375	ok	0	0.062836274121367608	infinite	0.0013732304787604185	9.6220006690488302e-05	1	no	5	0.26170494054668803	NA	yes	yes	yes	0.85955960580283441	NA
dataset:random_sample	4096	gpd_excess	0.93000000000000005	0.58587192404844379	287	0.070068359375	ok	-0.22336951420710399	0.076826954848391832	0.929817493886409	0	0	0	yes	5	NA	0.015377812250593204	no	yes	no	0.85955960580283441	NA
dataset:random_sample	4096	exponential_excess	0.93999999999999995	0.59671257890036478	246	0.06005859375	ok	0	0.061488101568035573	infinite	0.0014176028412389748	8.5139233140817333e-05	1	no	5	0.33968328084114008	NA	yes	yes	yes	0.85955960580283441	NA
dataset:random_sample	4096	gpd_excess	0.93999999999999995	0.59671257890036478	246	0.06005859375	ok	-0.231293628457092	0.075595088564236884	0.92354859711891568	0	0	0	yes	5	NA	0.015377812250593204	no	yes	no	0.85955960580283441	NA
dataset:random_sample	4096	exponential_excess	0.94999999999999996	0.6101385841537581	205	0.050048828125	ok	0	0.058932266833908731	infinite	0.0013395584489882043	6.7043330576802221e-05	1	no	5	0.51023727828859311	NA	yes	yes	yes	0.85955960580283441	NA
dataset:random_sample	4096	gpd_excess	0.94999999999999996	0.6101385841537581	205	0.050048828125	ok	-0.23025926932998361	0.072392420078631198	0.92453383212480034	0	0	0	yes	5	NA	0.017170470809514948	no	yes	no	0.85955960580283441	NA
dataset:random_sample	4096	exponential_excess	0.95999999999999996	0.62637261995167259	164	0.0400390625	ok	0	0.055491985197207869	infinite	0.0011909580834356288	4.7684845137559354e-05	1	no	5	0.63484642407049652	NA	yes	yes	yes	0.85955960580283441	NA
dataset:random_sample	4096	gpd_excess	0.95999999999999996	0.62637261995167259	164	0.0400390625	ok	-0.22409336271128164	0.067835373636875335	0.92908294040089245	0	0	0	yes	5	NA	0.017170470809514948	no	yes	no	0.85955960580283441	NA
dataset:random_sample	4096	exponential_excess	0.96999999999999997	0.64578477133968248	123	0.030029296875	ok	0	0.051200814038543631	infinite	0.0009896529897446449	2.9718583432273274e-05	0.9999999999998761	no	5	0.86445849957785104	NA	yes	yes	yes	0.85955960580283441	NA
dataset:random_sample	4096	gpd_excess	0.96999999999999997	0.64578477133968248	123	0.030029296875	ok	-0.21000915011592333	0.061938900966640661	0.94071906792843063	0	0	0	yes	5	NA	0.016392866754493141	no	yes	no	0.85955960580283441	NA
dataset:random_sample	4096	exponential_excess	0.97999999999999998	0.66824707747544843	82	0.02001953125	ok	0	0.047927573996478338	infinite	0.00098589214318777819	1.9737098569677202e-05	0.99999999731958267	no	4	0.71648329509755992	NA	yes	yes	yes	0.85955960580283441	NA
dataset:random_sample	4096	gpd_excess	0.97999999999999998	0.66824707747544843	82	0.02001953125	ok	-0.21716523739679949	0.058376004561801975	0.9370562352465821	0	0	0	yes	4	NA	0.016392866754493141	no	yes	no	0.85955960580283441	NA
dataset:random_sample	4096	exponential_excess	0.98999999999999999	0.70515620801278245	41	0.010009765625	ok	0	0.042141813833245556	infinite	0.00091510972924402085	9.1600339108898572e-06	0.99989484507975246	no	3	0.51113102302578906	NA	yes	yes	yes	0.85955960580283441	NA
dataset:random_sample	4096	gpd_excess	0.98999999999999999	0.70515620801278245	41	0.010009765625	ok	-0.23807230257580772	0.0521783049274002	0.92432620117393749	0	0	0	yes	3	NA	0.016392866754493141	no	yes	no	0.85955960580283441	NA
dataset:random_product_sample	10240	exponential_excess	0.75	0.5013363661736796	2560	0.25	ok	0	0.10676382543790393	infinite	0.0093655503192262273	0.0023413875798065568	1	no	3	0.067584530776218621	NA	yes	yes	yes	0.86258589584944001	NA
dataset:random_product_sample	10240	gpd_excess	0.75	0.5013363661736796	2560	0.25	ok	-0.40555181716072364	0.14818339240980574	0.86672344160892401	0	0	0	yes	3	NA	0.00036106542741221048	no	yes	no	0.86258589584944001	NA
dataset:random_product_sample	10240	exponential_excess	0.76000000000000001	0.50738441885166718	2458	0.24003906250000001	ok	0	0.10502238124923216	infinite	0.0091813856406097825	0.0022038912016229344	1	no	4	0.11467583968070816	NA	yes	yes	yes	0.86258589584944001	NA
dataset:random_product_sample	10240	gpd_excess	0.76000000000000001	0.50738441885166718	2458	0.24003906250000001	ok	-0.40526476270669409	0.14563708698261502	0.8667472364080957	0	0	0	yes	4	NA	0.00084205470212550537	no	yes	no	0.86258589584944001	NA
dataset:random_product_sample	10240	exponential_excess	0.77000000000000002	0.51447800418422063	2355	0.22998046875	ok	0	0.10236882267094677	infinite	0.0087136041129198712	0.0020039587583912397	1	no	5	0.14206641497771333	NA	yes	yes	yes	0.86258589584944001	NA
dataset:random_product_sample	10240	gpd_excess	0.77000000000000002	0.51447800418422063	2355	0.22998046875	ok	-0.40196156051047172	0.14173426013257651	0.86708450703633622	0	0	0	yes	5	NA	0.00084205470212550537	no	yes	no	0.86258589584944001	NA
dataset:random_product_sample	10240	exponential_excess	0.78000000000000003	0.52183430006266129	2253	0.22001953125000001	ok	0	0.099472304136474538	infinite	0.0081721482306257656	0.001798032223007798	1	no	5	0.16416321897279351	NA	yes	yes	yes	0.86258589584944001	NA
dataset:random_product_sample	10240	gpd_excess	0.78000000000000003	0.52183430006266129	2253	0.22001953125000001	ok	-0.39764499292047262	0.13747827908457688	0.86756549631104951	0	0	0	yes	5	NA	0.0012192955068988098	no	yes	no	0.86258589584944001	NA
dataset:random_product_sample	10240	exponential_excess	0.79000000000000004	0.52803441344773583	2151	0.21005859374999999	ok	0	0.097841790284443148	infinite	0.0080364906085837618	0.0016881339159241866	1	no	5	0.18027170260504288	NA	yes	yes	yes	0.86258589584944001	NA
dataset:random_product_sample	10240	gpd_excess	0.79000000000000004	0.52803441344773583	2151	0.21005859374999999	ok	-0.39807806258372458	0.13514042083673039	0.86751662444826638	0	0	0	yes	5	NA	0.0016075885380136823	no	yes	no	0.86258589584944001	NA
dataset:random_product_sample	10240	exponential_excess	0.80000000000000004	0.53555423843973049	2048	0.20000000000000001	ok	0	0.095054637222867666	infinite	0.0075508690124699599	0.0015101738024939921	1	no	5	0.16257908248494646	NA	yes	yes	yes	0.86258589584944001	NA
dataset:random_product_sample	10240	gpd_excess	0.80000000000000004	0.53555423843973049	2048	0.20000000000000001	ok	-0.39426710197175452	0.13105923160827671	0.86796653191499451	0	0	0	yes	5	NA	0.001175471126083516	no	yes	no	0.86258589584944001	NA
dataset:random_product_sample	10240	exponential_excess	0.81000000000000005	0.54346079339351039	1946	0.19003906249999999	ok	0	0.091910850491035881	infinite	0.0069626441172547255	0.0013231743605642281	1	no	5	0.20727213987029369	NA	yes	yes	yes	0.86258589584944001	NA
dataset:random_product_sample	10240	gpd_excess	0.81000000000000005	0.54346079339351039	1946	0.19003906249999999	ok	-0.3887554653366756	0.12643544622136521	0.8686920955743499	0	0	0	yes	5	NA	0.0021168066318304479	no	yes	no	0.86258589584944001	NA
dataset:random_product_sample	10240	exponential_excess	0.81999999999999995	0.54993850557044566	1844	0.18007812500000001	ok	0	0.090354741571146979	infinite	0.0068668479014019797	0.0012365690947446534	1	no	5	0.20718388388608178	NA	yes	yes	yes	0.86258589584944001	NA
dataset:random_product_sample	10240	gpd_excess	0.81999999999999995	0.54993850557044566	1844	0.18007812500000001	ok	-0.39001447264160227	0.12424501937944744	0.86850365659657303	0	0	0	yes	5	NA	0.001947786828628284	no	yes	no	0.86258589584944001	NA
dataset:random_product_sample	10240	exponential_excess	0.82999999999999996	0.55864886180555939	1741	0.17001953124999999	ok	0	0.086717101245306405	infinite	0.0061607834104011345	0.0010474535075691773	1	no	5	0.19936783301271088	NA	yes	yes	yes	0.86258589584944001	NA
dataset:random_product_sample	10240	gpd_excess	0.82999999999999996	0.55864886180555939	1741	0.17001953124999999	ok	-0.38226367269362677	0.11887810360193028	0.86963343108009683	0	0	0	yes	5	NA	0.0016228134746508749	no	yes	no	0.86258589584944001	NA
dataset:random_product_sample	10240	exponential_excess	0.83999999999999997	0.56613163029332025	1639	0.16005859375000001	ok	0	0.084404051523965296	infinite	0.0058555008900216324	0.00093722323815873595	1	no	5	0.24397734738836929	NA	yes	yes	yes	0.86258589584944001	NA
dataset:random_product_sample	10240	gpd_excess	0.83999999999999997	0.56613163029332025	1639	0.16005859375000001	ok	-0.38043042539033745	0.11556817739336894	0.86991431874362279	0	0	0	yes	5	NA	0.0027070203714431029	no	yes	no	0.86258589584944001	NA
dataset:random_product_sample	10240	exponential_excess	0.84999999999999998	0.57381204426018217	1536	0.14999999999999999	ok	0	0.082122471842949199	infinite	0.0055738847518702018	0.00083608271278053027	1	no	5	0.21510904699001232	NA	yes	yes	yes	0.86258589584944001	NA
dataset:random_product_sample	10240	gpd_excess	0.84999999999999998	0.57381204426018217	1536	0.14999999999999999	ok	-0.37898265408652199	0.11229802753799244	0.8701264700712239	0	0	0	yes	5	NA	0.0015772458879192985	no	yes	no	0.86258589584944001	NA
dataset:random_product_sample	10240	exponential_excess	0.85999999999999999	0.58255258220707618	1434	0.14003906250000001	ok	0	0.078892283178901776	infinite	0.0050349115552062373	0.00070508429396149851	1	no	5	0.2570102936646772	NA	yes	yes	yes	0.86258589584944001	NA
dataset:random_product_sample	10240	gpd_excess	0.85999999999999999	0.58255258220707618	1434	0.14003906250000001	ok	-0.37261509577524088	0.10755836362564622	0.87121067696801613	0	0	0	yes	5	NA	0.0024220436030296666	no	yes	no	0.86258589584944001	NA
dataset:random_product_sample	10240	exponential_excess	0.87	0.5901201633442883	1332	0.13007812499999999	ok	0	0.077087391336247493	infinite	0.0049070608131468792	0.00063830126983512134	1	no	5	0.30741239646384155	NA	yes	yes	yes	0.86258589584944001	NA
dataset:random_product_sample	10240	gpd_excess	0.87	0.5901201633442883	1332	0.13007812499999999	ok	-0.37422696834296842	0.10508618800317973	0.87092886205589803	0	0	0	yes	5	NA	0.0039989591886886444	no	yes	no	0.86258589584944001	NA
dataset:random_product_sample	10240	exponential_excess	0.88	0.59972783123842832	1229	0.12001953125000001	ok	0	0.073521648037909421	infinite	0.0043209657941802281	0.000518600289164795	1	no	5	0.31005221475806888	NA	yes	yes	yes	0.86258589584944001	NA
dataset:random_product_sample	10240	gpd_excess	0.88	0.59972783123842832	1229	0.12001953125000001	ok	-0.36621495837804208	0.09983332187329752	0.87233636234665246	0	0	0	yes	5	NA	0.0036570919433335236	no	yes	no	0.86258589584944001	NA
dataset:random_product_sample	10240	exponential_excess	0.89000000000000001	0.60958151247252745	1127	0.11005859375	ok	0	0.069868755247217459	infinite	0.003742940195098353	0.00041194273436287541	1	no	5	0.32421077491867312	NA	yes	yes	yes	0.86258589584944001	NA
dataset:random_product_sample	10240	gpd_excess	0.89000000000000001	0.60958151247252745	1127	0.11005859375	ok	-0.35704907937114438	0.094455161942172447	0.87412542925991255	0	0	0	yes	5	NA	0.0036570919433335236	no	yes	no	0.86258589584944001	NA
dataset:random_product_sample	10240	exponential_excess	0.90000000000000002	0.61876798769465591	1024	0.10000000000000001	ok	0	0.067254126154648708	infinite	0.0034529383624974132	0.00034529383624974132	1	no	5	0.30468561746204825	NA	yes	yes	yes	0.86258589584944001	NA
dataset:random_product_sample	10240	gpd_excess	0.90000000000000002	0.61876798769465591	1024	0.10000000000000001	ok	-0.35490990575910286	0.090792330312642278	0.87458595399923156	0	0	0	yes	5	NA	0.0022495916525790971	no	yes	no	0.86258589584944001	NA
dataset:random_product_sample	10240	exponential_excess	0.91000000000000003	0.62763545121035369	922	0.090039062500000003	ok	0	0.065376302051116816	infinite	0.0033603457833814728	0.00030256238401149592	1	no	5	0.40781551155029661	NA	yes	yes	yes	0.86258589584944001	NA
dataset:random_product_sample	10240	gpd_excess	0.91000000000000003	0.62763545121035369	922	0.090039062500000003	ok	-0.35890010608680312	0.08833911569077757	0.87377390085854634	0	0	0	yes	5	NA	0.0047155430892414918	no	yes	no	0.86258589584944001	NA
dataset:random_product_sample	10240	exponential_excess	0.92000000000000004	0.63742814100502232	820	0.080078125	ok	0	0.063152746025359086	infinite	0.0032109477706829329	0.00025712667694921922	1	no	5	0.457013034145481	NA	yes	yes	yes	0.86258589584944001	NA
dataset:random_product_sample	10240	gpd_excess	0.92000000000000004	0.63742814100502232	820	0.080078125	ok	-0.36204514282449918	0.085358504756404094	0.87319571432606946	0	0	0	yes	5	NA	0.0052635771965157119	no	yes	no	0.86258589584944001	NA
dataset:random_product_sample	10240	exponential_excess	0.93000000000000005	0.65132270340900422	717	0.070019531250000003	ok	0	0.057398509788692216	infinite	0.0023003935266625469	0.00016107247642744592	1	no	5	0.54561688431362265	NA	yes	yes	yes	0.86258589584944001	NA
dataset:random_product_sample	10240	gpd_excess	0.93000000000000005	0.65132270340900422	717	0.070019531250000003	ok	-0.33815492786050139	0.076622036134017996	0.87791125741531095	0	0	0	yes	5	NA	0.0055171531607838276	no	yes	no	0.86258589584944001	NA
dataset:random_product_sample	10240	exponential_excess	0.93999999999999995	0.66310372092684189	615	0.06005859375	ok	0	0.054241947539082035	infinite	0.0020072461457038811	0.0001205523808210827	1	no	5	0.62314809197080478	NA	yes	yes	yes	0.86258589584944001	NA
dataset:random_product_sample	10240	gpd_excess	0.93999999999999995	0.66310372092684189	615	0.06005859375	ok	-0.33553758623912827	0.072259888340845901	0.87845929152258517	0	0	0	yes	5	NA	0.0055171531607838276	no	yes	no	0.86258589584944001	NA
dataset:random_product_sample	10240	exponential_excess	0.94999999999999996	0.67614655853018124	512	0.050000000000000003	ok	0	0.050889785719648806	infinite	0.0017227729529648715	8.6138647648243582e-05	1	no	5	0.77001206828574986	NA	yes	yes	yes	0.86258589584944001	NA
dataset:random_product_sample	10240	gpd_excess	0.94999999999999996	0.67614655853018124	512	0.050000000000000003	ok	-0.33410761578807258	0.067678946524503791	0.87871286748685329	0	0	0	yes	5	NA	0.0054290938628609453	no	yes	no	0.86258589584944001	NA
dataset:random_product_sample	10240	exponential_excess	0.95999999999999996	0.69026728771673862	410	0.0400390625	ok	0	0.047776924665167551	infinite	0.0015293790792653252	6.1234904540896805e-05	1	no	5	1.0581309847810241	NA	no	yes	no	0.86258589584944001	NA
dataset:random_product_sample	10240	gpd_excess	0.95999999999999996	0.69026728771673862	410	0.0400390625	ok	-0.33978350192143369	0.063636206945284893	0.87755185740723274	0	0	0	yes	5	NA	0.0093283863790878385	no	yes	no	0.86258589584944001	NA
dataset:random_product_sample	10240	exponential_excess	0.96999999999999997	0.70936372654581992	308	0.030078125000000001	ok	0	0.041503356481751068	infinite	0.00090940745002205325	2.7353270957694572e-05	0.99999999999868039	no	5	1.65042075504571	NA	no	yes	no	0.86258589584944001	NA
dataset:random_product_sample	10240	gpd_excess	0.96999999999999997	0.70936372654581992	308	0.030078125000000001	ok	-0.31311519034989843	0.054362190367562076	0.88298095127009368	0	0	0	yes	5	NA	0.018222934868427076	no	yes	no	0.86258589584944001	NA
dataset:random_product_sample	10240	exponential_excess	0.97999999999999998	0.73103818180200175	205	0.02001953125	ok	0	0.035629669762277105	infinite	0.00052673345444580666	1.0544956851698277e-05	0.99997367555150829	no	4	1.5022217510203859	NA	no	yes	no	0.86258589584944001	NA
dataset:random_product_sample	10240	gpd_excess	0.97999999999999998	0.73103818180200175	205	0.02001953125	ok	-0.29575687606368201	0.046091361411804824	0.88688024378632058	0	0	0	yes	4	NA	0.018222934868427076	no	yes	no	0.86258589584944001	NA
dataset:random_product_sample	10240	exponential_excess	0.98999999999999999	0.76051313149295285	103	0.010058593750000001	ok	0	0.027975938793865798	infinite	0.00019153141892703561	1.9265367333481122e-06	0.85434851342234408	no	3	1.1522319734221647	NA	no	yes	no	0.86258589584944001	NA
dataset:random_product_sample	10240	gpd_excess	0.98999999999999999	0.76051313149295285	103	0.010058593750000001	ok	-0.26093051999014882	0.035293895482762842	0.89577479227565981	0	0	0	yes	3	NA	0.012793841005566131	no	yes	no	0.86258589584944001	NA
product:5x6	1024	exponential_excess	0.75	0.59026793910203557	256	0.25	ok	0	0.077952578099546338	infinite	0.0052152369774748058	0.0013038092443687014	1	no	3	0.28987752320169369	NA	yes	yes	yes	0.86258589584944001	NA
product:5x6	1024	gpd_excess	0.75	0.59026793910203557	256	0.25	ok	-0.35691466904274494	0.10466240773424509	0.88351004096059071	0	0	0	yes	3	NA	0.023010234352945469	no	yes	no	0.86258589584944001	NA
product:5x6	1024	exponential_excess	0.76000000000000001	0.59765891446429042	246	0.240234375	ok	0	0.073616558073531416	infinite	0.0042308122932790005	0.0010163865470181974	1	no	4	0.28987752320169369	NA	yes	yes	yes	0.86258589584944001	NA
product:5x6	1024	gpd_excess	0.76000000000000001	0.59765891446429042	246	0.240234375	ok	-0.33508538226892137	0.09771951400848608	0.88928462892193183	0	0	0	yes	4	NA	0.023010234352945469	no	yes	no	0.86258589584944001	NA
product:5x6	1024	exponential_excess	0.77000000000000002	0.60691046471165855	236	0.23046875	ok	0	0.0672834365673083	infinite	0.0029021809459330535	0.00066886201488300845	1	no	5	0.28987752320169369	NA	yes	yes	yes	0.86258589584944001	NA
product:5x6	1024	gpd_excess	0.77000000000000002	0.60691046471165855	236	0.23046875	ok	-0.29029552881694359	0.086975388407416393	0.90652027531353618	0	0	0	yes	5	NA	0.023010234352945469	no	yes	no	0.86258589584944001	NA
product:5x6	1024	exponential_excess	0.78000000000000003	0.60889300953920755	226	0.220703125	ok	0	0.068240114355089296	infinite	0.0032427436310079982	0.00071568365293731213	1	no	5	0.20139528201031798	NA	yes	yes	yes	0.86258589584944001	NA
product:5x6	1024	gpd_excess	0.78000000000000003	0.60889300953920755	226	0.220703125	ok	-0.30726010112154756	0.089164125453836507	0.89908404029254474	0	0	0	yes	5	NA	0.017235646391604353	no	yes	no	0.86258589584944001	NA
product:5x6	1024	exponential_excess	0.79000000000000004	0.61256999196853934	215	0.2099609375	ok	0	0.067935558514696667	infinite	0.0033362609222790792	0.00070048447098633015	1	no	5	0.10126896471164359	NA	yes	yes	yes	0.86258589584944001	NA
product:5x6	1024	gpd_excess	0.79000000000000004	0.61256999196853934	215	0.2099609375	ok	-0.31369747515101565	0.089106732746161155	0.89662306795604829	0	0	0	yes	5	NA	0.0098972073574878916	no	yes	no	0.86258589584944001	NA
product:5x6	1024	exponential_excess	0.80000000000000004	0.61708626676858225	205	0.2001953125	ok	0	0.066631127955188413	infinite	0.0031930794269763962	0.00063923953372086058	1	no	5	0.18561625341710419	NA	yes	yes	yes	0.86258589584944001	NA
product:5x6	1024	gpd_excess	0.80000000000000004	0.61708626676858225	205	0.2001953125	ok	-0.31100714222588544	0.087243557538244101	0.89760573302212199	0	0	0	yes	5	NA	0.0096074272788833071	no	yes	no	0.86258589584944001	NA
product:5x6	1024	exponential_excess	0.81000000000000005	0.62203686458286589	195	0.1904296875	ok	0	0.064975830157965889	infinite	0.0029765794430556074	0.0005668290931600034	1	no	5	0.17629366776107469	NA	yes	yes	yes	0.86258589584944001	NA
product:5x6	1024	gpd_excess	0.81000000000000005	0.62203686458286589	195	0.1904296875	ok	-0.30514011278701292	0.08476836960602907	0.89983832710378064	0	0	0	yes	5	NA	0.0096074272788833071	no	yes	no	0.86258589584944001	NA
product:5x6	1024	exponential_excess	0.81999999999999995	0.6279391160562724	185	0.1806640625	ok	0	0.062441476897347872	infinite	0.0025836463813265782	0.00046677205131388376	1	no	5	0.21437671820575588	NA	yes	yes	yes	0.86258589584944001	NA
product:5x6	1024	gpd_excess	0.81999999999999995	0.6279391160562724	185	0.1806640625	ok	-0.28990633389320242	0.080678433491768162	0.9062304952349316	0	0	0	yes	5	NA	0.0087497152884602469	no	yes	no	0.86258589584944001	NA
product:5x6	1024	exponential_excess	0.82999999999999996	0.63159493383181797	174	0.169921875	ok	0	0.062639872925976323	infinite	0.0027911017678076081	0.00047426924570168343	1	no	5	0.16216522497468988	NA	yes	yes	yes	0.86258589584944001	NA
product:5x6	1024	gpd_excess	0.82999999999999996	0.63159493383181797	174	0.169921875	ok	-0.30364602973600641	0.081646854727689414	0.90048320086654321	0	0	0	yes	5	NA	0.0075534989061580848	no	yes	no	0.86258589584944001	NA
product:5x6	1024	exponential_excess	0.83999999999999997	0.63759656644055807	164	0.16015625	ok	0	0.06022745271794562	infinite	0.0024363687277316288	0.00039019967905076867	1	no	5	0.12970700200600627	NA	yes	yes	yes	0.86258589584944001	NA
product:5x6	1024	gpd_excess	0.83999999999999997	0.63759656644055807	164	0.16015625	ok	-0.28949770294111182	0.07780507894639363	0.90635544831058223	0	0	0	yes	5	NA	0.0075534989061580848	no	yes	no	0.86258589584944001	NA
product:5x6	1024	exponential_excess	0.84999999999999998	0.64074112062329291	154	0.150390625	ok	0	0.06088578069067762	infinite	0.002737970640536084	0.00041176511586187199	1	no	5	0.17714801001615976	NA	yes	yes	yes	0.86258589584944001	NA
product:5x6	1024	gpd_excess	0.84999999999999998	0.64074112062329291	154	0.150390625	ok	-0.30854595401507001	0.079623624610193774	0.89880194940442415	0	0	0	yes	5	NA	0.0075534989061580848	no	yes	no	0.86258589584944001	NA
product:5x6	1024	exponential_excess	0.85999999999999999	0.6466510960489863	144	0.140625	ok	0	0.058982530685650354	infinite	0.002501816347567807	0.00035181792387672288	1	no	5	0.16347409824501291	NA	yes	yes	yes	0.86258589584944001	NA
product:5x6	1024	gpd_excess	0.85999999999999999	0.6466510960489863	144	0.140625	ok	-0.30137691586544457	0.076792678314088425	0.9014572018635868	0	0	0	yes	5	NA	0.0075534989061580848	no	yes	no	0.86258589584944001	NA
product:5x6	1024	exponential_excess	0.87	0.65248673229096277	133	0.1298828125	ok	0	0.057721556249939764	infinite	0.0024284282092811808	0.00031541108577577839	1	no	5	0.18930307318034689	NA	yes	yes	yes	0.86258589584944001	NA
product:5x6	1024	gpd_excess	0.87	0.65248673229096277	133	0.1298828125	ok	-0.3026926036406371	0.075230518874895486	0.90102441695870805	0	0	0	yes	5	NA	0.0039688276803107048	no	yes	no	0.86258589584944001	NA
product:5x6	1024	exponential_excess	0.88	0.6582079026624833	123	0.1201171875	ok	0	0.056474183699503806	infinite	0.0023527202906577045	0.00028260214428798598	1	no	5	0.1441362436783602	NA	yes	yes	yes	0.86258589584944001	NA
product:5x6	1024	gpd_excess	0.88	0.6582079026624833	123	0.1201171875	ok	-0.30389783507275581	0.073658957055392174	0.90058856008887656	0	0	0	yes	5	NA	0.0073973360749078898	no	yes	no	0.86258589584944001	NA
product:5x6	1024	exponential_excess	0.89000000000000001	0.66365791675797337	113	0.1103515625	ok	0	0.055807184401695756	infinite	0.0024130592797996339	0.00026628486193101429	1	no	5	0.27308518593051945	NA	yes	yes	yes	0.86258589584944001	NA
product:5x6	1024	gpd_excess	0.89000000000000001	0.66365791675797337	113	0.1103515625	ok	-0.31307731716793147	0.073207012282863998	0.89748837418327609	0	0	0	yes	5	NA	0.0098386438954467526	no	yes	no	0.86258589584944001	NA
product:5x6	1024	exponential_excess	0.90000000000000002	0.66943363963699265	103	0.1005859375	ok	0	0.0552090448524594	infinite	0.002509830829814368	0.00025245368698328116	1	no	5	0.31370076560993976	NA	yes	yes	yes	0.86258589584944001	NA
product:5x6	1024	gpd_excess	0.90000000000000002	0.66943363963699265	103	0.1005859375	ok	-0.3245530640740848	0.072903129968928101	0.89405986578867891	0	0	0	yes	5	NA	0.01049068268990383	no	yes	no	0.86258589584944001	NA
product:5x6	1024	exponential_excess	0.91000000000000003	0.6789208878244769	93	0.0908203125	ok	0	0.051033280090632342	infinite	0.0018518626630252279	0.0001681867457630334	1	no	5	0.36784891463003166	NA	yes	yes	yes	0.86258589584944001	NA
product:5x6	1024	gpd_excess	0.91000000000000003	0.6789208878244769	93	0.0908203125	ok	-0.29383855035296136	0.066107098269095887	0.90389850968412566	0	0	0	yes	5	NA	0.01049068268990383	no	yes	no	0.86258589584944001	NA
product:5x6	1024	exponential_excess	0.92000000000000004	0.68693623726029518	82	0.080078125	ok	0	0.049153990377787747	infinite	0.001713802576668685	0.00013723809695979705	1	no	5	0.45776947683001623	NA	yes	yes	yes	0.86258589584944001	NA
product:5x6	1024	gpd_excess	0.92000000000000004	0.68693623726029518	82	0.080078125	ok	-0.29252013080081729	0.063656566781703228	0.90455054847858274	0	0	0	yes	5	NA	0.01049068268990383	no	yes	no	0.86258589584944001	NA
product:5x6	1024	exponential_excess	0.93000000000000005	0.69479534269794296	72	0.0703125	ok	0	0.047516413893894459	infinite	0.0016235475903880801	0.00011415568994916188	1	no	5	0.44504314709206128	NA	yes	yes	yes	0.86258589584944001	NA
product:5x6	1024	gpd_excess	0.93000000000000005	0.69479534269794296	72	0.0703125	ok	-0.2953490820142135	0.061685146736541165	0.90365039081883947	0	0	0	yes	5	NA	0.0048225427632954121	no	yes	no	0.86258589584944001	NA
product:5x6	1024	exponential_excess	0.93999999999999995	0.70403329777179235	62	0.060546875	ok	0	0.045296414190172739	infinite	0.0014531836673374035	8.7985729858319349e-05	1	no	5	0.35672606677495322	NA	yes	yes	yes	0.86258589584944001	NA
product:5x6	1024	gpd_excess	0.93999999999999995	0.70403329777179235	62	0.060546875	ok	-0.29353289828083601	0.058742299023677669	0.90415498555438734	0	0	0	yes	5	NA	0.015566094786221951	no	yes	no	0.86258589584944001	NA
product:5x6	1024	exponential_excess	0.94999999999999996	0.71457156851790737	52	0.05078125	ok	0	0.042380140092224045	infinite	0.0011886260209121378	6.0359915124444501e-05	1	no	5	0.27674894281952733	NA	yes	yes	yes	0.86258589584944001	NA
product:5x6	1024	gpd_excess	0.94999999999999996	0.71457156851790737	52	0.05078125	ok	-0.28130022106891728	0.054544496858132029	0.90847293358213488	0	0	0	yes	5	NA	0.029882354853357329	no	yes	no	0.86258589584944001	NA
product:5x6	1024	exponential_excess	0.95999999999999996	0.72427477795477702	41	0.0400390625	ok	0	0.042588431856471973	infinite	0.001542761735617214	6.1770733554986109e-05	1	no	5	0.87757353219608802	NA	yes	yes	yes	0.86258589584944001	NA
product:5x6	1024	gpd_excess	0.95999999999999996	0.72427477795477702	41	0.0400390625	ok	-0.33831415390701913	0.057050612985065849	0.89290683879591293	0	0	0	yes	5	NA	0.029882354853357329	no	yes	no	0.86258589584944001	NA
product:5x6	1024	exponential_excess	0.96999999999999997	0.73424825652015435	31	0.0302734375	ok	0	0.044665748894741092	infinite	0.0026063926244915257	7.8904464218005171e-05	1	no	4	0.83026286645858605	NA	yes	yes	yes	0.86258589584944001	NA
product:5x6	1024	gpd_excess	0.96999999999999997	0.73424825652015435	31	0.0302734375	ok	-0.43866418276719132	0.06331780681036428	0.87859057872877755	0	0	0	yes	4	NA	0.029882354853357329	no	yes	no	0.86258589584944001	NA
product:5x6	1024	exponential_excess	0.97999999999999998	0.76124355973481905	21	0.0205078125	ok	0	0.031953167384581593	infinite	0.00056874732972379545	1.1663763597851274e-05	0.9999914007160523	no	3	0.83026286645858605	NA	yes	yes	yes	0.86258589584944001	NA
product:5x6	1024	gpd_excess	0.97999999999999998	0.76124355973481905	21	0.0205078125	ok	-0.29750638525983375	0.041375108444748898	0.90031656957497097	0	0	0	yes	3	NA	0.021725990846193421	no	yes	no	0.86258589584944001	NA
product:5x6	1024	exponential_excess	0.98999999999999999	0.7926715918074011	11	0.0107421875	insufficient_tail_rows	NA	NA	NA	NA	NA	NA	NA	2	0.83026286645858605	NA	yes	yes	no	0.86258589584944001	NA
product:5x6	1024	gpd_excess	0.98999999999999999	0.7926715918074011	11	0.0107421875	insufficient_tail_rows	NA	NA	NA	NA	NA	NA	NA	2	NA	0.021725990846193421	no	yes	no	0.86258589584944001	NA
generic:F10	512	exponential_excess	0.75	0.49744946973751858	128	0.25	ok	0	0.093912707467946679	infinite	0.0047422117207845879	0.001185552930196147	1	no	3	0.072279827547455433	NA	yes	yes	yes	0.85955960580283441	NA
generic:F10	512	gpd_excess	0.75	0.49744946973751858	128	0.25	ok	-0.28141495624060908	0.11915755580865045	0.92087243701851496	0	0	0	yes	3	NA	0.0068943701940390456	no	yes	no	0.85955960580283441	NA
generic:F10	512	exponential_excess	0.76000000000000001	0.50158505051260149	123	0.240234375	ok	0	0.093503383033610499	infinite	0.0048418988841440677	0.0011631905522455476	1	no	4	0.10053479634457307	NA	yes	yes	yes	0.85955960580283441	NA
generic:F10	512	gpd_excess	0.76000000000000001	0.50158505051260149	123	0.240234375	ok	-0.28451104949114736	0.11878271677766965	0.91908277859773024	0	0	0	yes	4	NA	0.007939143010509353	no	yes	no	0.85955960580283441	NA
generic:F10	512	exponential_excess	0.77000000000000002	0.50847367123845744	118	0.23046875	ok	0	0.090414994092022596	infinite	0.0043554103054207621	0.0010037859688274413	1	no	5	0.18580073359384608	NA	yes	yes	yes	0.85955960580283441	NA
generic:F10	512	gpd_excess	0.77000000000000002	0.50847367123845744	118	0.23046875	ok	-0.27315555906123745	0.11404339582108571	0.92597714879176929	0	0	0	yes	5	NA	0.019948931236132839	no	yes	no	0.85955960580283441	NA
generic:F10	512	exponential_excess	0.78000000000000003	0.51370713116890976	113	0.220703125	ok	0	0.089095646289052491	infinite	0.0042616489227512537	0.00094055923490408532	1	no	5	0.2735875645379533	NA	yes	yes	yes	0.85955960580283441	NA
generic:F10	512	gpd_excess	0.78000000000000003	0.51370713116890976	113	0.220703125	ok	-0.27149021125240158	0.11221091977011577	0.9270219216082396	0	0	0	yes	5	NA	0.036973201029051994	no	yes	no	0.85955960580283441	NA
generic:F10	512	exponential_excess	0.79000000000000004	0.52145628274692024	108	0.2109375	ok	0	0.085314462605060357	infinite	0.0036640924262357419	0.00077289449615910175	1	no	5	0.29663522624200667	NA	yes	yes	yes	0.85955960580283441	NA
generic:F10	512	gpd_excess	0.79000000000000004	0.52145628274692024	108	0.2109375	ok	-0.25447589456135811	0.10626288035479095	0.93903170983386308	0	0	0	yes	5	NA	0.049362646542559507	no	yes	no	0.85955960580283441	NA
generic:F10	512	exponential_excess	0.80000000000000004	0.52946461191300909	103	0.201171875	ok	0	0.081365956678634388	infinite	0.0030796122451569579	0.00061953136963118491	1	no	5	0.3892964474276619	NA	yes	yes	yes	0.85955960580283441	NA
generic:F10	512	gpd_excess	0.80000000000000004	0.52946461191300909	103	0.201171875	ok	-0.23427647829183085	0.099940323297678213	0.95605597962678224	0	0	0	yes	5	NA	0.087617958045299371	no	yes	no	0.85955960580283441	NA
generic:F10	512	exponential_excess	0.81000000000000005	0.53675861127005176	98	0.19140625	ok	0	0.078070262022866516	infinite	0.0026488037326951159	0.00050699758946117456	1	no	5	0.44558642786682912	NA	yes	yes	yes	0.85955960580283441	NA
generic:F10	512	gpd_excess	0.81000000000000005	0.53675861127005176	98	0.19140625	ok	-0.2157686573966561	0.094632073244984766	0.9753397953343288	0	0	0	yes	5	3.023220308957014	0.16395607888709274	no	no	no	0.85955960580283441	NA
generic:F10	512	exponential_excess	0.81999999999999995	0.54574172051279324	92	0.1796875	ok	0	0.073876491776141126	infinite	0.0021358553558744656	0.00038378650925869305	1	no	5	0.41119756363307536	NA	yes	yes	yes	0.85955960580283441	NA
generic:F10	512	gpd_excess	0.81999999999999995	0.54574172051279324	92	0.1796875	ok	-0.18681712791633173	0.087598207375929174	1.014639879653539	8.7316735393416845e-09	1.5689725891004588e-09	0.0015677423963010406	no	5	3.4611013457426676	0.1988848443385749	no	no	no	0.85955960580283441	NA
generic:F10	512	exponential_excess	0.82999999999999996	0.55410406861296102	87	0.169921875	ok	0	0.06946553268005437	infinite	0.0016303636922627253	0.00027703445552120529	1	no	5	0.33613334967515174	NA	yes	yes	yes	0.85955960580283441	NA
generic:F10	512	gpd_excess	0.82999999999999996	0.55410406861296102	87	0.169921875	ok	-0.14500791005893315	0.07959248111823275	1.1029877887209558	9.7406148986802589e-06	1.6551435472366847e-06	0.80893563477327302	no	5	3.4611013457426676	0.17960102863102834	no	no	no	0.85955960580283441	NA
generic:F10	512	exponential_excess	0.83999999999999997	0.5599107331498242	82	0.16015625	ok	0	0.067687721385792737	infinite	0.0015007966322522889	0.00024036196063415564	1	no	5	0.21813479282978321	NA	yes	yes	yes	0.85955960580283441	NA
generic:F10	512	gpd_excess	0.83999999999999997	0.5599107331498242	82	0.16015625	ok	-0.12849500280836473	0.076458393190403429	1.1549408239653571	2.8325188623226336e-05	4.5364559904385931e-06	0.98928880989934087	no	5	3.4611013457426676	0.14030094431181817	no	yes	no	0.85955960580283441	NA
generic:F10	512	exponential_excess	0.84999999999999998	0.56445422073462193	77	0.150390625	ok	0	0.067354584892407685	infinite	0.0015547185509083026	0.00023381509457019394	1	no	5	0.18415945595620808	NA	yes	yes	yes	0.85955960580283441	NA
generic:F10	512	gpd_excess	0.84999999999999998	0.56445422073462193	77	0.150390625	ok	-0.13129296858156975	0.076277359625477104	1.1454248580013653	2.6213461751471699e-05	3.9422588962174235e-06	0.98059581795744033	no	5	0.90165184338496207	0.16827605596827544	yes	no	no	0.85955960580283441	NA
generic:F10	512	exponential_excess	0.85999999999999999	0.56906591556541508	72	0.140625	ok	0	0.067269969476743185	infinite	0.0016515524714143792	0.00023224956629264707	1	no	5	0.1224914070570895	NA	yes	yes	yes	0.85955960580283441	NA
generic:F10	512	gpd_excess	0.85999999999999999	0.56906591556541508	72	0.140625	ok	-0.13877697760441099	0.07668539026359264	1.1216459730601622	1.835024378399949e-05	2.5805030321249281e-06	0.92426435531257012	no	5	0.95320095478441313	0.17454434197664037	yes	no	no	0.85955960580283441	NA
generic:F10	512	exponential_excess	0.87	0.57680737995082909	67	0.130859375	ok	0	0.064297599318842727	infinite	0.0013853818356635837	0.00018129020115128928	1	no	5	0.13240439844255381	NA	yes	yes	yes	0.85955960580283441	NA
generic:F10	512	gpd_excess	0.87	0.57680737995082909	67	0.130859375	ok	-0.10215733093380377	0.070943818887400381	1.2712638446892313	0.00010085157079689999	1.3197373522250586e-05	0.99999814469342929	no	5	2.4124355595708513	0.23813506268381746	no	no	no	0.85955960580283441	NA
generic:F10	512	exponential_excess	0.88	0.57950690866612675	62	0.12109375	ok	0	0.066644036993377981	infinite	0.0018188731612722626	0.00022025417187281304	1	no	5	0.17381243512766087	NA	yes	yes	yes	0.85955960580283441	NA
generic:F10	512	gpd_excess	0.88	0.57950690866612675	62	0.12109375	ok	-0.14812437979472931	0.076611794715155584	1.0967195027125909	1.213849448395235e-05	1.4698958164161049e-06	0.77005080751809363	no	5	2.4124355595708513	0.23813506268381746	no	no	no	0.85955960580283441	NA
generic:F10	512	exponential_excess	0.89000000000000001	0.58372413503106191	57	0.111328125	ok	0	0.06807159047528781	infinite	0.0022088887056120644	0.0002459114379294681	1	no	5	0.17381243512766087	NA	yes	yes	yes	0.85955960580283441	NA
generic:F10	512	gpd_excess	0.89000000000000001	0.58372413503106191	57	0.111328125	ok	-0.17865782606885977	0.08028965725368109	1.0331287820054138	4.5861373192490596e-07	5.1056606874452422e-08	0.049775121489004565	no	5	2.4124355595708513	0.23813506268381746	no	no	no	0.85955960580283441	NA
generic:F10	512	exponential_excess	0.90000000000000002	0.59480215016891524	52	0.1015625	ok	0	0.063078810767376897	infinite	0.0016226801050209789	0.00016480344816619316	1	no	5	0.17381243512766087	NA	yes	yes	yes	0.85955960580283441	NA
generic:F10	512	gpd_excess	0.90000000000000002	0.59480215016891524	52	0.1015625	ok	-0.12123912348875943	0.0708231815137806	1.1789632647974528	5.7856455722016252e-05	5.8760462842672752e-06	0.99719419150575106	no	5	2.0610332589323805	0.14583448279203903	no	yes	no	0.85955960580283441	NA
generic:F10	512	exponential_excess	0.91000000000000003	0.60017174945982799	46	0.08984375	ok	0	0.065614960750966581	infinite	0.0022573738684062063	0.00020281093348962009	1	no	5	0.2389895042409762	NA	yes	yes	yes	0.85955960580283441	NA
generic:F10	512	gpd_excess	0.91000000000000003	0.60017174945982799	46	0.08984375	ok	-0.17709979278830829	0.077326380975397069	1.0367977881352497	8.590071095218389e-07	7.7176419996102713e-08	0.074273480226918057	no	5	2.0610332589323805	0.14583448279203903	no	yes	no	0.85955960580283441	NA
generic:F10	512	exponential_excess	0.92000000000000004	0.60929048234628314	41	0.080078125	ok	0	0.064034835829863593	infinite	0.002239472126672424	0.00017933272889369021	1	no	5	0.18596949706407973	NA	yes	yes	yes	0.85955960580283441	NA
generic:F10	512	gpd_excess	0.92000000000000004	0.60929048234628314	41	0.080078125	ok	-0.17434990218882368	0.075302907892525861	1.0411972798102223	1.4018595349323476e-06	1.122582830707544e-07	0.1061866348094003	no	5	1.881600579004993	0.14216547666220314	no	yes	no	0.85955960580283441	NA
generic:F10	512	exponential_excess	0.93000000000000005	0.62010173577617023	36	0.0703125	ok	0	0.061214406482051814	infinite	0.0020172358847549399	0.0001418368981468317	1	no	5	0.18596949706407973	NA	yes	yes	yes	0.85955960580283441	NA
generic:F10	512	gpd_excess	0.93000000000000005	0.62010173577617023	36	0.0703125	ok	-0.15024941612427625	0.070543922945109749	1.0896138627767873	1.632359825281791e-05	1.1477530021512594e-06	0.68265115756076011	no	5	2.7777239138503855	0.076249782727631832	no	yes	no	0.85955960580283441	NA
generic:F10	512	exponential_excess	0.93999999999999995	0.62965690857857337	31	0.060546875	ok	0	0.060443360548877494	infinite	0.0021828813686289718	0.00013216664536620727	1	no	5	0.33535264229800221	NA	yes	yes	yes	0.85955960580283441	NA
generic:F10	512	gpd_excess	0.93999999999999995	0.62965690857857337	31	0.060546875	ok	-0.15734881966901137	0.070124870705289694	1.0753219656968902	1.2392266494887756e-05	7.5031301043265714e-07	0.52778141270270684	no	5	3.4630874543454588	0.17461777234316278	no	no	no	0.85955960580283441	NA
generic:F10	512	exponential_excess	0.94999999999999996	0.64034461527997388	26	0.05078125	ok	0	0.06064059331873909	infinite	0.0026559988983087313	0.00013487494405474028	1	no	4	0.23348231017835896	NA	yes	yes	yes	0.85955960580283441	NA
generic:F10	512	gpd_excess	0.94999999999999996	0.64034461527997388	26	0.05078125	ok	-0.1947567949172283	0.072648075400185752	1.0133640800491555	3.7706926687561834e-08	1.9148048708527492e-09	0.0019129728033740721	no	4	3.4630874543454588	0.17461777234316278	no	no	no	0.85955960580283441	NA
generic:F10	512	exponential_excess	0.95999999999999996	0.65751427775035187	21	0.041015625	ok	0	0.055198292085360437	infinite	0.0020200288920161446	8.285274752409968e-05	1	no	3	0.2116243626836094	NA	yes	yes	yes	0.85955960580283441	NA
generic:F10	512	gpd_excess	0.95999999999999996	0.65751427775035187	21	0.041015625	ok	-0.11648746438708152	0.061792822709607578	1.1879818523923182	0.00013560092252561389	5.5617565879646316e-06	0.99615803780491874	no	3	3.4630874543454588	0.17461777234316278	no	no	no	0.85955960580283441	NA
generic:F10	512	exponential_excess	0.96999999999999997	0.66459460265815506	16	0.03125	insufficient_tail_rows	NA	NA	NA	NA	NA	NA	NA	2	0.2116243626836094	NA	yes	yes	no	0.85955960580283441	NA
generic:F10	512	gpd_excess	0.96999999999999997	0.66459460265815506	16	0.03125	insufficient_tail_rows	NA	NA	NA	NA	NA	NA	NA	2	3.4630874543454588	0.17461777234316278	no	no	no	0.85955960580283441	NA
generic:F10	512	exponential_excess	0.97999999999999998	0.69305635241962094	11	0.021484375	insufficient_tail_rows	NA	NA	NA	NA	NA	NA	NA	1	NA	NA	no	yes	no	0.85955960580283441	NA
generic:F10	512	gpd_excess	0.97999999999999998	0.69305635241962094	11	0.021484375	insufficient_tail_rows	NA	NA	NA	NA	NA	NA	NA	1	NA	NA	no	yes	no	0.85955960580283441	NA
generic:F10	512	exponential_excess	0.98999999999999999	0.74520452176937146	6	0.01171875	insufficient_tail_rows	NA	NA	NA	NA	NA	NA	NA	0	NA	NA	no	yes	no	0.85955960580283441	NA
generic:F10	512	gpd_excess	0.98999999999999999	0.74520452176937146	6	0.01171875	insufficient_tail_rows	NA	NA	NA	NA	NA	NA	NA	0	NA	NA	no	yes	no	0.85955960580283441	NA
product:6x6	1024	exponential_excess	0.75	0.6294873251767823	256	0.25	ok	0	0.072138318373232729	infinite	0.0058803300459686226	0.0014700825114921556	1	no	3	0.07092168337062521	NA	yes	yes	yes	0.85361188817024714	NA
product:6x6	1024	gpd_excess	0.75	0.6294873251767823	256	0.25	ok	-0.43959520935631424	0.10251685247189826	0.86269471754579952	0	0	0	yes	3	NA	0.0006929891368987473	no	yes	no	0.85361188817024714	NA
product:6x6	1024	exponential_excess	0.76000000000000001	0.63274718740473745	246	0.240234375	ok	0	0.071752002062835982	infinite	0.0059858119824817606	0.0014379978004790167	1	no	4	0.12300967639054816	NA	yes	yes	yes	0.85361188817024714	NA
product:6x6	1024	gpd_excess	0.76000000000000001	0.63274718740473745	246	0.240234375	ok	-0.44482216842363698	0.1020671387218311	0.86220323965936574	0	0	0	yes	4	NA	0.0011693203952416464	no	yes	no	0.85361188817024714	NA
product:6x6	1024	exponential_excess	0.77000000000000002	0.63804556255724543	236	0.23046875	ok	0	0.069365178940510003	infinite	0.0054176130358452998	0.0012485905043549714	1	no	5	0.22077797186327253	NA	yes	yes	yes	0.85361188817024714	NA
product:6x6	1024	gpd_excess	0.77000000000000002	0.63804556255724543	236	0.23046875	ok	-0.43737704938239419	0.098344520951287678	0.86289622879626449	0	0	0	yes	5	NA	0.0027248701629352112	no	yes	no	0.85361188817024714	NA
product:6x6	1024	exponential_excess	0.78000000000000003	0.64297365021454156	226	0.220703125	ok	0	0.067430381274974624	infinite	0.0050179179097753863	0.0011074701636808958	1	no	5	0.21119448249683881	NA	yes	yes	yes	0.85361188817024714	NA
product:6x6	1024	gpd_excess	0.78000000000000003	0.64297365021454156	226	0.220703125	ok	-0.43257161500183616	0.095338312374161349	0.86337256005460739	0	0	0	yes	5	NA	0.0027248701629352112	no	yes	no	0.85361188817024714	NA
product:6x6	1024	exponential_excess	0.79000000000000004	0.64965266816313461	215	0.2099609375	ok	0	0.064049305149818936	infinite	0.0042113878126380745	0.00088422693331756451	1	no	5	0.22168147885867429	NA	yes	yes	yes	0.85361188817024714	NA
product:6x6	1024	gpd_excess	0.79000000000000004	0.64965266816313461	215	0.2099609375	ok	-0.41792420520383522	0.089968817855311717	0.86492810982230095	0	0	0	yes	5	NA	0.0020318810260364639	no	yes	no	0.85361188817024714	NA
product:6x6	1024	exponential_excess	0.80000000000000004	0.65254324355368143	205	0.2001953125	ok	0	0.064202763429606	infinite	0.0044633036373033438	0.00089353246645232961	1	no	5	0.26828029224236083	NA	yes	yes	yes	0.85361188817024714	NA
product:6x6	1024	gpd_excess	0.80000000000000004	0.65254324355368143	205	0.2001953125	ok	-0.42827615585899903	0.090481976140579679	0.86381341328586925	0	0	0	yes	5	NA	0.0030167836626255884	no	yes	no	0.85361188817024714	NA
product:6x6	1024	exponential_excess	0.81000000000000005	0.65816871487795847	195	0.1904296875	ok	0	0.061727933991647214	infinite	0.0039355360430695313	0.00074944289882671739	1	no	5	0.22406128022410421	NA	yes	yes	yes	0.85361188817024714	NA
product:6x6	1024	gpd_excess	0.81000000000000005	0.65816871487795847	195	0.1904296875	ok	-0.41918901894914834	0.086601027689545668	0.86476054761881371	0	0	0	yes	5	NA	0.0025759304313637266	no	yes	no	0.85361188817024714	NA
product:6x6	1024	exponential_excess	0.81999999999999995	0.66427601421541926	185	0.1806640625	ok	0	0.05877212887219932	infinite	0.0033050647386019256	0.00059710642250132443	1	no	5	0.33473703020514556	NA	yes	yes	yes	0.85361188817024714	NA
product:6x6	1024	gpd_excess	0.81999999999999995	0.66427601421541926	185	0.1806640625	ok	-0.40535132603952878	0.081926906123824417	0.86638934371723297	0	0	0	yes	5	NA	0.0045325723360976067	no	yes	no	0.85361188817024714	NA
product:6x6	1024	exponential_excess	0.82999999999999996	0.66921643508722239	174	0.169921875	ok	0	0.057389526796958551	infinite	0.0031390610729329811	0.00053339514325228393	1	no	5	0.29378894026295521	NA	yes	yes	yes	0.85361188817024714	NA
product:6x6	1024	gpd_excess	0.82999999999999996	0.66921643508722239	174	0.169921875	ok	-0.40545668196713053	0.07994148435073066	0.86638049207817691	0	0	0	yes	5	NA	0.0035854380031531408	no	yes	no	0.85361188817024714	NA
product:6x6	1024	exponential_excess	0.83999999999999997	0.67543816205855867	164	0.16015625	ok	0	0.054461408418329922	infinite	0.0025812461163736348	0.00041340269832546494	1	no	5	0.20548552934729791	NA	yes	yes	yes	0.85361188817024714	NA
product:6x6	1024	gpd_excess	0.83999999999999997	0.67543816205855867	164	0.16015625	ok	-0.3903494608925171	0.075301464929925219	0.86834598562196685	0	0	0	yes	5	NA	0.0019654935437899423	no	yes	no	0.85361188817024714	NA
product:6x6	1024	exponential_excess	0.84999999999999998	0.67971296843007145	154	0.150390625	ok	0	0.053576410976227416	infinite	0.0025335462947798184	0.00038102161073837111	1	no	5	0.20039653906213672	NA	yes	yes	yes	0.85361188817024714	NA
product:6x6	1024	gpd_excess	0.84999999999999998	0.67971296843007145	154	0.150390625	ok	-0.39433236178465159	0.074176368906302664	0.86781918565910787	0	0	0	yes	5	NA	0.0024817847482418998	no	yes	no	0.85361188817024714	NA
product:6x6	1024	exponential_excess	0.85999999999999999	0.68356364081104037	144	0.140625	ok	0	0.053317850923777436	infinite	0.002645475097047544	0.00037201993552231089	1	no	5	0.20471215165909218	NA	yes	yes	yes	0.85361188817024714	NA
product:6x6	1024	gpd_excess	0.85999999999999999	0.68356364081104037	144	0.140625	ok	-0.40524568371835407	0.074127141782918848	0.86648265700576244	0	0	0	yes	5	NA	0.0024817847482418998	no	yes	no	0.85361188817024714	NA
product:6x6	1024	exponential_excess	0.87	0.68882373969420496	133	0.1298828125	ok	0	0.052240974253801899	infinite	0.0025888139107576903	0.00033624243176833284	1	no	5	0.2842930236004988	NA	yes	yes	yes	0.85361188817024714	NA
product:6x6	1024	gpd_excess	0.87	0.68882373969420496	133	0.1298828125	ok	-0.41073711486580156	0.072717088239386982	0.86586420087372495	0	0	0	yes	5	NA	0.0024865109127365503	no	yes	no	0.85361188817024714	NA
product:6x6	1024	exponential_excess	0.88	0.69546482583455727	123	0.1201171875	ok	0	0.04957298418249647	infinite	0.0021481074461062169	0.00025802462487408659	1	no	5	0.37510003240195289	NA	yes	yes	yes	0.85361188817024714	NA
product:6x6	1024	gpd_excess	0.88	0.69546482583455727	123	0.1201171875	ok	-0.39926920230536911	0.068547078071534762	0.86714618186138293	0	0	0	yes	5	NA	0.0030603730455487366	no	yes	no	0.85361188817024714	NA
product:6x6	1024	exponential_excess	0.89000000000000001	0.70197204142457903	113	0.1103515625	ok	0	0.047132611912464345	infinite	0.0017942299350295612	0.00019799607681478555	1	no	5	0.45209602706675067	NA	yes	yes	yes	0.85361188817024714	NA
product:6x6	1024	gpd_excess	0.89000000000000001	0.70197204142457903	113	0.1103515625	ok	-0.38937861742872892	0.064784296635140043	0.8683507117864615	0	0	0	yes	5	NA	0.0038926222944519751	no	yes	no	0.85361188817024714	NA
product:6x6	1024	exponential_excess	0.90000000000000002	0.70825810549620261	103	0.1005859375	ok	0	0.045136689090421733	infinite	0.0015592972489912548	0.00015684337563095629	1	no	5	0.60134582547433579	NA	yes	yes	yes	0.85361188817024714	NA
product:6x6	1024	gpd_excess	0.90000000000000002	0.70825810549620261	103	0.1005859375	ok	-0.3846804459486407	0.061805248721980198	0.86892457391927369	0	0	0	yes	5	NA	0.0075945707131260809	no	yes	no	0.85361188817024714	NA
product:6x6	1024	exponential_excess	0.91000000000000003	0.71504939591068495	93	0.0908203125	ok	0	0.042915570003584015	infinite	0.0013072946953314787	0.00011872891275959719	1	no	5	0.8885240134782677	NA	yes	yes	yes	0.85361188817024714	NA
product:6x6	1024	gpd_excess	0.91000000000000003	0.71504939591068495	93	0.0908203125	ok	-0.3777883900729912	0.058446669875942311	0.86975682316817693	0	0	0	yes	5	NA	0.021224950839723866	no	yes	no	0.85361188817024714	NA
product:6x6	1024	exponential_excess	0.92000000000000004	0.72449079180924814	82	0.080078125	ok	0	0.038682330371640511	infinite	0.00080686603476348197	6.4612319190044456e-05	1	no	5	0.98468043689961782	NA	yes	yes	yes	0.85361188817024714	NA
product:6x6	1024	gpd_excess	0.92000000000000004	0.72449079180924814	82	0.080078125	ok	-0.3432953805166099	0.051580117453515963	0.87474075257450901	0	0	0	yes	5	NA	0.026976641761264575	no	yes	no	0.85361188817024714	NA
product:6x6	1024	exponential_excess	0.93000000000000005	0.73431941445064841	72	0.0703125	ok	0	0.0335524770475326	infinite	0.00036399886693377323	2.5593670331280932e-05	0.99999999999233224	no	5	1.2022696112339513	NA	no	yes	no	0.85361188817024714	NA
product:6x6	1024	gpd_excess	0.93000000000000005	0.73431941445064841	72	0.0703125	ok	-0.27565792469095513	0.042797615167372412	0.88957566262618537	0	0	0	yes	5	NA	0.046533338244791334	no	yes	no	0.85361188817024714	NA
product:6x6	1024	exponential_excess	0.93999999999999995	0.74112311151038757	62	0.060546875	ok	0	0.031481145695515113	infinite	0.00026834531103375324	1.6247470003996777e-05	0.9999999121470986	no	5	1.0656093800030213	NA	no	yes	no	0.85361188817024714	NA
product:6x6	1024	gpd_excess	0.93999999999999995	0.74112311151038757	62	0.060546875	ok	-0.25589077936043825	0.039606289704030968	0.89590121568053827	0	0	0	yes	5	NA	0.041549408838459256	no	yes	no	0.85361188817024714	NA
product:6x6	1024	exponential_excess	0.94999999999999996	0.7498293014095222	52	0.05078125	ok	0	0.028342277371201131	infinite	0.0001467518188465647	7.4522408008021133e-06	0.99941987593312076	no	5	0.79011790237463853	NA	yes	yes	yes	0.85361188817024714	NA
product:6x6	1024	gpd_excess	0.94999999999999996	0.7498293014095222	52	0.05078125	ok	-0.20595160836264548	0.034282881847138888	0.91629016141296826	0	0	0	yes	5	NA	0.026714498786782892	no	yes	no	0.85361188817024714	NA
product:6x6	1024	exponential_excess	0.95999999999999996	0.75755701198903347	41	0.0400390625	ok	0	0.027293341718408859	infinite	0.00013874650424653171	5.555279955183399e-06	0.99613307393421124	no	5	1.0812207264826297	NA	no	yes	no	0.85361188817024714	NA
product:6x6	1024	gpd_excess	0.95999999999999996	0.75755701198903347	41	0.0400390625	ok	-0.22085386291192199	0.033445163352158858	0.90899273021098281	0	0	0	yes	5	NA	0.035707832813803408	no	yes	no	0.85361188817024714	NA
product:6x6	1024	exponential_excess	0.96999999999999997	0.7664338309784503	31	0.0302734375	ok	0	0.026258157506108361	infinite	0.00013707332006540149	4.1496805879174276e-06	0.98423068313937245	no	4	0.74272186224241121	NA	yes	yes	yes	0.85361188817024714	NA
product:6x6	1024	gpd_excess	0.96999999999999997	0.7664338309784503	31	0.0302734375	ok	-0.25662103337843267	0.033116212822700636	0.89548098033609858	0	0	0	yes	4	NA	0.035707832813803408	no	yes	no	0.85361188817024714	NA
product:6x6	1024	exponential_excess	0.97999999999999998	0.77840191476348397	21	0.0205078125	ok	0	0.023010682079600314	infinite	6.5712150363650144e-05	1.347612458629544e-06	0.74014028899858619	no	3	0.61514093248775925	NA	yes	yes	yes	0.85361188817024714	NA
product:6x6	1024	gpd_excess	0.97999999999999998	0.77840191476348397	21	0.0205078125	ok	-0.17862917738539918	0.027292197974032435	0.93118881314990198	0	0	0	yes	3	NA	0.035707832813803408	no	yes	no	0.85361188817024714	NA
product:6x6	1024	exponential_excess	0.98999999999999999	0.79536548536085683	11	0.0107421875	insufficient_tail_rows	NA	NA	NA	NA	NA	NA	NA	2	0.48844965181874755	NA	yes	yes	no	0.85361188817024714	NA
product:6x6	1024	gpd_excess	0.98999999999999999	0.79536548536085683	11	0.0107421875	insufficient_tail_rows	NA	NA	NA	NA	NA	NA	NA	2	NA	0.035707832813803408	no	yes	no	0.85361188817024714	NA
product:5x5	1024	exponential_excess	0.75	0.55467520773301493	256	0.25	ok	0	0.090281180694956525	infinite	0.0072074321817839375	0.0018018580454459844	1	no	3	0.070967141944721313	NA	yes	yes	yes	0.8437955079134134	NA
product:5x5	1024	gpd_excess	0.75	0.55467520773301493	256	0.25	ok	-0.41371643910431344	0.12782980900466495	0.86365449142165329	0	0	0	yes	3	NA	0.0010992901169335489	no	yes	no	0.8437955079134134	NA
product:5x5	1024	exponential_excess	0.76000000000000001	0.559523012470724	246	0.240234375	ok	0	0.089000494105290512	infinite	0.0070894170820913517	0.0017031216818305397	1	no	4	0.085298740973988263	NA	yes	yes	yes	0.8437955079134134	NA
product:5x5	1024	gpd_excess	0.76000000000000001	0.559523012470724	246	0.240234375	ok	-0.41500526810591176	0.12610176299579479	0.86337882512419828	0	0	0	yes	4	NA	0.0010992901169335489	no	yes	no	0.8437955079134134	NA
product:5x5	1024	exponential_excess	0.77000000000000002	0.56557568991610152	236	0.23046875	ok	0	0.08663008671624213	infinite	0.0066395918777865876	0.0015302184405836276	1	no	5	0.085298740973988263	NA	yes	yes	yes	0.8437955079134134	NA
product:5x5	1024	gpd_excess	0.77000000000000002	0.56557568991610152	236	0.23046875	ok	-0.40958540081361067	0.12242606968091285	0.86447811524113183	0	0	0	yes	5	NA	0.0038051478042548936	no	yes	no	0.8437955079134134	NA
product:5x5	1024	exponential_excess	0.78000000000000003	0.57001298323695471	226	0.220703125	ok	0	0.085921659936390754	infinite	0.0067083134917483222	0.0014805457511085165	1	no	5	0.11903574924760196	NA	yes	yes	yes	0.8437955079134134	NA
product:5x5	1024	gpd_excess	0.78000000000000003	0.57001298323695471	226	0.220703125	ok	-0.41507896435672897	0.12177188034610376	0.8633833797224052	0	0	0	yes	5	NA	0.0038051478042548936	no	yes	no	0.8437955079134134	NA
product:5x5	1024	exponential_excess	0.79000000000000004	0.57374810420436739	215	0.2099609375	ok	0	0.086471834437751596	infinite	0.0072310382402945165	0.0015182355680305869	1	no	5	0.072543502740153087	NA	yes	yes	yes	0.8437955079134134	NA
product:5x5	1024	gpd_excess	0.79000000000000004	0.57374810420436739	215	0.2099609375	ok	-0.43003267406549561	0.12338706619175266	0.86067296743687693	0	0	0	yes	5	NA	0.0042317045257250774	no	yes	no	0.8437955079134134	NA
product:5x5	1024	exponential_excess	0.80000000000000004	0.5811818852044216	205	0.2001953125	ok	0	0.083083657273680195	infinite	0.006467791692229022	0.0012948215790106929	1	no	5	0.2131578432328789	NA	yes	yes	yes	0.8437955079134134	NA
product:5x5	1024	gpd_excess	0.80000000000000004	0.5811818852044216	205	0.2001953125	ok	-0.41924232029534991	0.11796545465648145	0.86255962057564206	0	0	0	yes	5	NA	0.0065103485204031086	no	yes	no	0.8437955079134134	NA
product:5x5	1024	exponential_excess	0.81000000000000005	0.58505409604149439	195	0.1904296875	ok	0	0.083391387006492942	infinite	0.0069024115593615534	0.0013144240762456084	1	no	5	0.22792616620683459	NA	yes	yes	yes	0.8437955079134134	NA
product:5x5	1024	gpd_excess	0.81000000000000005	0.58505409604149439	195	0.1904296875	ok	-0.43289310375395151	0.11912885522842402	0.86024641071540675	0	0	0	yes	5	NA	0.0065103485204031086	no	yes	no	0.8437955079134134	NA
product:5x5	1024	exponential_excess	0.81999999999999995	0.59603319935209731	185	0.1806640625	ok	0	0.076655430675195105	infinite	0.0051441017050492307	0.00092935431194737079	1	no	5	0.17576153976140585	NA	yes	yes	yes	0.8437955079134134	NA
product:5x5	1024	gpd_excess	0.81999999999999995	0.59603319935209731	185	0.1806640625	ok	-0.39766826318283205	0.10765816786162939	0.86675675923580986	0	0	0	yes	5	NA	0.0065103485204031086	no	yes	no	0.8437955079134134	NA
product:5x5	1024	exponential_excess	0.82999999999999996	0.60133061750918071	174	0.169921875	ok	0	0.076044076246751802	infinite	0.0052864448233586134	0.00089828261646913944	1	no	5	0.30018301973333728	NA	yes	yes	yes	0.8437955079134134	NA
product:5x5	1024	gpd_excess	0.82999999999999996	0.60133061750918071	174	0.169921875	ok	-0.40777261992959035	0.10739031354576931	0.86468894098934057	0	0	0	yes	5	NA	0.007074640975206159	no	yes	no	0.8437955079134134	NA
product:5x5	1024	exponential_excess	0.83999999999999997	0.60624160278446093	164	0.16015625	ok	0	0.075614331959928061	infinite	0.0054755793160839398	0.00087694824984156845	1	no	5	0.14962883256743664	NA	yes	yes	yes	0.8437955079134134	NA
product:5x5	1024	gpd_excess	0.83999999999999997	0.60624160278446093	164	0.16015625	ok	-0.41873509074251125	0.10738173665932271	0.86268473122853473	0	0	0	yes	5	NA	0.005096291983474277	no	yes	no	0.8437955079134134	NA
product:5x5	1024	exponential_excess	0.84999999999999998	0.61560455879610398	154	0.150390625	ok	0	0.070777574153556691	infinite	0.0043785641965517416	0.00065849500612203923	1	no	5	0.13486050959348095	NA	yes	yes	yes	0.8437955079134134	NA
product:5x5	1024	gpd_excess	0.84999999999999998	0.61560455879610398	154	0.150390625	ok	-0.39464429532609058	0.099338477960308369	0.86732105169061291	0	0	0	yes	5	NA	0.0072503451638377125	no	yes	no	0.8437955079134134	NA
product:5x5	1024	exponential_excess	0.85999999999999999	0.61911775686791626	144	0.140625	ok	0	0.072071547398647004	infinite	0.0050681491062794602	0.00071270846807054906	1	no	5	0.13862467457928052	NA	yes	yes	yes	0.8437955079134134	NA
product:5x5	1024	gpd_excess	0.85999999999999999	0.61911775686791626	144	0.140625	ok	-0.42212050232449894	0.10262045015709592	0.86222475970713863	0	0	0	yes	5	NA	0.0084786302775726741	no	yes	no	0.8437955079134134	NA
product:5x5	1024	exponential_excess	0.87	0.62555380420080908	133	0.1298828125	ok	0	0.07140690857367181	infinite	0.0052799582318103716	0.00068577582503005806	1	no	5	0.075116811563847197	NA	yes	yes	yes	0.8437955079134134	NA
product:5x5	1024	gpd_excess	0.87	0.62555380420080908	133	0.1298828125	ok	-0.43631532869165146	0.10232331932210181	0.8600707065267752	0	0	0	yes	5	NA	0.0099426430793334575	no	yes	no	0.8437955079134134	NA
product:5x5	1024	exponential_excess	0.88	0.63230027852852	123	0.1201171875	ok	0	0.070185495434154366	infinite	0.0053057176688349732	0.00063730788404951343	1	no	5	0.16976099034301395	NA	yes	yes	yes	0.8437955079134134	NA
product:5x5	1024	gpd_excess	0.88	0.63230027852852	123	0.1201171875	ok	-0.44571900350454985	0.10097413817827371	0.85884242141304024	0	0	0	yes	5	NA	0.0048463510958591804	no	yes	no	0.8437955079134134	NA
product:5x5	1024	exponential_excess	0.89000000000000001	0.63919314393743265	113	0.1103515625	ok	0	0.069182152963870758	infinite	0.0054327112214972457	0.00059950817190350468	1	no	5	0.43462062078674313	NA	yes	yes	yes	0.8437955079134134	NA
product:5x5	1024	gpd_excess	0.89000000000000001	0.63919314393743265	113	0.1103515625	ok	-0.45837140485426464	0.10000988628705074	0.85737840861127945	0	0	0	yes	5	NA	0.0086133347970913654	no	yes	no	0.8437955079134134	NA
product:5x5	1024	exponential_excess	0.90000000000000002	0.64874497300963563	103	0.1005859375	ok	0	0.065770896967454057	infinite	0.0047930687732746485	0.00048211531606180545	1	no	5	0.52023086474313907	NA	yes	yes	yes	0.8437955079134134	NA
product:5x5	1024	gpd_excess	0.90000000000000002	0.64874497300963563	103	0.1005859375	ok	-0.45294711546052618	0.094784990573580918	0.85800779274789563	0	0	0	yes	5	NA	0.0090250199091580496	no	yes	no	0.8437955079134134	NA
product:5x5	1024	exponential_excess	0.91000000000000003	0.66386192591673876	93	0.0908203125	ok	0	0.057099932108806734	infinite	0.0027757385601302202	0.00025209344344932663	1	no	5	0.49367668098064099	NA	yes	yes	yes	0.8437955079134134	NA
product:5x5	1024	gpd_excess	0.91000000000000003	0.66386192591673876	93	0.0908203125	ok	-0.39503632012853696	0.07984861929014711	0.86599174340837082	0	0	0	yes	5	NA	0.0090250199091580496	no	yes	no	0.8437955079134134	NA
product:5x5	1024	exponential_excess	0.92000000000000004	0.6739983952386458	82	0.080078125	ok	0	0.054050905903568348	infinite	0.0024021743792399493	0.00019236162021257406	1	no	5	0.53111086650350137	NA	yes	yes	yes	0.8437955079134134	NA
product:5x5	1024	gpd_excess	0.92000000000000004	0.6739983952386458	82	0.080078125	ok	-0.39231102217160885	0.075482615277742138	0.8664034285204375	0	0	0	yes	5	NA	0.0083956357725418762	no	yes	no	0.8437955079134134	NA
product:5x5	1024	exponential_excess	0.93000000000000005	0.68032251604762839	72	0.0703125	ok	0	0.054688504035212339	infinite	0.0028931083070473165	0.00020342167783926444	1	no	5	0.5992334584031096	NA	yes	yes	yes	0.8437955079134134	NA
product:5x5	1024	gpd_excess	0.93000000000000005	0.68032251604762839	72	0.0703125	ok	-0.43317959911810539	0.078093345374685985	0.86060188639118429	0	0	0	yes	5	NA	0.0082339365793210328	no	yes	no	0.8437955079134134	NA
product:5x5	1024	exponential_excess	0.93999999999999995	0.69233334973199323	62	0.060546875	ok	0	0.050804297862635094	infinite	0.0023439499240149424	0.00014191884305559221	1	no	5	0.66812015894075749	NA	yes	yes	yes	0.8437955079134134	NA
product:5x5	1024	gpd_excess	0.93999999999999995	0.69233334973199323	62	0.060546875	ok	-0.42769502431097051	0.072206220280564615	0.86115977084103235	0	0	0	yes	5	NA	0.0082339365793210328	no	yes	no	0.8437955079134134	NA
product:5x5	1024	exponential_excess	0.94999999999999996	0.70765068818265142	52	0.05078125	ok	0	0.043730375860863251	infinite	0.0012491790875487055	6.3434875539582705e-05	1	no	5	0.83928143369287866	NA	yes	yes	yes	0.8437955079134134	NA
product:5x5	1024	gpd_excess	0.94999999999999996	0.70765068818265142	52	0.05078125	ok	-0.37383665202498145	0.060256911145286647	0.86883582297050532	0	0	0	yes	5	NA	0.0082339365793210328	no	yes	no	0.8437955079134134	NA
product:5x5	1024	exponential_excess	0.95999999999999996	0.72046119559194599	41	0.0400390625	ok	0	0.040983687947945317	infinite	0.0010909206763530677	4.3679441143042749e-05	1	no	5	1.6171203790837057	NA	no	yes	no	0.8437955079134134	NA
product:5x5	1024	gpd_excess	0.95999999999999996	0.72046119559194599	41	0.0400390625	ok	-0.393378276321941	0.057191698149352786	0.86584720593316544	0	0	0	yes	5	NA	0.032852382474624964	no	yes	no	0.8437955079134134	NA
product:5x5	1024	exponential_excess	0.96999999999999997	0.73396379347845908	31	0.0302734375	ok	0	0.038359937006328317	infinite	0.0009728683193907171	2.9452068262804912e-05	0.99999999999983824	no	4	1.2674084091270474	NA	no	yes	no	0.8437955079134134	NA
product:5x5	1024	gpd_excess	0.96999999999999997	0.73396379347845908	31	0.0302734375	ok	-0.4287433818664742	0.054767331507647413	0.86170298158959802	0	0	0	yes	4	NA	0.032309171726059294	no	yes	no	0.8437955079134134	NA
product:5x5	1024	exponential_excess	0.97999999999999998	0.75664903587808185	21	0.0205078125	ok	0	0.027981464266472272	infinite	0.00016710919413823292	3.4270440204129798e-06	0.9675173732054303	no	3	1.105357390165584	NA	no	yes	no	0.8437955079134134	NA
product:5x5	1024	gpd_excess	0.97999999999999998	0.75664903587808185	21	0.0205078125	ok	-0.25854154404016089	0.035514072476480696	0.89401215331565731	0	0	0	yes	3	NA	0.032309171726059294	no	yes	no	0.8437955079134134	NA
product:5x5	1024	exponential_excess	0.98999999999999999	0.77953198148677294	11	0.0107421875	insufficient_tail_rows	NA	NA	NA	NA	NA	NA	NA	2	0.93419611541346281	NA	yes	yes	no	0.8437955079134134	NA
product:5x5	1024	gpd_excess	0.98999999999999999	0.77953198148677294	11	0.0107421875	insufficient_tail_rows	NA	NA	NA	NA	NA	NA	NA	2	NA	0.032309171726059294	no	yes	no	0.8437955079134134	NA
product:4x5	1024	exponential_excess	0.75	0.50941811825874694	256	0.25	ok	0	0.10260846409931765	infinite	0.0083867231619795708	0.0020966807904948927	1	no	3	0.057674163646002086	NA	yes	yes	yes	0.83812448892957969	NA
product:4x5	1024	gpd_excess	0.75	0.50941811825874694	256	0.25	ok	-0.42122897158985967	0.14374261177600825	0.85066390492312416	0	0	0	yes	3	NA	0.0015636230929860773	no	yes	no	0.83812448892957969	NA
product:4x5	1024	exponential_excess	0.76000000000000001	0.51202039845817338	246	0.240234375	ok	0	0.10412067306880578	infinite	0.0092172963514746652	0.0022143114281862964	1	no	4	0.11426436152882991	NA	yes	yes	yes	0.83812448892957969	NA
product:4x5	1024	gpd_excess	0.76000000000000001	0.51202039845817338	246	0.240234375	ok	-0.4339796612935633	0.14628581361463908	0.84910028183013808	0	0	0	yes	4	NA	0.0017963859292184914	no	yes	no	0.83812448892957969	NA
product:4x5	1024	exponential_excess	0.77000000000000002	0.5199407502098814	236	0.23046875	ok	0	0.10047340232737209	infinite	0.0084130310446560528	0.0019389407485730747	1	no	5	0.11426436152882991	NA	yes	yes	yes	0.83812448892957969	NA
product:4x5	1024	gpd_excess	0.77000000000000002	0.5199407502098814	236	0.23046875	ok	-0.42613661140123338	0.14065682496362938	0.85001524087877267	0	0	0	yes	5	NA	0.0017963859292184914	no	yes	no	0.83812448892957969	NA
product:4x5	1024	exponential_excess	0.78000000000000003	0.52761754027450181	226	0.220703125	ok	0	0.097098532948530908	infinite	0.007711979339841208	0.0017020579402383916	1	no	5	0.20113535541341321	NA	yes	yes	yes	0.83812448892957969	NA
product:4x5	1024	gpd_excess	0.78000000000000003	0.52761754027450181	226	0.220703125	ok	-0.41904178547420506	0.13546746278779667	0.85089666775935657	0	0	0	yes	5	NA	0.0025417878809916861	no	yes	no	0.83812448892957969	NA
product:4x5	1024	exponential_excess	0.79000000000000004	0.53206352635873999	215	0.2099609375	ok	0	0.097511533181162596	infinite	0.0082397868390736689	0.0017300333695320692	1	no	5	0.15190661026764474	NA	yes	yes	yes	0.83812448892957969	NA
product:4x5	1024	gpd_excess	0.79000000000000004	0.53206352635873999	215	0.2099609375	ok	-0.42913489642828551	0.13629203442029647	0.84966070979607622	0	0	0	yes	5	NA	0.0019813599150535488	no	yes	no	0.83812448892957969	NA
product:4x5	1024	exponential_excess	0.80000000000000004	0.5418382639975764	205	0.2001953125	ok	0	0.092232165511607817	infinite	0.0069606443072593649	0.0013934883622931345	1	no	5	0.23245501206370189	NA	yes	yes	yes	0.83812448892957969	NA
product:4x5	1024	gpd_excess	0.80000000000000004	0.5418382639975764	205	0.2001953125	ok	-0.41346298336611453	0.12809240576850189	0.85164206971112977	0	0	0	yes	5	NA	0.0044195807943090415	no	yes	no	0.83812448892957969	NA
product:4x5	1024	exponential_excess	0.81000000000000005	0.54688641688777262	195	0.1904296875	ok	0	0.091780637478033222	infinite	0.0071766748916163876	0.0013666519568996051	1	no	5	0.24204687298290928	NA	yes	yes	yes	0.83812448892957969	NA
product:4x5	1024	gpd_excess	0.81000000000000005	0.54688641688777262	195	0.1904296875	ok	-0.41965265914155081	0.12754539025158448	0.85081726892262854	0	0	0	yes	5	NA	0.0044195807943090415	no	yes	no	0.83812448892957969	NA
product:4x5	1024	exponential_excess	0.81999999999999995	0.55802752633920438	185	0.1806640625	ok	0	0.085261212578108397	infinite	0.005606963077356448	0.0010129767278427176	1	no	5	0.24373317366546043	NA	yes	yes	yes	0.83812448892957969	NA
product:4x5	1024	gpd_excess	0.81999999999999995	0.55802752633920438	185	0.1806640625	ok	-0.396385589806523	0.11735104957155583	0.85408029059038526	0	0	0	yes	5	NA	0.0040812374322158895	no	yes	no	0.83812448892957969	NA
product:4x5	1024	exponential_excess	0.82999999999999996	0.56369112018957612	174	0.169921875	ok	0	0.084810224522581384	infinite	0.0058312050780054102	0.00099084930036420055	1	no	5	0.30551004705628371	NA	yes	yes	yes	0.83812448892957969	NA
product:4x5	1024	gpd_excess	0.82999999999999996	0.56369112018957612	174	0.169921875	ok	-0.40427849950566808	0.11692214619425426	0.8529030034265549	0	0	0	yes	5	NA	0.0051331800693097396	no	yes	no	0.83812448892957969	NA
product:4x5	1024	exponential_excess	0.83999999999999997	0.5728608936741314	164	0.16015625	ok	0	0.080507886775850621	infinite	0.0049639372284597657	0.00079500557174550933	1	no	5	0.25655084585913368	NA	yes	yes	yes	0.83812448892957969	NA
product:4x5	1024	gpd_excess	0.83999999999999997	0.5728608936741314	164	0.16015625	ok	-0.39097861001700118	0.11027067377841851	0.85489850635484443	0	0	0	yes	5	NA	0.0044708057775167953	no	yes	no	0.83812448892957969	NA
product:4x5	1024	exponential_excess	0.84999999999999998	0.58084349348833364	154	0.150390625	ok	0	0.077559311897138314	infinite	0.0044970437876172232	0.00067631322587212146	1	no	5	0.36845231891078356	NA	yes	yes	yes	0.83812448892957969	NA
product:4x5	1024	gpd_excess	0.84999999999999998	0.58084349348833364	154	0.150390625	ok	-0.38454692274473107	0.10579153316458281	0.85595044899193828	0	0	0	yes	5	NA	0.0074673156562606868	no	yes	no	0.83812448892957969	NA
product:4x5	1024	exponential_excess	0.85999999999999999	0.58909932517282326	144	0.140625	ok	0	0.074385519273528586	infinite	0.0039901211915162353	0.00056111079255697055	1	no	5	0.27281488424149325	NA	yes	yes	yes	0.83812448892957969	NA
product:4x5	1024	gpd_excess	0.85999999999999999	0.58909932517282326	144	0.140625	ok	-0.37640866519569771	0.10098084044026671	0.85737380920407169	0	0	0	yes	5	NA	0.0054718127279711481	no	yes	no	0.83812448892957969	NA
product:4x5	1024	exponential_excess	0.87	0.59925162950404454	133	0.1298828125	ok	0	0.070009275236997251	infinite	0.0032659054224532125	0.00042418498162722387	1	no	5	0.27670433364981539	NA	yes	yes	yes	0.83812448892957969	NA
product:4x5	1024	gpd_excess	0.87	0.59925162950404454	133	0.1298828125	ok	-0.36094285222590472	0.094248924586052218	0.86037031908281558	0	0	0	yes	5	NA	0.0044198700908772981	no	yes	no	0.83812448892957969	NA
product:4x5	1024	exponential_excess	0.88	0.60348607786074648	123	0.1201171875	ok	0	0.071297996404435557	infinite	0.003843540398145444	0.00046167526266786097	1	no	5	0.36918912688295169	NA	yes	yes	yes	0.83812448892957969	NA
product:4x5	1024	gpd_excess	0.88	0.60348607786074648	123	0.1201171875	ok	-0.38264381187599095	0.096769072736547807	0.85638203418659764	0	0	0	yes	5	NA	0.0068752452534064368	no	yes	no	0.83812448892957969	NA
product:4x5	1024	exponential_excess	0.89000000000000001	0.61309152579728587	113	0.1103515625	ok	0	0.06750084636997937	infinite	0.0032408957404153772	0.00035763790885443128	1	no	5	0.36321878998805257	NA	yes	yes	yes	0.83812448892957969	NA
product:4x5	1024	gpd_excess	0.89000000000000001	0.61309152579728587	113	0.1103515625	ok	-0.37088447357512688	0.090977941368317466	0.85839147187305187	0	0	0	yes	5	NA	0.0071059378332359868	no	yes	no	0.83812448892957969	NA
product:4x5	1024	exponential_excess	0.90000000000000002	0.62441750588225087	103	0.1005859375	ok	0	0.062193459823693641	infinite	0.0023840877002504475	0.00023980569641191023	1	no	5	0.77683685612618092	NA	yes	yes	yes	0.83812448892957969	NA
product:4x5	1024	gpd_excess	0.90000000000000002	0.62441750588225087	103	0.1005859375	ok	-0.34610106509617	0.082662700015666446	0.86325727944000408	0	0	0	yes	5	NA	0.030138785062432172	no	yes	no	0.83812448892957969	NA
product:4x5	1024	exponential_excess	0.91000000000000003	0.6328493615265266	93	0.0908203125	ok	0	0.060010382018257612	infinite	0.002202595882619107	0.00020004044637068061	1	no	5	0.9082504593021925	NA	yes	yes	yes	0.83812448892957969	NA
product:4x5	1024	gpd_excess	0.91000000000000003	0.6328493615265266	93	0.0908203125	ok	-0.34500913065287836	0.079572426501283669	0.86348797201983363	0	0	0	yes	5	NA	0.048516404512562117	no	yes	no	0.83812448892957969	NA
product:4x5	1024	exponential_excess	0.92000000000000004	0.64949144917342372	82	0.080078125	ok	0	0.050471888415827525	infinite	0.00096379762789992331	7.7179106921673542e-05	1	no	5	0.94650985455173808	NA	yes	yes	yes	0.83812448892957969	NA
product:4x5	1024	gpd_excess	0.92000000000000004	0.64949144917342372	82	0.080078125	ok	-0.26948680237763323	0.063876287011259761	0.88652081924902981	0	0	0	yes	5	NA	0.068945551539056127	no	yes	no	0.83812448892957969	NA
product:4x5	1024	exponential_excess	0.93000000000000005	0.66018073241798292	72	0.0703125	ok	0	0.046092764786165842	infinite	0.00062829057912795294	4.4176681344934193e-05	1	no	5	0.96126663902666198	NA	yes	yes	yes	0.83812448892957969	NA
product:4x5	1024	gpd_excess	0.93000000000000005	0.66018073241798292	72	0.0703125	ok	-0.22982204999532735	0.056703338016133226	0.90690787638561399	0	0	0	yes	5	NA	0.068714858959226577	no	yes	no	0.83812448892957969	NA
product:4x5	1024	exponential_excess	0.93999999999999995	0.67011467855761808	62	0.060546875	ok	0	0.042782445115204133	infinite	0.0004479792597973659	2.712374424554364e-05	0.99999999999833988	no	5	0.54764857288853364	NA	yes	yes	yes	0.83812448892957969	NA
product:4x5	1024	gpd_excess	0.93999999999999995	0.67011467855761808	62	0.060546875	ok	-0.19556809357981392	0.05125608031891711	0.9322028309790602	0	0	0	yes	5	NA	0.045682011730030392	no	yes	no	0.83812448892957969	NA
product:4x5	1024	exponential_excess	0.94999999999999996	0.67911590963771173	52	0.05078125	ok	0	0.041403537956001775	infinite	0.00043067314216923842	2.1870120500781637e-05	0.99999999968244169	no	5	0.65539392844825528	NA	yes	yes	yes	0.83812448892957969	NA
product:4x5	1024	gpd_excess	0.94999999999999996	0.67911590963771173	52	0.05078125	ok	-0.20072027246394031	0.04981627200743613	0.92730345639577871	0	0	0	yes	5	NA	0.040092248981939416	no	yes	no	0.83812448892957969	NA
product:4x5	1024	exponential_excess	0.95999999999999996	0.68851288331401628	41	0.0400390625	ok	0	0.04213192423522754	infinite	0.00061546179720232551	2.4642513364546235e-05	0.99999999998014999	no	5	1.0943611113306151	NA	no	yes	no	0.83812448892957969	NA
product:4x5	1024	gpd_excess	0.95999999999999996	0.68851288331401628	41	0.0400390625	ok	-0.26058341863885093	0.053054184349846052	0.89211058199712079	0	0	0	yes	5	NA	0.040092248981939416	no	yes	no	0.83812448892957969	NA
product:4x5	1024	exponential_excess	0.96999999999999997	0.70512701639339415	31	0.0302734375	ok	0	0.036680629651357551	infinite	0.00032265427370050244	9.7678539889800549e-06	0.99994273962417168	no	4	1.0526964714043308	NA	no	yes	no	0.83812448892957969	NA
product:4x5	1024	gpd_excess	0.96999999999999997	0.70512701639339415	31	0.0302734375	ok	-0.2035822480778289	0.044200424553540799	0.92224036969835965	0	0	0	yes	4	NA	0.035192874398657925	no	yes	no	0.83812448892957969	NA
product:4x5	1024	exponential_excess	0.97999999999999998	0.72358647370459728	21	0.0205078125	ok	0	0.030215695911313265	infinite	0.00010643125696856392	2.1826722620506274e-06	0.88726041124709076	no	3	1.0526964714043308	NA	no	yes	no	0.83812448892957969	NA
product:4x5	1024	gpd_excess	0.97999999999999998	0.72358647370459728	21	0.0205078125	ok	0.046323944394413466	0.028836405010225497	infinite	0.00035903379893893322	7.3629978298023411e-06	0.99936572309284388	no	3	NA	0.030129787701238864	no	yes	no	0.83812448892957969	NA
product:4x5	1024	exponential_excess	0.98999999999999999	0.73985937525205947	11	0.0107421875	insufficient_tail_rows	NA	NA	NA	NA	NA	NA	NA	2	0.65081062974462078	NA	yes	yes	no	0.83812448892957969	NA
product:4x5	1024	gpd_excess	0.98999999999999999	0.73985937525205947	11	0.0107421875	insufficient_tail_rows	NA	NA	NA	NA	NA	NA	NA	2	NA	NA	no	yes	no	0.83812448892957969	NA
product:4x6	1024	exponential_excess	0.75	0.52617047312896326	256	0.25	ok	0	0.092950262989061172	infinite	0.006110984343008735	0.0015277460857521837	1	no	3	0.12197488030757597	NA	yes	yes	yes	0.82926655519817316	NA
product:4x6	1024	gpd_excess	0.75	0.52617047312896326	256	0.25	ok	-0.41182349236053295	0.1308065593744023	0.84379819908658549	0	0	0	yes	3	NA	0.0030994127266856797	no	yes	no	0.82926655519817316	NA
product:4x6	1024	exponential_excess	0.76000000000000001	0.53147547009454077	246	0.240234375	ok	0	0.091317226377501642	infinite	0.0059122107820553261	0.0014203162620953225	1	no	4	0.14051529429567911	NA	yes	yes	yes	0.82926655519817316	NA
product:4x6	1024	gpd_excess	0.76000000000000001	0.53147547009454077	246	0.240234375	ok	-0.41115073878915076	0.12845691548873989	0.84390812160101436	0	0	0	yes	4	NA	0.0030994127266856797	no	yes	no	0.82926655519817316	NA
product:4x6	1024	exponential_excess	0.77000000000000002	0.5395214883036793	236	0.23046875	ok	0	0.086929002050757057	infinite	0.0050056934876899781	0.0011536559209910497	1	no	5	0.14051529429567911	NA	yes	yes	yes	0.82926655519817316	NA
product:4x6	1024	gpd_excess	0.77000000000000002	0.5395214883036793	236	0.23046875	ok	-0.39527545465635772	0.1214982369707627	0.84689761181327117	0	0	0	yes	5	NA	0.0043123838764269617	no	yes	no	0.82926655519817316	NA
product:4x6	1024	exponential_excess	0.78000000000000003	0.54409748613155084	226	0.220703125	ok	0	0.086074992288698957	infinite	0.005008727481040972	0.0011054418073391207	1	no	5	0.16820265753326291	NA	yes	yes	yes	0.82926655519817316	NA
product:4x6	1024	gpd_excess	0.78000000000000003	0.54409748613155084	226	0.220703125	ok	-0.39892108232759277	0.12050243507231836	0.84616834778975258	0	0	0	yes	5	NA	0.0043123838764269617	no	yes	no	0.82926655519817316	NA
product:4x6	1024	exponential_excess	0.79000000000000004	0.5462807992001868	215	0.2099609375	ok	0	0.088231630818018214	infinite	0.0058438559186342514	0.0012269814672913712	1	no	5	0.118703917777776	NA	yes	yes	yes	0.82926655519817316	NA
product:4x6	1024	gpd_excess	0.79000000000000004	0.5462807992001868	215	0.2099609375	ok	-0.42037020286929416	0.12455755281909897	0.84258522793684421	0	0	0	yes	5	NA	0.0043123838764269617	no	yes	no	0.82926655519817316	NA
product:4x6	1024	exponential_excess	0.80000000000000004	0.55523536026140985	205	0.2001953125	ok	0	0.083356149068963423	infinite	0.0048164659860340372	0.00096423391321970471	1	no	5	0.118703917777776	NA	yes	yes	yes	0.82926655519817316	NA
product:4x6	1024	gpd_excess	0.80000000000000004	0.55523536026140985	205	0.2001953125	ok	-0.40255417773882624	0.11682365802476563	0.84544141073881873	0	0	0	yes	5	NA	0.0035831198529083785	no	yes	no	0.82926655519817316	NA
product:4x6	1024	exponential_excess	0.81000000000000005	0.5599916312685167	195	0.1904296875	ok	0	0.082738638472652531	infinite	0.0049022948735184977	0.00093354248079697958	1	no	5	0.14472316043336564	NA	yes	yes	yes	0.82926655519817316	NA
product:4x6	1024	gpd_excess	0.81000000000000005	0.5599916312685167	195	0.1904296875	ok	-0.40876709954751078	0.11625927417198198	0.84440609197407857	0	0	0	yes	5	NA	0.0032519022725677749	no	yes	no	0.82926655519817316	NA
product:4x6	1024	exponential_excess	0.81999999999999995	0.56432368448894143	185	0.1806640625	ok	0	0.082768227474523795	infinite	0.0051755425118260104	0.00093503453582794132	1	no	5	0.12495397946496301	NA	yes	yes	yes	0.82926655519817316	NA
product:4x6	1024	gpd_excess	0.81999999999999995	0.56432368448894143	185	0.1806640625	ok	-0.41909733248762204	0.11672504552824492	0.84283904710269031	0	0	0	yes	5	NA	0.0032519022725677749	no	yes	no	0.82926655519817316	NA
product:4x6	1024	exponential_excess	0.82999999999999996	0.57047398715757602	174	0.169921875	ok	0	0.081596590826705215	infinite	0.0051744661587082141	0.00087925499181174731	1	no	5	0.13563660059809157	NA	yes	yes	yes	0.82926655519817316	NA
product:4x6	1024	gpd_excess	0.82999999999999996	0.57047398715757602	174	0.169921875	ok	-0.42403795412407036	0.11521769375948576	0.84218950846625096	0	0	0	yes	5	NA	0.0022165835078276075	no	yes	no	0.82926655519817316	NA
product:4x6	1024	exponential_excess	0.83999999999999997	0.57880545863702615	164	0.16015625	ok	0	0.077994823107451941	infinite	0.0045152783820001288	0.0007231500533672081	1	no	5	0.22113623765166501	NA	yes	yes	yes	0.82926655519817316	NA
product:4x6	1024	gpd_excess	0.83999999999999997	0.57880545863702615	164	0.16015625	ok	-0.4142826729179156	0.10966139954217918	0.84350733180444937	0	0	0	yes	5	NA	0.001558917046455166	no	yes	no	0.82926655519817316	NA
product:4x6	1024	exponential_excess	0.84999999999999998	0.58461393471722922	154	0.150390625	ok	0	0.077027150862051766	infinite	0.004549569326302569	0.00068421257446347225	1	no	5	0.26744918707802112	NA	yes	yes	yes	0.82926655519817316	NA
product:4x6	1024	gpd_excess	0.84999999999999998	0.58461393471722922	154	0.150390625	ok	-0.42039618554364111	0.10849811864611164	0.84269933695703736	0	0	0	yes	5	NA	0.001924212194664543	no	yes	no	0.82926655519817316	NA
product:4x6	1024	exponential_excess	0.85999999999999999	0.5930372419033666	144	0.140625	ok	0	0.073692381727390704	infinite	0.0039960312777671154	0.00056194189843600056	1	no	5	0.30216593948092907	NA	yes	yes	yes	0.82926655519817316	NA
product:4x6	1024	gpd_excess	0.85999999999999999	0.5930372419033666	144	0.140625	ok	-0.41246275899116824	0.10340902650144951	0.84374842551270612	0	0	0	yes	5	NA	0.0033997223237326457	no	yes	no	0.82926655519817316	NA
product:4x6	1024	exponential_excess	0.87	0.60130099858537733	133	0.1298828125	ok	0	0.071054934128924774	infinite	0.0036569074667066413	0.00047496942682810866	1	no	5	0.35668902077102516	NA	yes	yes	yes	0.82926655519817316	NA
product:4x6	1024	gpd_excess	0.87	0.60130099858537733	133	0.1298828125	ok	-0.41006473586454045	0.099568934742455609	0.8441137206609155	0	0	0	yes	5	NA	0.0037690515629152932	no	yes	no	0.82926655519817316	NA
product:4x6	1024	exponential_excess	0.88	0.61070295750606396	123	0.1201171875	ok	0	0.067023467738998324	infinite	0.0030023224125760605	0.000360630524166851	1	no	5	0.32210321625658489	NA	yes	yes	yes	0.82926655519817316	NA
product:4x6	1024	gpd_excess	0.88	0.61070295750606396	123	0.1201171875	ok	-0.39657515140705679	0.093352244701935011	0.84609905928077001	0	0	0	yes	5	NA	0.0027199630072465286	no	yes	no	0.82926655519817316	NA
product:4x6	1024	exponential_excess	0.89000000000000001	0.61861871810017066	113	0.1103515625	ok	0	0.064592016133121904	infinite	0.0027272411666332064	0.0003009553240522972	1	no	5	0.28876447435025998	NA	yes	yes	yes	0.82926655519817316	NA
product:4x6	1024	gpd_excess	0.89000000000000001	0.61861871810017066	113	0.1103515625	ok	-0.39445595454959326	0.089876659239245316	0.84646838851995265	0	0	0	yes	5	NA	0.0023983861151615216	no	yes	no	0.82926655519817316	NA
product:4x6	1024	exponential_excess	0.90000000000000002	0.62602533863616217	103	0.1005859375	ok	0	0.063075085132782094	infinite	0.0026610371031609279	0.00026766291174372614	1	no	5	0.22237033282060947	NA	yes	yes	yes	0.82926655519817316	NA
product:4x6	1024	gpd_excess	0.90000000000000002	0.62602533863616217	103	0.1005859375	ok	-0.40089584444986825	0.087995406039089535	0.84552226597359004	0	0	0	yes	5	NA	0.0038250077481354339	no	yes	no	0.82926655519817316	NA
product:4x6	1024	exponential_excess	0.91000000000000003	0.63358939221344956	93	0.0908203125	ok	0	0.061911539975484965	infinite	0.0026897888519380807	0.00024428746409203269	1	no	5	0.30360935211156859	NA	yes	yes	yes	0.82926655519817316	NA
product:4x6	1024	gpd_excess	0.91000000000000003	0.63358939221344956	93	0.0908203125	ok	-0.41191087770021717	0.086699252882792802	0.84407000240479113	0	0	0	yes	5	NA	0.0038250077481354339	no	yes	no	0.82926655519817316	NA
product:4x6	1024	exponential_excess	0.92000000000000004	0.64295858663289374	82	0.080078125	ok	0	0.060362738640984091	infinite	0.0026988469367603576	0.00021611860235776301	1	no	5	0.34839809047543557	NA	yes	yes	yes	0.82926655519817316	NA
product:4x6	1024	gpd_excess	0.92000000000000004	0.64295858663289374	82	0.080078125	ok	-0.42445636841487777	0.084757482547879903	0.84264338077181722	0	0	0	yes	5	NA	0.0028788852017728184	no	yes	no	0.82926655519817316	NA
product:4x6	1024	exponential_excess	0.93000000000000005	0.65468740459847274	72	0.0703125	ok	0	0.05612256936374433	infinite	0.0021274538050888915	0.00014958659567031269	1	no	5	0.61454618171519648	NA	yes	yes	yes	0.82926655519817316	NA
product:4x6	1024	gpd_excess	0.93000000000000005	0.65468740459847274	72	0.0703125	ok	-0.41402335702620907	0.078280940023267118	0.84376113364007288	0	0	0	yes	5	NA	0.0035465804292033054	no	yes	no	0.82926655519817316	NA
product:4x6	1024	exponential_excess	0.93999999999999995	0.66519145065749663	62	0.060546875	ok	0	0.053796077561566395	infinite	0.001981975924660729	0.00012000244856344258	1	no	5	0.94330064566502259	NA	yes	yes	yes	0.82926655519817316	NA
product:4x6	1024	gpd_excess	0.93999999999999995	0.66519145065749663	62	0.060546875	ok	-0.42224212141541384	0.075056379931351683	0.84294818340541	0	0	0	yes	5	NA	0.0076081688068333486	no	yes	no	0.82926655519817316	NA
product:4x6	1024	exponential_excess	0.94999999999999996	0.68061704465128059	52	0.05078125	ok	0	0.047302106295596828	infinite	0.0011685616042788301	5.934101896728434e-05	1	no	5	1.6282492073229662	NA	no	yes	no	0.82926655519817316	NA
product:4x6	1024	gpd_excess	0.94999999999999996	0.68061704465128059	52	0.05078125	ok	-0.39120169384156928	0.064772405408547062	0.84618996120102052	0	0	0	yes	5	NA	0.03233214467706047	no	yes	no	0.82926655519817316	NA
product:4x6	1024	exponential_excess	0.95999999999999996	0.69763392816325365	41	0.0400390625	ok	0	0.040894468405586609	infinite	0.00061504600873344588	2.4625865584053986e-05	0.99999999997981681	no	5	2.1535481968436572	NA	no	yes	no	0.82926655519817316	NA
product:4x6	1024	gpd_excess	0.95999999999999996	0.69763392816325365	41	0.0400390625	ok	-0.35892666952334684	0.054778534565203423	0.85025154957865057	0	0	0	yes	5	NA	0.067524993074304041	no	yes	no	0.82926655519817316	NA
product:4x6	1024	exponential_excess	0.96999999999999997	0.71760663093661581	31	0.0302734375	ok	0	0.031171541411801031	infinite	0.00011630054074044894	3.5208171513221845e-06	0.97042492547965298	no	4	1.8477130887209929	NA	no	yes	no	0.82926655519817316	NA
product:4x6	1024	gpd_excess	0.96999999999999997	0.71760663093661581	31	0.0302734375	ok	-0.24557972982181928	0.038721463945086354	0.87528032808247047	0	0	0	yes	4	NA	0.064283215278693517	no	yes	no	0.82926655519817316	NA
product:4x6	1024	exponential_excess	0.97999999999999998	0.73323711553030657	21	0.0205078125	ok	0	0.026412749904923413	infinite	4.1088716251492507e-05	8.426396887513112e-07	0.56942770809811583	no	3	1.4657495938621441	NA	no	yes	no	0.82926655519817316	NA
product:4x6	1024	gpd_excess	0.97999999999999998	0.73323711553030657	21	0.0205078125	ok	-0.17540147270293543	0.031087466106593284	0.91047317647971404	0	0	0	yes	3	NA	0.060221626901063474	no	yes	no	0.82926655519817316	NA
product:4x6	1024	exponential_excess	0.98999999999999999	0.75369849758019591	11	0.0107421875	insufficient_tail_rows	NA	NA	NA	NA	NA	NA	NA	2	0.62100156042369115	NA	yes	yes	no	0.82926655519817316	NA
product:4x6	1024	gpd_excess	0.98999999999999999	0.75369849758019591	11	0.0107421875	insufficient_tail_rows	NA	NA	NA	NA	NA	NA	NA	2	NA	0.03519284839724357	no	yes	no	0.82926655519817316	NA
generic:F12	512	exponential_excess	0.75	0.55169154670928	128	0.25	ok	0	0.079013931404562629	infinite	0.0034348226231100043	0.00085870565577750107	1	no	3	0.20111328688453156	NA	yes	yes	yes	0.82476627462416685	NA
generic:F12	512	gpd_excess	0.75	0.55169154670928	128	0.25	ok	-0.33024838858550953	0.10481114956537324	0.86906220827190261	0	0	0	yes	3	NA	0.023128180278060517	no	yes	no	0.82476627462416685	NA
generic:F12	512	exponential_excess	0.76000000000000001	0.55769615384419191	123	0.240234375	ok	0	0.076102055224924331	infinite	0.0029914922575318913	0.00071865927280551295	1	no	4	0.24653456046245825	NA	yes	yes	yes	0.82476627462416685	NA
generic:F12	512	gpd_excess	0.76000000000000001	0.55769615384419191	123	0.240234375	ok	-0.31426178086882289	0.099933571799285928	0.87569082542978816	0	0	0	yes	4	NA	0.026850188021556143	no	yes	no	0.82476627462416685	NA
generic:F12	512	exponential_excess	0.77000000000000002	0.56494246947441096	118	0.23046875	ok	0	0.071844727616418649	infinite	0.0023448711866111559	0.00054041953128928979	1	no	5	0.24653456046245825	NA	yes	yes	yes	0.82476627462416685	NA
generic:F12	512	gpd_excess	0.77000000000000002	0.56494246947441096	118	0.23046875	ok	-0.28220072605585578	0.092349600363388767	0.89219038854996313	0	0	0	yes	5	NA	0.026850188021556143	no	yes	no	0.82476627462416685	NA
generic:F12	512	exponential_excess	0.78000000000000003	0.56951636855279952	113	0.220703125	ok	0	0.070377096102478762	infinite	0.002205470638488501	0.00048675426201015743	1	no	5	0.21046273298477347	NA	yes	yes	yes	0.82476627462416685	NA
generic:F12	512	gpd_excess	0.78000000000000003	0.56951636855279952	113	0.220703125	ok	-0.27596837993177659	0.090074982991756938	0.89591239629345876	0	0	0	yes	5	NA	0.020221570863670602	no	yes	no	0.82476627462416685	NA
generic:F12	512	exponential_excess	0.79000000000000004	0.57230879500341147	108	0.2109375	ok	0	0.070778819243981037	infinite	0.0023752704706632741	0.00050103361490553438	1	no	5	0.11518500012135258	NA	yes	yes	yes	0.82476627462416685	NA
generic:F12	512	gpd_excess	0.79000000000000004	0.57230879500341147	108	0.2109375	ok	-0.2900316162714367	0.091508546880456107	0.8878211107187246	0	0	0	yes	5	NA	0.0080912855747341528	no	yes	no	0.82476627462416685	NA
generic:F12	512	exponential_excess	0.80000000000000004	0.57735162733772749	103	0.201171875	ok	0	0.069069943590587116	infinite	0.0022003564307749722	0.00044264982884730886	1	no	5	0.19505884076133295	NA	yes	yes	yes	0.82476627462416685	NA
generic:F12	512	gpd_excess	0.80000000000000004	0.57735162733772749	103	0.201171875	ok	-0.28211727523645436	0.08881714587365179	0.89217511979918851	0	0	0	yes	5	NA	0.020266061170575389	no	yes	no	0.82476627462416685	NA
generic:F12	512	exponential_excess	0.81000000000000005	0.58166452929246126	98	0.19140625	ok	0	0.068187997030580039	infinite	0.0021656582371627174	0.00041452052195692639	1	no	5	0.2231528224166186	NA	yes	yes	yes	0.82476627462416685	NA
generic:F12	512	gpd_excess	0.81000000000000005	0.58166452929246126	98	0.19140625	ok	-0.28326428192898712	0.087769524605795152	0.89151483589694347	0	0	0	yes	5	NA	0.020266061170575389	no	yes	no	0.82476627462416685	NA
generic:F12	512	exponential_excess	0.81999999999999995	0.5891280546380947	92	0.1796875	ok	0	0.06489390838630979	infinite	0.0017794678954409962	0.00031974813746205402	1	no	5	0.18816691847837141	NA	yes	yes	yes	0.82476627462416685	NA
generic:F12	512	gpd_excess	0.81999999999999995	0.5891280546380947	92	0.1796875	ok	-0.25695712994180253	0.081958819337640584	0.90808717188929999	0	0	0	yes	5	NA	0.016572335992356524	no	yes	no	0.82476627462416685	NA
generic:F12	512	exponential_excess	0.82999999999999996	0.59347061163113268	87	0.169921875	ok	0	0.064118834180797654	infinite	0.0017638625931317901	0.00029971883906731588	1	no	5	0.15965265418346331	NA	yes	yes	yes	0.82476627462416685	NA
generic:F12	512	gpd_excess	0.82999999999999996	0.59347061163113268	87	0.169921875	ok	-0.2591220708150182	0.081148690942729015	0.90663841971282766	0	0	0	yes	5	NA	0.020137044296441586	no	yes	no	0.82476627462416685	NA
generic:F12	512	exponential_excess	0.83999999999999997	0.59780015948549114	82	0.16015625	ok	0	0.063594975323361211	infinite	0.0017920473921449675	0.00028700759014821744	1	no	5	0.046914641230603848	NA	yes	yes	yes	0.82476627462416685	NA
generic:F12	512	gpd_excess	0.83999999999999997	0.59780015948549114	82	0.16015625	ok	-0.26597046089654575	0.080927805412091464	0.90207381882080306	0	0	0	yes	5	NA	0.027407356121920134	no	yes	no	0.82476627462416685	NA
generic:F12	512	exponential_excess	0.84999999999999998	0.60102027112843648	77	0.150390625	ok	0	0.064391689552112705	infinite	0.0020372855284236098	0.00030638864392308195	1	no	5	0.028379282287895879	NA	yes	yes	yes	0.82476627462416685	NA
generic:F12	512	gpd_excess	0.84999999999999998	0.60102027112843648	77	0.150390625	ok	-0.29098345124553771	0.083491839899404258	0.88795012759285841	0	0	0	yes	5	NA	0.031036540327316509	no	yes	no	0.82476627462416685	NA
generic:F12	512	exponential_excess	0.85999999999999999	0.60537295426701054	72	0.140625	ok	0	0.064359941236059759	infinite	0.0021731812381033302	0.00030560361160828083	1	no	5	0.031151848532342541	NA	yes	yes	yes	0.82476627462416685	NA
generic:F12	512	gpd_excess	0.85999999999999999	0.60537295426701054	72	0.140625	ok	-0.3065499686053087	0.084395309749764308	0.88067981576737986	0	0	0	yes	5	NA	0.035137902950610811	no	yes	no	0.82476627462416685	NA
generic:F12	512	exponential_excess	0.87	0.61028267701943029	67	0.130859375	ok	0	0.06399107060889507	infinite	0.0022649946446110037	0.00029639578357214307	1	no	5	0.034382140458291577	NA	yes	yes	yes	0.82476627462416685	NA
generic:F12	512	gpd_excess	0.87	0.61028267701943029	67	0.130859375	ok	-0.31916986777119011	0.084681894736339663	0.87560187938551115	0	0	0	yes	5	NA	0.028485463090189178	no	yes	no	0.82476627462416685	NA
generic:F12	512	exponential_excess	0.88	0.61478522894545995	62	0.12109375	ok	0	0.064491794885866566	infinite	0.0025463816863461066	0.00030835090733097385	1	no	5	0.2562000733791665	NA	yes	yes	yes	0.82476627462416685	NA
generic:F12	512	gpd_excess	0.88	0.61478522894545995	62	0.12109375	ok	-0.34413154208590807	0.086773004729429143	0.86693591587019225	0	0	0	yes	5	NA	0.02121515126471063	no	yes	no	0.82476627462416685	NA
generic:F12	512	exponential_excess	0.89000000000000001	0.61975900363872327	57	0.111328125	ok	0	0.065005420065377878	infinite	0.0028817033208232076	0.00032081462751352118	1	no	5	0.29945325513225418	NA	yes	yes	yes	0.82476627462416685	NA
generic:F12	512	gpd_excess	0.89000000000000001	0.61975900363872327	57	0.111328125	ok	-0.37105960043789354	0.088945086742877016	0.85946466450266923	0	0	0	yes	5	NA	0.019166869066721381	no	yes	no	0.82476627462416685	NA
generic:F12	512	exponential_excess	0.90000000000000002	0.63270397357619157	52	0.1015625	ok	0	0.057864778767466131	infinite	0.0017511393436901303	0.00017785008959352884	1	no	5	0.29945325513225418	NA	yes	yes	yes	0.82476627462416685	NA
generic:F12	512	gpd_excess	0.90000000000000002	0.63270397357619157	52	0.1015625	ok	-0.30896272613380138	0.075982449366932783	0.87863153356939061	0	0	0	yes	5	NA	0.019166869066721381	no	yes	no	0.82476627462416685	NA
generic:F12	512	exponential_excess	0.91000000000000003	0.64067369964002607	46	0.08984375	ok	0	0.056815149117992798	infinite	0.0017918969730679251	0.0001609907436740714	1	no	5	0.50709202830023692	NA	yes	yes	yes	0.82476627462416685	NA
generic:F12	512	gpd_excess	0.91000000000000003	0.64067369964002607	46	0.08984375	ok	-0.32504429948156033	0.07550154483258642	0.87295448399160525	0	0	0	yes	5	NA	0.019166869066721381	no	yes	no	0.82476627462416685	NA
generic:F12	512	exponential_excess	0.92000000000000004	0.64607741560897702	41	0.080078125	ok	0	0.057835833970395961	infinite	0.002199700048985669	0.00017614785548518053	1	no	5	0.50716830288949311	NA	yes	yes	yes	0.82476627462416685	NA
generic:F12	512	gpd_excess	0.92000000000000004	0.64607741560897702	41	0.080078125	ok	-0.36925432420043913	0.079210462132985798	0.86059206565269231	0	0	0	yes	5	NA	0.039283536684993181	no	yes	no	0.82476627462416685	NA
generic:F12	512	exponential_excess	0.93000000000000005	0.65865730909754971	36	0.0703125	ok	0	0.052054070565577745	infinite	0.0014194810320157713	9.9807260063608928e-05	1	no	5	0.50299157481250711	NA	yes	yes	yes	0.82476627462416685	NA
generic:F12	512	gpd_excess	0.93000000000000005	0.65865730909754971	36	0.0703125	ok	-0.31794455412673589	0.068921695338878791	0.87542999617243478	0	0	0	yes	5	NA	0.039283536684993181	no	yes	no	0.82476627462416685	NA
generic:F12	512	exponential_excess	0.93999999999999995	0.67085626610455296	31	0.060546875	ok	0	0.047033767982695471	infinite	0.00091367986120549378	5.5320460346426383e-05	1	no	5	0.92072088594067614	NA	yes	yes	yes	0.82476627462416685	NA
generic:F12	512	gpd_excess	0.93999999999999995	0.67085626610455296	31	0.060546875	ok	-0.26071287030772017	0.059708288505308856	0.89987560233768549	0	0	0	yes	5	NA	0.073939181159399792	no	yes	no	0.82476627462416685	NA
generic:F12	512	exponential_excess	0.94999999999999996	0.67848253965027605	26	0.05078125	ok	0	0.047801415738577276	infinite	0.0011991917530027492	6.0896456207170857e-05	1	no	4	0.67400565909659171	NA	yes	yes	yes	0.82476627462416685	NA
generic:F12	512	gpd_excess	0.94999999999999996	0.67848253965027605	26	0.05078125	ok	-0.33360327512070503	0.064302708988019583	0.87123457113064284	0	0	0	yes	4	NA	0.063296675681449255	no	yes	no	0.82476627462416685	NA
generic:F12	512	exponential_excess	0.95999999999999996	0.69572711393035092	21	0.041015625	ok	0	0.040192323866156066	infinite	0.00051547444597331495	2.1142506573124247e-05	0.99999999934260109	no	3	0.45943554586217594	NA	yes	yes	yes	0.82476627462416685	NA
generic:F12	512	gpd_excess	0.95999999999999996	0.69572711393035092	21	0.041015625	ok	-0.2041146941892226	0.048743432554279084	0.9345312468120921	0	0	0	yes	3	NA	0.063296675681449255	no	yes	no	0.82476627462416685	NA
generic:F12	512	exponential_excess	0.96999999999999997	0.7100009815232724	16	0.03125	insufficient_tail_rows	NA	NA	NA	NA	NA	NA	NA	2	0.45943554586217594	NA	yes	yes	no	0.82476627462416685	NA
generic:F12	512	gpd_excess	0.96999999999999997	0.7100009815232724	16	0.03125	insufficient_tail_rows	NA	NA	NA	NA	NA	NA	NA	2	NA	0.063296675681449255	no	yes	no	0.82476627462416685	NA
generic:F12	512	exponential_excess	0.97999999999999998	0.72841838314821628	11	0.021484375	insufficient_tail_rows	NA	NA	NA	NA	NA	NA	NA	1	NA	NA	no	yes	no	0.82476627462416685	NA
generic:F12	512	gpd_excess	0.97999999999999998	0.72841838314821628	11	0.021484375	insufficient_tail_rows	NA	NA	NA	NA	NA	NA	NA	1	NA	NA	no	yes	no	0.82476627462416685	NA
generic:F12	512	exponential_excess	0.98999999999999999	0.74956011359201646	6	0.01171875	insufficient_tail_rows	NA	NA	NA	NA	NA	NA	NA	0	NA	NA	no	yes	no	0.82476627462416685	NA
generic:F12	512	gpd_excess	0.98999999999999999	0.74956011359201646	6	0.01171875	insufficient_tail_rows	NA	NA	NA	NA	NA	NA	NA	0	NA	NA	no	yes	no	0.82476627462416685	NA
product:4x4	1024	exponential_excess	0.75	0.46032848492377432	256	0.25	ok	0	0.10349885566057727	infinite	0.005438373845926949	0.0013595934614817372	1	no	3	0.11795950621063778	NA	yes	yes	yes	0.81410023330295289	NA
product:4x4	1024	gpd_excess	0.75	0.46032848492377432	256	0.25	ok	-0.36311258595855994	0.14033216696107537	0.84679861123630795	0	0	0	yes	3	NA	0.0071374799919579068	no	yes	no	0.81410023330295289	NA
product:4x4	1024	exponential_excess	0.76000000000000001	0.46597455037417551	246	0.240234375	ok	0	0.10193548711310722	infinite	0.0053063180029114887	0.0012747599889806898	1	no	4	0.18573061652357481	NA	yes	yes	yes	0.81410023330295289	NA
product:4x4	1024	gpd_excess	0.76000000000000001	0.46597455037417551	246	0.240234375	ok	-0.3625349882854127	0.13814126880630251	0.84701713459379335	0	0	0	yes	4	NA	0.012241570417543146	no	yes	no	0.81410023330295289	NA
product:4x4	1024	exponential_excess	0.77000000000000002	0.47484544448248656	236	0.23046875	ok	0	0.097169125292184716	infinite	0.0044961160751111123	0.0010362142516857642	1	no	5	0.18573061652357481	NA	yes	yes	yes	0.81410023330295289	NA
product:4x4	1024	gpd_excess	0.77000000000000002	0.47484544448248656	236	0.23046875	ok	-0.34380597254566264	0.13033362848739688	0.85393609122826586	0	0	0	yes	5	NA	0.012241570417543146	no	yes	no	0.81410023330295289	NA
product:4x4	1024	exponential_excess	0.78000000000000003	0.48235321215233368	226	0.220703125	ok	0	0.093822597505936869	infinite	0.0040167052903905031	0.00088649940979321652	1	no	5	0.15774997297547877	NA	yes	yes	yes	0.81410023330295289	NA
product:4x4	1024	gpd_excess	0.78000000000000003	0.48235321215233368	226	0.220703125	ok	-0.33174282928272775	0.12496320101636996	0.8590401816538511	0	0	0	yes	5	NA	0.012943779770883901	no	yes	no	0.81410023330295289	NA
product:4x4	1024	exponential_excess	0.79000000000000004	0.4859891644691085	215	0.2099609375	ok	0	0.094883627640579796	infinite	0.004439220917317464	0.00093206298556958471	1	no	5	0.067771110312937033	NA	yes	yes	yes	0.81410023330295289	NA
product:4x4	1024	gpd_excess	0.79000000000000004	0.4859891644691085	215	0.2099609375	ok	-0.34825998850843193	0.12756367486109421	0.85227779672755033	0	0	0	yes	5	NA	0.013816024919841019	no	yes	no	0.81410023330295289	NA
product:4x4	1024	exponential_excess	0.80000000000000004	0.48904670981986331	205	0.2001953125	ok	0	0.09637048581908865	infinite	0.0049817771002700221	0.0009973284233939009	1	no	5	0.051159745610619201	NA	yes	yes	yes	0.81410023330295289	NA
product:4x4	1024	gpd_excess	0.80000000000000004	0.48904670981986331	205	0.2001953125	ok	-0.3662856755124565	0.13078218764884858	0.8460964018829672	0	0	0	yes	5	NA	0.014780026970619753	no	yes	no	0.81410023330295289	NA
product:4x4	1024	exponential_excess	0.81000000000000005	0.4951075357284061	195	0.1904296875	ok	0	0.095138733956049423	infinite	0.0049572330992754439	0.00094400434995967921	1	no	5	0.047759176378829427	NA	yes	yes	yes	0.81410023330295289	NA
product:4x4	1024	gpd_excess	0.81000000000000005	0.4951075357284061	195	0.1904296875	ok	-0.36903389242026885	0.1292048994507301	0.84522415673401008	0	0	0	yes	5	NA	0.011939972020431844	no	yes	no	0.81410023330295289	NA
product:4x4	1024	exponential_excess	0.81999999999999995	0.50130339369441712	185	0.1806640625	ok	0	0.093929163451210745	infinite	0.0049454663168294992	0.00089346803575532949	1	no	5	0.24721271650153076	NA	yes	yes	yes	0.81410023330295289	NA
product:4x4	1024	gpd_excess	0.81999999999999995	0.50130339369441712	185	0.1806640625	ok	-0.37237839788558558	0.12770968920104436	0.84426015468323135	0	0	0	yes	5	NA	0.014888620996871715	no	yes	no	0.81410023330295289	NA
product:4x4	1024	exponential_excess	0.82999999999999996	0.50648897009208238	174	0.169921875	ok	0	0.094497000226597822	infinite	0.0053938022173091174	0.00091652498614432272	1	no	5	0.28313007271858925	NA	yes	yes	yes	0.81410023330295289	NA
product:4x4	1024	gpd_excess	0.82999999999999996	0.50648897009208238	174	0.169921875	ok	-0.38735334663731458	0.12931747110616854	0.84033782470711849	0	0	0	yes	5	NA	0.016833363799969803	no	yes	no	0.81410023330295289	NA
product:4x4	1024	exponential_excess	0.83999999999999997	0.52152535560099555	164	0.16015625	ok	0	0.084714965169094339	infinite	0.0035243707522331922	0.00056445000328734715	1	no	5	0.31963741693495606	NA	yes	yes	yes	0.81410023330295289	NA
product:4x4	1024	gpd_excess	0.83999999999999997	0.52152535560099555	164	0.16015625	ok	-0.33825885018359253	0.11287734704325039	0.8552264457039902	0	0	0	yes	5	NA	0.017393944952636575	no	yes	no	0.81410023330295289	NA
product:4x4	1024	exponential_excess	0.84999999999999998	0.52925651476439417	154	0.150390625	ok	0	0.082257665970465008	infinite	0.0032705678148719271	0.00049186273778347345	1	no	5	0.37521703118468164	NA	yes	yes	yes	0.81410023330295289	NA
product:4x4	1024	gpd_excess	0.84999999999999998	0.52925651476439417	154	0.150390625	ok	-0.33309935925166556	0.10922816771291037	0.85717118850708829	0	0	0	yes	5	NA	0.017611772987729979	no	yes	no	0.81410023330295289	NA
product:4x4	1024	exponential_excess	0.85999999999999999	0.53659645749449936	144	0.140625	ok	0	0.080322942316249618	infinite	0.0031220823688983719	0.00043904283312633355	1	no	5	0.16469820196950602	NA	yes	yes	yes	0.81410023330295289	NA
product:4x4	1024	gpd_excess	0.85999999999999999	0.53659645749449936	144	0.140625	ok	-0.33175946385705779	0.10653967898951411	0.85773176965975506	0	0	0	yes	5	NA	0.0059903436897431606	no	yes	no	0.81410023330295289	NA
product:4x4	1024	exponential_excess	0.87	0.54498783757706193	133	0.1298828125	ok	0	0.078210782275051183	infinite	0.0029742371478613467	0.00038630228580621007	1	no	5	0.17556309110583435	NA	yes	yes	yes	0.81410023330295289	NA
product:4x4	1024	gpd_excess	0.87	0.54498783757706193	133	0.1298828125	ok	-0.33124339396362668	0.10366651560224599	0.85794959769484846	0	0	0	yes	5	NA	0.0059903436897431606	no	yes	no	0.81410023330295289	NA
product:4x4	1024	exponential_excess	0.88	0.55086714042235208	123	0.1201171875	ok	0	0.078425394679327964	infinite	0.0032572224692418959	0.00039124840206714181	1	no	5	0.24717980492887248	NA	yes	yes	yes	0.81410023330295289	NA
product:4x4	1024	gpd_excess	0.88	0.55086714042235208	123	0.1201171875	ok	-0.34862745165867609	0.10496897627287992	0.8519592540051053	0	0	0	yes	5	NA	0.0072715121072903788	no	yes	no	0.81410023330295289	NA
product:4x4	1024	exponential_excess	0.89000000000000001	0.56016759458918908	113	0.1103515625	ok	0	0.07560536865861768	infinite	0.0029751053221300579	0.00032830752089911774	1	no	5	0.42108297178345255	NA	yes	yes	yes	0.81410023330295289	NA
product:4x4	1024	gpd_excess	0.89000000000000001	0.56016759458918908	113	0.1103515625	ok	-0.34353682348653664	0.10081892340607312	0.85364100562812029	0	0	0	yes	5	NA	0.027561398588762831	no	yes	no	0.81410023330295289	NA
product:4x4	1024	exponential_excess	0.90000000000000002	0.57117934794252334	103	0.1005859375	ok	0	0.071430544528220147	infinite	0.0024705282207939166	0.00024850039720876308	1	no	5	0.60120531663024801	NA	yes	yes	yes	0.81410023330295289	NA
product:4x4	1024	gpd_excess	0.90000000000000002	0.57117934794252334	103	0.1005859375	ok	-0.32709286678401139	0.094219564150383628	0.85923076611239568	0	0	0	yes	5	NA	0.0472834104214368	no	yes	no	0.81410023330295289	NA
product:4x4	1024	exponential_excess	0.91000000000000003	0.58483857379736992	93	0.0908203125	ok	0	0.064698381796099116	infinite	0.0016337538089914994	0.00014837803148067327	1	no	5	0.63204682150380842	NA	yes	yes	yes	0.81410023330295289	NA
product:4x4	1024	gpd_excess	0.91000000000000003	0.58483857379736992	93	0.0908203125	ok	-0.28077109924749571	0.08273821119222996	0.87952065259386814	0	0	0	yes	5	NA	0.052620746885987391	no	yes	no	0.81410023330295289	NA
product:4x4	1024	exponential_excess	0.92000000000000004	0.59710630098210182	82	0.080078125	ok	0	0.060081899143682511	infinite	0.0012238645756058267	9.8004780468435342e-05	1	no	5	0.81273338955956831	NA	yes	yes	yes	0.81410023330295289	NA
product:4x4	1024	gpd_excess	0.92000000000000004	0.59710630098210182	82	0.080078125	ok	-0.24847373730856948	0.075072951401860322	0.8992426644265421	0	0	0	yes	5	NA	0.13977845434364211	no	yes	no	0.81410023330295289	NA
product:4x4	1024	exponential_excess	0.93000000000000005	0.60713691340523135	72	0.0703125	ok	0	0.057586862200509979	infinite	0.0010894353681929669	7.6600924326067989e-05	1	no	5	0.58877590733679419	NA	yes	yes	yes	0.81410023330295289	NA
product:4x4	1024	gpd_excess	0.93000000000000005	0.60713691340523135	72	0.0703125	ok	-0.23888763443483862	0.071457225215421166	0.90626175251410768	0	0	0	yes	5	NA	0.11948856786216966	no	yes	no	0.81410023330295289	NA
product:4x4	1024	exponential_excess	0.93999999999999995	0.6214826888984093	62	0.060546875	ok	0	0.051379303162461386	infinite	0.00063168703716406981	3.824667607829329e-05	1	no	5	0.40865356248999873	NA	yes	yes	yes	0.81410023330295289	NA
product:4x4	1024	gpd_excess	0.93999999999999995	0.6214826888984093	62	0.060546875	ok	-0.15804228854878466	0.059665157035252582	0.99900922045603779	0	0	0	yes	5	NA	0.11151627143277532	no	yes	no	0.81410023330295289	NA
product:4x4	1024	exponential_excess	0.94999999999999996	0.62968664795605112	52	0.05078125	ok	0	0.052338957398188897	infinite	0.00084574644113167218	4.2948061463717731e-05	1	no	5	0.6557800810717751	NA	yes	yes	yes	0.81410023330295289	NA
product:4x4	1024	gpd_excess	0.94999999999999996	0.62968664795605112	52	0.05078125	ok	-0.21384111810744488	0.063768606669503292	0.92789219062190376	0	0	0	yes	5	NA	0.11151627143277532	no	yes	no	0.81410023330295289	NA
product:4x4	1024	exponential_excess	0.95999999999999996	0.64199125896993015	41	0.0400390625	ok	0	0.052397965699876516	infinite	0.0010781667467569911	4.3168785758824838e-05	1	no	5	0.48323791817918504	NA	yes	yes	yes	0.81410023330295289	NA
product:4x4	1024	gpd_excess	0.95999999999999996	0.64199125896993015	41	0.0400390625	ok	-0.27306756037234942	0.067038547570152138	0.88749294902326248	0	0	0	yes	5	NA	0.11151627143277532	no	yes	no	0.81410023330295289	NA
product:4x4	1024	exponential_excess	0.96999999999999997	0.66259266423843433	31	0.0302734375	ok	0	0.04505127968746471	infinite	0.00055897475199057902	1.6922087218464796e-05	0.99999995525250618	no	4	0.48323791817918504	NA	yes	yes	yes	0.81410023330295289	NA
product:4x4	1024	gpd_excess	0.96999999999999997	0.66259266423843433	31	0.0302734375	ok	-0.16501496388890774	0.052732516497367585	0.98215469215772322	0	0	0	yes	4	NA	0.094661743134460741	no	yes	no	0.81410023330295289	NA
product:4x4	1024	exponential_excess	0.97999999999999998	0.68171256199062102	21	0.0205078125	ok	0	0.043743996249101691	infinite	0.00069185100608648153	1.4188350710757922e-05	0.99999931129400277	no	3	0.48323791817918504	NA	yes	yes	yes	0.81410023330295289	NA
product:4x4	1024	gpd_excess	0.97999999999999998	0.68171256199062102	21	0.0205078125	ok	-0.26714598716543314	0.056244734230058026	0.89225188106048914	0	0	0	yes	3	NA	0.094661743134460741	no	yes	no	0.81410023330295289	NA
product:4x4	1024	exponential_excess	0.98999999999999999	0.7101813936783582	11	0.0107421875	insufficient_tail_rows	NA	NA	NA	NA	NA	NA	NA	2	0.076522014207327516	NA	yes	yes	no	0.81410023330295289	NA
product:4x4	1024	gpd_excess	0.98999999999999999	0.7101813936783582	11	0.0107421875	insufficient_tail_rows	NA	NA	NA	NA	NA	NA	NA	2	NA	0.089902811097234081	no	yes	no	0.81410023330295289	NA
